id,label
1.png,frog
2.png,truck
3.png,truck
4.png,deer
5.png,automobile
6.png,automobile
7.png,bird
8.png,horse
9.png,ship
10.png,cat
11.png,deer
12.png,horse
13.png,horse
14.png,bird
15.png,truck
16.png,truck
17.png,truck
18.png,cat
19.png,bird
20.png,frog
21.png,deer
22.png,cat
23.png,frog
24.png,frog
25.png,bird
26.png,frog
27.png,cat
28.png,dog
29.png,deer
30.png,airplane
31.png,airplane
32.png,truck
33.png,automobile
34.png,cat
35.png,deer
36.png,airplane
37.png,cat
38.png,horse
39.png,cat
40.png,cat
41.png,dog
42.png,bird
43.png,bird
44.png,horse
45.png,automobile
46.png,automobile
47.png,automobile
48.png,bird
49.png,bird
50.png,airplane
51.png,truck
52.png,dog
53.png,horse
54.png,truck
55.png,bird
56.png,bird
57.png,dog
58.png,bird
59.png,deer
60.png,cat
61.png,automobile
62.png,automobile
63.png,ship
64.png,bird
65.png,automobile
66.png,automobile
67.png,deer
68.png,truck
69.png,horse
70.png,ship
71.png,dog
72.png,truck
73.png,frog
74.png,horse
75.png,cat
76.png,automobile
77.png,truck
78.png,airplane
79.png,cat
80.png,automobile
81.png,cat
82.png,dog
83.png,deer
84.png,dog
85.png,horse
86.png,horse
87.png,deer
88.png,horse
89.png,truck
90.png,deer
91.png,bird
92.png,cat
93.png,ship
94.png,airplane
95.png,automobile
96.png,frog
97.png,automobile
98.png,automobile
99.png,deer
100.png,automobile
101.png,ship
102.png,cat
103.png,truck
104.png,frog
105.png,frog
106.png,automobile
107.png,ship
108.png,dog
109.png,bird
110.png,truck
111.png,truck
112.png,ship
113.png,automobile
114.png,horse
115.png,horse
116.png,airplane
117.png,airplane
118.png,frog
119.png,truck
120.png,automobile
121.png,bird
122.png,bird
123.png,truck
124.png,bird
125.png,frog
126.png,frog
127.png,automobile
128.png,truck
129.png,dog
130.png,airplane
131.png,deer
132.png,horse
133.png,frog
134.png,horse
135.png,automobile
136.png,ship
137.png,automobile
138.png,automobile
139.png,bird
140.png,ship
141.png,automobile
142.png,cat
143.png,cat
144.png,frog
145.png,bird
146.png,deer
147.png,truck
148.png,truck
149.png,dog
150.png,deer
151.png,cat
152.png,frog
153.png,horse
154.png,deer
155.png,frog
156.png,ship
157.png,dog
158.png,dog
159.png,deer
160.png,cat
161.png,automobile
162.png,ship
163.png,deer
164.png,horse
165.png,frog
166.png,airplane
167.png,truck
168.png,dog
169.png,automobile
170.png,cat
171.png,ship
172.png,bird
173.png,horse
174.png,dog
175.png,cat
176.png,deer
177.png,automobile
178.png,dog
179.png,horse
180.png,airplane
181.png,deer
182.png,horse
183.png,dog
184.png,dog
185.png,automobile
186.png,airplane
187.png,truck
188.png,frog
189.png,truck
190.png,airplane
191.png,ship
192.png,horse
193.png,ship
194.png,ship
195.png,bird
196.png,dog
197.png,bird
198.png,cat
199.png,dog
200.png,airplane
201.png,frog
202.png,automobile
203.png,truck
204.png,cat
205.png,frog
206.png,truck
207.png,automobile
208.png,cat
209.png,truck
210.png,frog
211.png,frog
212.png,horse
213.png,automobile
214.png,airplane
215.png,truck
216.png,dog
217.png,ship
218.png,dog
219.png,bird
220.png,truck
221.png,airplane
222.png,ship
223.png,ship
224.png,airplane
225.png,frog
226.png,truck
227.png,automobile
228.png,automobile
229.png,frog
230.png,cat
231.png,horse
232.png,frog
233.png,frog
234.png,airplane
235.png,frog
236.png,frog
237.png,automobile
238.png,horse
239.png,automobile
240.png,dog
241.png,ship
242.png,cat
243.png,frog
244.png,frog
245.png,ship
246.png,frog
247.png,ship
248.png,deer
249.png,frog
250.png,frog
251.png,automobile
252.png,cat
253.png,ship
254.png,cat
255.png,deer
256.png,automobile
257.png,horse
258.png,automobile
259.png,cat
260.png,ship
261.png,dog
262.png,automobile
263.png,automobile
264.png,deer
265.png,airplane
266.png,truck
267.png,cat
268.png,horse
269.png,deer
270.png,truck
271.png,truck
272.png,bird
273.png,deer
274.png,truck
275.png,truck
276.png,automobile
277.png,airplane
278.png,dog
279.png,truck
280.png,airplane
281.png,ship
282.png,bird
283.png,automobile
284.png,bird
285.png,airplane
286.png,dog
287.png,frog
288.png,cat
289.png,bird
290.png,horse
291.png,ship
292.png,ship
293.png,frog
294.png,airplane
295.png,horse
296.png,truck
297.png,deer
298.png,dog
299.png,frog
300.png,deer
301.png,bird
302.png,automobile
303.png,automobile
304.png,bird
305.png,automobile
306.png,dog
307.png,truck
308.png,truck
309.png,airplane
310.png,ship
311.png,deer
312.png,automobile
313.png,automobile
314.png,frog
315.png,cat
316.png,cat
317.png,truck
318.png,airplane
319.png,horse
320.png,truck
321.png,horse
322.png,horse
323.png,truck
324.png,automobile
325.png,dog
326.png,automobile
327.png,frog
328.png,frog
329.png,ship
330.png,horse
331.png,automobile
332.png,cat
333.png,airplane
334.png,cat
335.png,cat
336.png,bird
337.png,deer
338.png,dog
339.png,horse
340.png,dog
341.png,truck
342.png,airplane
343.png,cat
344.png,deer
345.png,airplane
346.png,deer
347.png,deer
348.png,frog
349.png,airplane
350.png,airplane
351.png,frog
352.png,frog
353.png,airplane
354.png,ship
355.png,automobile
356.png,frog
357.png,bird
358.png,truck
359.png,bird
360.png,dog
361.png,truck
362.png,frog
363.png,horse
364.png,deer
365.png,automobile
366.png,ship
367.png,horse
368.png,cat
369.png,frog
370.png,truck
371.png,cat
372.png,airplane
373.png,deer
374.png,airplane
375.png,dog
376.png,automobile
377.png,airplane
378.png,cat
379.png,deer
380.png,ship
381.png,dog
382.png,deer
383.png,horse
384.png,bird
385.png,cat
386.png,truck
387.png,horse
388.png,frog
389.png,horse
390.png,automobile
391.png,deer
392.png,horse
393.png,airplane
394.png,automobile
395.png,horse
396.png,cat
397.png,automobile
398.png,ship
399.png,deer
400.png,deer
401.png,bird
402.png,airplane
403.png,bird
404.png,bird
405.png,airplane
406.png,airplane
407.png,truck
408.png,airplane
409.png,truck
410.png,frog
411.png,ship
412.png,bird
413.png,horse
414.png,horse
415.png,deer
416.png,airplane
417.png,cat
418.png,airplane
419.png,ship
420.png,truck
421.png,deer
422.png,bird
423.png,horse
424.png,bird
425.png,dog
426.png,bird
427.png,dog
428.png,automobile
429.png,truck
430.png,deer
431.png,ship
432.png,dog
433.png,automobile
434.png,horse
435.png,deer
436.png,deer
437.png,airplane
438.png,frog
439.png,truck
440.png,airplane
441.png,horse
442.png,ship
443.png,ship
444.png,truck
445.png,truck
446.png,cat
447.png,cat
448.png,deer
449.png,airplane
450.png,deer
451.png,dog
452.png,frog
453.png,frog
454.png,airplane
455.png,automobile
456.png,airplane
457.png,ship
458.png,airplane
459.png,deer
460.png,ship
461.png,ship
462.png,automobile
463.png,dog
464.png,bird
465.png,frog
466.png,ship
467.png,automobile
468.png,airplane
469.png,airplane
470.png,horse
471.png,horse
472.png,dog
473.png,truck
474.png,frog
475.png,bird
476.png,ship
477.png,cat
478.png,deer
479.png,horse
480.png,cat
481.png,truck
482.png,airplane
483.png,automobile
484.png,bird
485.png,deer
486.png,ship
487.png,automobile
488.png,ship
489.png,frog
490.png,deer
491.png,deer
492.png,dog
493.png,horse
494.png,automobile
495.png,cat
496.png,truck
497.png,ship
498.png,airplane
499.png,automobile
500.png,horse
501.png,dog
502.png,ship
503.png,bird
504.png,ship
505.png,airplane
506.png,deer
507.png,automobile
508.png,ship
509.png,truck
510.png,ship
511.png,bird
512.png,truck
513.png,truck
514.png,bird
515.png,horse
516.png,dog
517.png,horse
518.png,cat
519.png,ship
520.png,ship
521.png,deer
522.png,deer
523.png,bird
524.png,horse
525.png,automobile
526.png,frog
527.png,deer
528.png,airplane
529.png,deer
530.png,frog
531.png,truck
532.png,horse
533.png,frog
534.png,bird
535.png,dog
536.png,dog
537.png,automobile
538.png,horse
539.png,bird
540.png,bird
541.png,bird
542.png,truck
543.png,dog
544.png,deer
545.png,bird
546.png,horse
547.png,ship
548.png,automobile
549.png,cat
550.png,deer
551.png,cat
552.png,horse
553.png,frog
554.png,truck
555.png,ship
556.png,airplane
557.png,frog
558.png,airplane
559.png,bird
560.png,bird
561.png,bird
562.png,automobile
563.png,ship
564.png,deer
565.png,airplane
566.png,automobile
567.png,ship
568.png,ship
569.png,automobile
570.png,dog
571.png,horse
572.png,frog
573.png,deer
574.png,dog
575.png,ship
576.png,horse
577.png,automobile
578.png,truck
579.png,automobile
580.png,truck
581.png,ship
582.png,deer
583.png,horse
584.png,cat
585.png,ship
586.png,ship
587.png,bird
588.png,frog
589.png,frog
590.png,horse
591.png,automobile
592.png,frog
593.png,ship
594.png,automobile
595.png,truck
596.png,horse
597.png,ship
598.png,cat
599.png,airplane
600.png,automobile
601.png,airplane
602.png,ship
603.png,ship
604.png,cat
605.png,airplane
606.png,airplane
607.png,automobile
608.png,dog
609.png,airplane
610.png,ship
611.png,ship
612.png,horse
613.png,truck
614.png,truck
615.png,airplane
616.png,truck
617.png,deer
618.png,automobile
619.png,cat
620.png,frog
621.png,frog
622.png,deer
623.png,deer
624.png,horse
625.png,dog
626.png,frog
627.png,airplane
628.png,ship
629.png,airplane
630.png,cat
631.png,bird
632.png,ship
633.png,deer
634.png,frog
635.png,truck
636.png,truck
637.png,horse
638.png,airplane
639.png,cat
640.png,cat
641.png,frog
642.png,horse
643.png,deer
644.png,truck
645.png,automobile
646.png,frog
647.png,bird
648.png,horse
649.png,bird
650.png,bird
651.png,airplane
652.png,frog
653.png,horse
654.png,dog
655.png,horse
656.png,frog
657.png,ship
658.png,truck
659.png,airplane
660.png,truck
661.png,deer
662.png,deer
663.png,horse
664.png,airplane
665.png,truck
666.png,deer
667.png,truck
668.png,frog
669.png,truck
670.png,deer
671.png,dog
672.png,horse
673.png,truck
674.png,bird
675.png,deer
676.png,dog
677.png,automobile
678.png,deer
679.png,cat
680.png,truck
681.png,frog
682.png,dog
683.png,frog
684.png,truck
685.png,cat
686.png,cat
687.png,dog
688.png,airplane
689.png,horse
690.png,bird
691.png,automobile
692.png,cat
693.png,frog
694.png,deer
695.png,airplane
696.png,airplane
697.png,bird
698.png,dog
699.png,airplane
700.png,automobile
701.png,airplane
702.png,bird
703.png,cat
704.png,truck
705.png,ship
706.png,deer
707.png,truck
708.png,ship
709.png,airplane
710.png,bird
711.png,frog
712.png,deer
713.png,deer
714.png,airplane
715.png,automobile
716.png,ship
717.png,ship
718.png,cat
719.png,frog
720.png,truck
721.png,frog
722.png,frog
723.png,horse
724.png,ship
725.png,bird
726.png,deer
727.png,dog
728.png,horse
729.png,frog
730.png,dog
731.png,cat
732.png,airplane
733.png,dog
734.png,airplane
735.png,dog
736.png,airplane
737.png,ship
738.png,bird
739.png,frog
740.png,horse
741.png,cat
742.png,ship
743.png,bird
744.png,automobile
745.png,horse
746.png,frog
747.png,horse
748.png,automobile
749.png,airplane
750.png,truck
751.png,dog
752.png,dog
753.png,airplane
754.png,automobile
755.png,horse
756.png,frog
757.png,truck
758.png,airplane
759.png,deer
760.png,horse
761.png,horse
762.png,automobile
763.png,dog
764.png,truck
765.png,deer
766.png,airplane
767.png,ship
768.png,dog
769.png,truck
770.png,truck
771.png,frog
772.png,horse
773.png,automobile
774.png,ship
775.png,cat
776.png,bird
777.png,cat
778.png,ship
779.png,bird
780.png,bird
781.png,deer
782.png,frog
783.png,airplane
784.png,airplane
785.png,dog
786.png,cat
787.png,ship
788.png,bird
789.png,cat
790.png,horse
791.png,bird
792.png,truck
793.png,cat
794.png,ship
795.png,horse
796.png,ship
797.png,bird
798.png,horse
799.png,truck
800.png,airplane
801.png,bird
802.png,cat
803.png,bird
804.png,bird
805.png,bird
806.png,cat
807.png,cat
808.png,frog
809.png,bird
810.png,cat
811.png,bird
812.png,ship
813.png,airplane
814.png,dog
815.png,dog
816.png,automobile
817.png,deer
818.png,dog
819.png,frog
820.png,frog
821.png,bird
822.png,horse
823.png,airplane
824.png,automobile
825.png,horse
826.png,horse
827.png,ship
828.png,bird
829.png,truck
830.png,bird
831.png,bird
832.png,deer
833.png,bird
834.png,automobile
835.png,automobile
836.png,automobile
837.png,frog
838.png,frog
839.png,frog
840.png,dog
841.png,automobile
842.png,automobile
843.png,horse
844.png,airplane
845.png,deer
846.png,cat
847.png,cat
848.png,horse
849.png,automobile
850.png,bird
851.png,cat
852.png,dog
853.png,dog
854.png,dog
855.png,frog
856.png,automobile
857.png,deer
858.png,cat
859.png,horse
860.png,ship
861.png,ship
862.png,cat
863.png,frog
864.png,frog
865.png,bird
866.png,cat
867.png,airplane
868.png,truck
869.png,deer
870.png,cat
871.png,ship
872.png,airplane
873.png,airplane
874.png,automobile
875.png,automobile
876.png,dog
877.png,deer
878.png,truck
879.png,cat
880.png,automobile
881.png,ship
882.png,truck
883.png,cat
884.png,truck
885.png,truck
886.png,bird
887.png,truck
888.png,deer
889.png,ship
890.png,bird
891.png,truck
892.png,ship
893.png,ship
894.png,automobile
895.png,dog
896.png,cat
897.png,frog
898.png,ship
899.png,horse
900.png,frog
901.png,truck
902.png,ship
903.png,airplane
904.png,frog
905.png,deer
906.png,airplane
907.png,airplane
908.png,bird
909.png,dog
910.png,ship
911.png,bird
912.png,airplane
913.png,bird
914.png,horse
915.png,frog
916.png,truck
917.png,horse
918.png,automobile
919.png,dog
920.png,dog
921.png,frog
922.png,frog
923.png,cat
924.png,frog
925.png,bird
926.png,deer
927.png,horse
928.png,airplane
929.png,dog
930.png,frog
931.png,deer
932.png,frog
933.png,dog
934.png,bird
935.png,deer
936.png,frog
937.png,automobile
938.png,frog
939.png,airplane
940.png,deer
941.png,airplane
942.png,cat
943.png,automobile
944.png,ship
945.png,dog
946.png,deer
947.png,deer
948.png,automobile
949.png,horse
950.png,cat
951.png,truck
952.png,deer
953.png,horse
954.png,truck
955.png,horse
956.png,cat
957.png,horse
958.png,bird
959.png,ship
960.png,deer
961.png,frog
962.png,frog
963.png,automobile
964.png,bird
965.png,truck
966.png,airplane
967.png,deer
968.png,ship
969.png,horse
970.png,cat
971.png,truck
972.png,ship
973.png,horse
974.png,horse
975.png,airplane
976.png,bird
977.png,deer
978.png,automobile
979.png,automobile
980.png,deer
981.png,automobile
982.png,dog
983.png,deer
984.png,airplane
985.png,dog
986.png,frog
987.png,bird
988.png,ship
989.png,dog
990.png,airplane
991.png,bird
992.png,automobile
993.png,cat
994.png,dog
995.png,horse
996.png,cat
997.png,dog
998.png,automobile
999.png,cat
1000.png,dog
1001.png,truck
1002.png,deer
1003.png,cat
1004.png,bird
1005.png,deer
1006.png,deer
1007.png,automobile
1008.png,deer
1009.png,bird
1010.png,bird
1011.png,cat
1012.png,ship
1013.png,airplane
1014.png,frog
1015.png,ship
1016.png,dog
1017.png,frog
1018.png,frog
1019.png,deer
1020.png,horse
1021.png,automobile
1022.png,automobile
1023.png,deer
1024.png,frog
1025.png,bird
1026.png,cat
1027.png,truck
1028.png,frog
1029.png,truck
1030.png,automobile
1031.png,cat
1032.png,frog
1033.png,ship
1034.png,dog
1035.png,truck
1036.png,frog
1037.png,ship
1038.png,automobile
1039.png,frog
1040.png,airplane
1041.png,bird
1042.png,cat
1043.png,horse
1044.png,truck
1045.png,airplane
1046.png,truck
1047.png,horse
1048.png,frog
1049.png,cat
1050.png,truck
1051.png,bird
1052.png,frog
1053.png,automobile
1054.png,frog
1055.png,horse
1056.png,cat
1057.png,ship
1058.png,cat
1059.png,ship
1060.png,cat
1061.png,ship
1062.png,dog
1063.png,truck
1064.png,frog
1065.png,automobile
1066.png,bird
1067.png,dog
1068.png,bird
1069.png,automobile
1070.png,deer
1071.png,cat
1072.png,horse
1073.png,dog
1074.png,truck
1075.png,cat
1076.png,truck
1077.png,cat
1078.png,bird
1079.png,truck
1080.png,automobile
1081.png,ship
1082.png,dog
1083.png,truck
1084.png,horse
1085.png,bird
1086.png,frog
1087.png,airplane
1088.png,ship
1089.png,dog
1090.png,horse
1091.png,automobile
1092.png,dog
1093.png,ship
1094.png,dog
1095.png,horse
1096.png,automobile
1097.png,dog
1098.png,airplane
1099.png,cat
1100.png,truck
1101.png,cat
1102.png,frog
1103.png,truck
1104.png,automobile
1105.png,cat
1106.png,truck
1107.png,ship
1108.png,bird
1109.png,bird
1110.png,cat
1111.png,bird
1112.png,dog
1113.png,truck
1114.png,horse
1115.png,truck
1116.png,truck
1117.png,ship
1118.png,truck
1119.png,horse
1120.png,airplane
1121.png,cat
1122.png,cat
1123.png,bird
1124.png,airplane
1125.png,cat
1126.png,horse
1127.png,frog
1128.png,cat
1129.png,cat
1130.png,bird
1131.png,airplane
1132.png,frog
1133.png,frog
1134.png,dog
1135.png,dog
1136.png,horse
1137.png,dog
1138.png,truck
1139.png,ship
1140.png,bird
1141.png,truck
1142.png,ship
1143.png,airplane
1144.png,deer
1145.png,airplane
1146.png,automobile
1147.png,bird
1148.png,airplane
1149.png,deer
1150.png,horse
1151.png,cat
1152.png,ship
1153.png,dog
1154.png,automobile
1155.png,frog
1156.png,frog
1157.png,dog
1158.png,dog
1159.png,deer
1160.png,frog
1161.png,cat
1162.png,frog
1163.png,ship
1164.png,bird
1165.png,cat
1166.png,horse
1167.png,airplane
1168.png,horse
1169.png,airplane
1170.png,deer
1171.png,automobile
1172.png,truck
1173.png,dog
1174.png,horse
1175.png,ship
1176.png,frog
1177.png,frog
1178.png,ship
1179.png,airplane
1180.png,horse
1181.png,bird
1182.png,ship
1183.png,deer
1184.png,ship
1185.png,bird
1186.png,airplane
1187.png,truck
1188.png,airplane
1189.png,airplane
1190.png,bird
1191.png,truck
1192.png,frog
1193.png,frog
1194.png,dog
1195.png,frog
1196.png,airplane
1197.png,cat
1198.png,horse
1199.png,dog
1200.png,dog
1201.png,horse
1202.png,truck
1203.png,cat
1204.png,deer
1205.png,dog
1206.png,airplane
1207.png,dog
1208.png,bird
1209.png,cat
1210.png,bird
1211.png,frog
1212.png,airplane
1213.png,deer
1214.png,truck
1215.png,airplane
1216.png,horse
1217.png,airplane
1218.png,truck
1219.png,horse
1220.png,bird
1221.png,frog
1222.png,deer
1223.png,frog
1224.png,truck
1225.png,dog
1226.png,deer
1227.png,horse
1228.png,airplane
1229.png,frog
1230.png,ship
1231.png,ship
1232.png,truck
1233.png,truck
1234.png,truck
1235.png,airplane
1236.png,truck
1237.png,ship
1238.png,frog
1239.png,deer
1240.png,ship
1241.png,automobile
1242.png,truck
1243.png,automobile
1244.png,airplane
1245.png,dog
1246.png,ship
1247.png,frog
1248.png,truck
1249.png,frog
1250.png,airplane
1251.png,ship
1252.png,automobile
1253.png,cat
1254.png,truck
1255.png,deer
1256.png,ship
1257.png,deer
1258.png,cat
1259.png,bird
1260.png,frog
1261.png,airplane
1262.png,ship
1263.png,truck
1264.png,truck
1265.png,deer
1266.png,cat
1267.png,airplane
1268.png,bird
1269.png,deer
1270.png,deer
1271.png,airplane
1272.png,cat
1273.png,dog
1274.png,horse
1275.png,dog
1276.png,horse
1277.png,horse
1278.png,truck
1279.png,airplane
1280.png,truck
1281.png,dog
1282.png,cat
1283.png,ship
1284.png,bird
1285.png,deer
1286.png,bird
1287.png,cat
1288.png,automobile
1289.png,bird
1290.png,ship
1291.png,truck
1292.png,bird
1293.png,ship
1294.png,automobile
1295.png,deer
1296.png,bird
1297.png,airplane
1298.png,deer
1299.png,dog
1300.png,deer
1301.png,ship
1302.png,automobile
1303.png,horse
1304.png,deer
1305.png,automobile
1306.png,automobile
1307.png,airplane
1308.png,bird
1309.png,horse
1310.png,horse
1311.png,deer
1312.png,deer
1313.png,deer
1314.png,deer
1315.png,ship
1316.png,deer
1317.png,cat
1318.png,frog
1319.png,frog
1320.png,airplane
1321.png,automobile
1322.png,cat
1323.png,truck
1324.png,ship
1325.png,deer
1326.png,ship
1327.png,truck
1328.png,frog
1329.png,bird
1330.png,airplane
1331.png,dog
1332.png,dog
1333.png,truck
1334.png,deer
1335.png,bird
1336.png,airplane
1337.png,ship
1338.png,ship
1339.png,airplane
1340.png,deer
1341.png,airplane
1342.png,horse
1343.png,frog
1344.png,truck
1345.png,dog
1346.png,cat
1347.png,dog
1348.png,deer
1349.png,deer
1350.png,deer
1351.png,deer
1352.png,cat
1353.png,horse
1354.png,truck
1355.png,bird
1356.png,dog
1357.png,automobile
1358.png,ship
1359.png,cat
1360.png,bird
1361.png,frog
1362.png,truck
1363.png,frog
1364.png,cat
1365.png,automobile
1366.png,horse
1367.png,deer
1368.png,frog
1369.png,cat
1370.png,horse
1371.png,ship
1372.png,frog
1373.png,bird
1374.png,deer
1375.png,frog
1376.png,ship
1377.png,airplane
1378.png,automobile
1379.png,truck
1380.png,truck
1381.png,automobile
1382.png,airplane
1383.png,airplane
1384.png,ship
1385.png,truck
1386.png,deer
1387.png,horse
1388.png,deer
1389.png,deer
1390.png,automobile
1391.png,truck
1392.png,ship
1393.png,ship
1394.png,frog
1395.png,automobile
1396.png,horse
1397.png,deer
1398.png,ship
1399.png,ship
1400.png,ship
1401.png,airplane
1402.png,dog
1403.png,frog
1404.png,frog
1405.png,ship
1406.png,cat
1407.png,deer
1408.png,deer
1409.png,automobile
1410.png,bird
1411.png,automobile
1412.png,dog
1413.png,horse
1414.png,automobile
1415.png,horse
1416.png,bird
1417.png,ship
1418.png,dog
1419.png,truck
1420.png,dog
1421.png,frog
1422.png,automobile
1423.png,truck
1424.png,dog
1425.png,airplane
1426.png,deer
1427.png,cat
1428.png,cat
1429.png,airplane
1430.png,ship
1431.png,bird
1432.png,ship
1433.png,airplane
1434.png,truck
1435.png,airplane
1436.png,deer
1437.png,frog
1438.png,truck
1439.png,bird
1440.png,ship
1441.png,bird
1442.png,horse
1443.png,horse
1444.png,bird
1445.png,bird
1446.png,horse
1447.png,automobile
1448.png,frog
1449.png,automobile
1450.png,cat
1451.png,deer
1452.png,deer
1453.png,ship
1454.png,frog
1455.png,airplane
1456.png,automobile
1457.png,truck
1458.png,deer
1459.png,bird
1460.png,horse
1461.png,dog
1462.png,cat
1463.png,truck
1464.png,airplane
1465.png,automobile
1466.png,truck
1467.png,airplane
1468.png,truck
1469.png,ship
1470.png,horse
1471.png,airplane
1472.png,deer
1473.png,truck
1474.png,airplane
1475.png,dog
1476.png,bird
1477.png,automobile
1478.png,airplane
1479.png,bird
1480.png,ship
1481.png,ship
1482.png,airplane
1483.png,dog
1484.png,horse
1485.png,frog
1486.png,frog
1487.png,dog
1488.png,cat
1489.png,horse
1490.png,horse
1491.png,horse
1492.png,deer
1493.png,bird
1494.png,airplane
1495.png,automobile
1496.png,horse
1497.png,cat
1498.png,bird
1499.png,horse
1500.png,cat
1501.png,bird
1502.png,bird
1503.png,automobile
1504.png,dog
1505.png,truck
1506.png,truck
1507.png,ship
1508.png,airplane
1509.png,ship
1510.png,deer
1511.png,cat
1512.png,cat
1513.png,ship
1514.png,dog
1515.png,airplane
1516.png,ship
1517.png,deer
1518.png,dog
1519.png,horse
1520.png,dog
1521.png,automobile
1522.png,dog
1523.png,airplane
1524.png,bird
1525.png,airplane
1526.png,dog
1527.png,deer
1528.png,bird
1529.png,cat
1530.png,frog
1531.png,bird
1532.png,frog
1533.png,bird
1534.png,bird
1535.png,cat
1536.png,deer
1537.png,frog
1538.png,frog
1539.png,dog
1540.png,cat
1541.png,airplane
1542.png,automobile
1543.png,bird
1544.png,horse
1545.png,horse
1546.png,dog
1547.png,cat
1548.png,automobile
1549.png,automobile
1550.png,horse
1551.png,frog
1552.png,automobile
1553.png,frog
1554.png,cat
1555.png,cat
1556.png,cat
1557.png,cat
1558.png,deer
1559.png,ship
1560.png,automobile
1561.png,airplane
1562.png,horse
1563.png,horse
1564.png,frog
1565.png,ship
1566.png,automobile
1567.png,bird
1568.png,dog
1569.png,cat
1570.png,deer
1571.png,automobile
1572.png,automobile
1573.png,truck
1574.png,cat
1575.png,automobile
1576.png,deer
1577.png,bird
1578.png,horse
1579.png,automobile
1580.png,frog
1581.png,dog
1582.png,horse
1583.png,horse
1584.png,horse
1585.png,frog
1586.png,frog
1587.png,automobile
1588.png,truck
1589.png,dog
1590.png,airplane
1591.png,truck
1592.png,dog
1593.png,horse
1594.png,airplane
1595.png,airplane
1596.png,deer
1597.png,frog
1598.png,ship
1599.png,airplane
1600.png,automobile
1601.png,dog
1602.png,airplane
1603.png,truck
1604.png,cat
1605.png,automobile
1606.png,automobile
1607.png,bird
1608.png,airplane
1609.png,cat
1610.png,bird
1611.png,truck
1612.png,automobile
1613.png,truck
1614.png,frog
1615.png,bird
1616.png,deer
1617.png,ship
1618.png,ship
1619.png,dog
1620.png,truck
1621.png,bird
1622.png,automobile
1623.png,truck
1624.png,deer
1625.png,deer
1626.png,cat
1627.png,airplane
1628.png,frog
1629.png,frog
1630.png,airplane
1631.png,deer
1632.png,automobile
1633.png,airplane
1634.png,truck
1635.png,dog
1636.png,frog
1637.png,dog
1638.png,frog
1639.png,truck
1640.png,deer
1641.png,deer
1642.png,bird
1643.png,frog
1644.png,ship
1645.png,deer
1646.png,horse
1647.png,frog
1648.png,dog
1649.png,truck
1650.png,ship
1651.png,horse
1652.png,automobile
1653.png,truck
1654.png,dog
1655.png,deer
1656.png,cat
1657.png,dog
1658.png,deer
1659.png,cat
1660.png,deer
1661.png,automobile
1662.png,dog
1663.png,dog
1664.png,deer
1665.png,airplane
1666.png,ship
1667.png,deer
1668.png,deer
1669.png,airplane
1670.png,truck
1671.png,bird
1672.png,ship
1673.png,truck
1674.png,ship
1675.png,airplane
1676.png,bird
1677.png,bird
1678.png,bird
1679.png,frog
1680.png,horse
1681.png,ship
1682.png,automobile
1683.png,truck
1684.png,ship
1685.png,airplane
1686.png,cat
1687.png,ship
1688.png,frog
1689.png,ship
1690.png,automobile
1691.png,frog
1692.png,dog
1693.png,deer
1694.png,bird
1695.png,automobile
1696.png,deer
1697.png,cat
1698.png,truck
1699.png,horse
1700.png,ship
1701.png,cat
1702.png,airplane
1703.png,ship
1704.png,cat
1705.png,deer
1706.png,bird
1707.png,truck
1708.png,automobile
1709.png,airplane
1710.png,airplane
1711.png,cat
1712.png,airplane
1713.png,deer
1714.png,dog
1715.png,truck
1716.png,airplane
1717.png,horse
1718.png,dog
1719.png,truck
1720.png,dog
1721.png,ship
1722.png,ship
1723.png,frog
1724.png,cat
1725.png,automobile
1726.png,truck
1727.png,dog
1728.png,bird
1729.png,deer
1730.png,horse
1731.png,frog
1732.png,automobile
1733.png,ship
1734.png,frog
1735.png,truck
1736.png,cat
1737.png,automobile
1738.png,cat
1739.png,horse
1740.png,deer
1741.png,airplane
1742.png,frog
1743.png,horse
1744.png,frog
1745.png,truck
1746.png,bird
1747.png,deer
1748.png,automobile
1749.png,truck
1750.png,ship
1751.png,dog
1752.png,ship
1753.png,bird
1754.png,bird
1755.png,dog
1756.png,airplane
1757.png,bird
1758.png,airplane
1759.png,horse
1760.png,airplane
1761.png,frog
1762.png,frog
1763.png,deer
1764.png,ship
1765.png,horse
1766.png,truck
1767.png,frog
1768.png,truck
1769.png,bird
1770.png,cat
1771.png,ship
1772.png,ship
1773.png,cat
1774.png,truck
1775.png,truck
1776.png,ship
1777.png,horse
1778.png,bird
1779.png,cat
1780.png,dog
1781.png,dog
1782.png,automobile
1783.png,ship
1784.png,horse
1785.png,deer
1786.png,cat
1787.png,dog
1788.png,bird
1789.png,bird
1790.png,bird
1791.png,automobile
1792.png,deer
1793.png,bird
1794.png,bird
1795.png,ship
1796.png,deer
1797.png,truck
1798.png,ship
1799.png,bird
1800.png,automobile
1801.png,bird
1802.png,dog
1803.png,frog
1804.png,cat
1805.png,deer
1806.png,dog
1807.png,horse
1808.png,frog
1809.png,horse
1810.png,frog
1811.png,dog
1812.png,airplane
1813.png,bird
1814.png,deer
1815.png,deer
1816.png,cat
1817.png,airplane
1818.png,deer
1819.png,bird
1820.png,frog
1821.png,automobile
1822.png,ship
1823.png,ship
1824.png,cat
1825.png,airplane
1826.png,horse
1827.png,deer
1828.png,truck
1829.png,horse
1830.png,truck
1831.png,bird
1832.png,airplane
1833.png,deer
1834.png,horse
1835.png,cat
1836.png,horse
1837.png,frog
1838.png,frog
1839.png,bird
1840.png,cat
1841.png,horse
1842.png,cat
1843.png,frog
1844.png,ship
1845.png,bird
1846.png,cat
1847.png,cat
1848.png,dog
1849.png,dog
1850.png,dog
1851.png,bird
1852.png,deer
1853.png,bird
1854.png,ship
1855.png,horse
1856.png,deer
1857.png,cat
1858.png,horse
1859.png,horse
1860.png,ship
1861.png,dog
1862.png,bird
1863.png,ship
1864.png,deer
1865.png,cat
1866.png,dog
1867.png,deer
1868.png,bird
1869.png,truck
1870.png,automobile
1871.png,deer
1872.png,airplane
1873.png,airplane
1874.png,dog
1875.png,frog
1876.png,dog
1877.png,frog
1878.png,ship
1879.png,airplane
1880.png,cat
1881.png,deer
1882.png,deer
1883.png,deer
1884.png,bird
1885.png,bird
1886.png,airplane
1887.png,dog
1888.png,airplane
1889.png,cat
1890.png,deer
1891.png,horse
1892.png,horse
1893.png,cat
1894.png,truck
1895.png,horse
1896.png,cat
1897.png,horse
1898.png,cat
1899.png,horse
1900.png,horse
1901.png,horse
1902.png,automobile
1903.png,horse
1904.png,deer
1905.png,deer
1906.png,horse
1907.png,truck
1908.png,automobile
1909.png,horse
1910.png,horse
1911.png,deer
1912.png,dog
1913.png,truck
1914.png,airplane
1915.png,ship
1916.png,horse
1917.png,cat
1918.png,frog
1919.png,bird
1920.png,cat
1921.png,ship
1922.png,bird
1923.png,dog
1924.png,deer
1925.png,ship
1926.png,deer
1927.png,airplane
1928.png,horse
1929.png,dog
1930.png,bird
1931.png,horse
1932.png,horse
1933.png,bird
1934.png,frog
1935.png,deer
1936.png,airplane
1937.png,bird
1938.png,deer
1939.png,cat
1940.png,ship
1941.png,truck
1942.png,deer
1943.png,dog
1944.png,dog
1945.png,frog
1946.png,horse
1947.png,automobile
1948.png,truck
1949.png,frog
1950.png,dog
1951.png,airplane
1952.png,cat
1953.png,deer
1954.png,deer
1955.png,airplane
1956.png,frog
1957.png,frog
1958.png,ship
1959.png,cat
1960.png,frog
1961.png,airplane
1962.png,cat
1963.png,cat
1964.png,cat
1965.png,ship
1966.png,cat
1967.png,cat
1968.png,ship
1969.png,deer
1970.png,cat
1971.png,ship
1972.png,bird
1973.png,truck
1974.png,automobile
1975.png,deer
1976.png,truck
1977.png,dog
1978.png,airplane
1979.png,frog
1980.png,dog
1981.png,airplane
1982.png,bird
1983.png,frog
1984.png,dog
1985.png,deer
1986.png,automobile
1987.png,dog
1988.png,truck
1989.png,airplane
1990.png,frog
1991.png,bird
1992.png,dog
1993.png,deer
1994.png,dog
1995.png,ship
1996.png,bird
1997.png,ship
1998.png,horse
1999.png,dog
2000.png,airplane
2001.png,horse
2002.png,truck
2003.png,truck
2004.png,ship
2005.png,bird
2006.png,automobile
2007.png,airplane
2008.png,bird
2009.png,horse
2010.png,dog
2011.png,airplane
2012.png,cat
2013.png,ship
2014.png,dog
2015.png,airplane
2016.png,horse
2017.png,truck
2018.png,dog
2019.png,ship
2020.png,frog
2021.png,truck
2022.png,airplane
2023.png,horse
2024.png,automobile
2025.png,truck
2026.png,cat
2027.png,dog
2028.png,airplane
2029.png,dog
2030.png,automobile
2031.png,horse
2032.png,ship
2033.png,truck
2034.png,bird
2035.png,airplane
2036.png,airplane
2037.png,ship
2038.png,automobile
2039.png,automobile
2040.png,automobile
2041.png,frog
2042.png,bird
2043.png,cat
2044.png,frog
2045.png,bird
2046.png,horse
2047.png,automobile
2048.png,truck
2049.png,cat
2050.png,horse
2051.png,frog
2052.png,cat
2053.png,automobile
2054.png,airplane
2055.png,dog
2056.png,truck
2057.png,deer
2058.png,cat
2059.png,truck
2060.png,dog
2061.png,airplane
2062.png,truck
2063.png,bird
2064.png,horse
2065.png,dog
2066.png,ship
2067.png,airplane
2068.png,automobile
2069.png,cat
2070.png,deer
2071.png,ship
2072.png,dog
2073.png,automobile
2074.png,dog
2075.png,horse
2076.png,horse
2077.png,bird
2078.png,ship
2079.png,deer
2080.png,bird
2081.png,bird
2082.png,dog
2083.png,cat
2084.png,cat
2085.png,automobile
2086.png,deer
2087.png,truck
2088.png,bird
2089.png,deer
2090.png,dog
2091.png,bird
2092.png,bird
2093.png,cat
2094.png,bird
2095.png,automobile
2096.png,dog
2097.png,ship
2098.png,truck
2099.png,bird
2100.png,frog
2101.png,frog
2102.png,automobile
2103.png,horse
2104.png,horse
2105.png,dog
2106.png,deer
2107.png,deer
2108.png,airplane
2109.png,dog
2110.png,ship
2111.png,ship
2112.png,frog
2113.png,frog
2114.png,horse
2115.png,bird
2116.png,frog
2117.png,deer
2118.png,dog
2119.png,automobile
2120.png,horse
2121.png,dog
2122.png,bird
2123.png,deer
2124.png,deer
2125.png,frog
2126.png,dog
2127.png,bird
2128.png,cat
2129.png,ship
2130.png,truck
2131.png,cat
2132.png,deer
2133.png,cat
2134.png,bird
2135.png,frog
2136.png,horse
2137.png,bird
2138.png,cat
2139.png,bird
2140.png,horse
2141.png,horse
2142.png,cat
2143.png,airplane
2144.png,automobile
2145.png,deer
2146.png,airplane
2147.png,frog
2148.png,dog
2149.png,dog
2150.png,automobile
2151.png,frog
2152.png,horse
2153.png,frog
2154.png,automobile
2155.png,cat
2156.png,deer
2157.png,airplane
2158.png,truck
2159.png,truck
2160.png,frog
2161.png,ship
2162.png,ship
2163.png,cat
2164.png,bird
2165.png,cat
2166.png,cat
2167.png,ship
2168.png,dog
2169.png,cat
2170.png,airplane
2171.png,truck
2172.png,airplane
2173.png,ship
2174.png,automobile
2175.png,cat
2176.png,deer
2177.png,ship
2178.png,bird
2179.png,deer
2180.png,frog
2181.png,automobile
2182.png,cat
2183.png,dog
2184.png,dog
2185.png,automobile
2186.png,automobile
2187.png,automobile
2188.png,truck
2189.png,dog
2190.png,airplane
2191.png,deer
2192.png,bird
2193.png,truck
2194.png,bird
2195.png,dog
2196.png,horse
2197.png,deer
2198.png,cat
2199.png,cat
2200.png,truck
2201.png,automobile
2202.png,horse
2203.png,bird
2204.png,frog
2205.png,automobile
2206.png,bird
2207.png,truck
2208.png,horse
2209.png,truck
2210.png,airplane
2211.png,deer
2212.png,horse
2213.png,ship
2214.png,deer
2215.png,truck
2216.png,truck
2217.png,deer
2218.png,bird
2219.png,truck
2220.png,truck
2221.png,ship
2222.png,ship
2223.png,frog
2224.png,cat
2225.png,bird
2226.png,deer
2227.png,frog
2228.png,automobile
2229.png,horse
2230.png,ship
2231.png,bird
2232.png,dog
2233.png,ship
2234.png,airplane
2235.png,deer
2236.png,deer
2237.png,dog
2238.png,bird
2239.png,deer
2240.png,frog
2241.png,dog
2242.png,frog
2243.png,dog
2244.png,horse
2245.png,horse
2246.png,deer
2247.png,dog
2248.png,bird
2249.png,airplane
2250.png,automobile
2251.png,automobile
2252.png,truck
2253.png,frog
2254.png,deer
2255.png,cat
2256.png,ship
2257.png,horse
2258.png,deer
2259.png,airplane
2260.png,automobile
2261.png,dog
2262.png,dog
2263.png,airplane
2264.png,horse
2265.png,airplane
2266.png,ship
2267.png,dog
2268.png,frog
2269.png,automobile
2270.png,bird
2271.png,cat
2272.png,dog
2273.png,ship
2274.png,truck
2275.png,frog
2276.png,horse
2277.png,frog
2278.png,airplane
2279.png,horse
2280.png,cat
2281.png,automobile
2282.png,truck
2283.png,deer
2284.png,automobile
2285.png,ship
2286.png,ship
2287.png,automobile
2288.png,airplane
2289.png,frog
2290.png,automobile
2291.png,horse
2292.png,bird
2293.png,dog
2294.png,deer
2295.png,dog
2296.png,frog
2297.png,frog
2298.png,deer
2299.png,ship
2300.png,frog
2301.png,deer
2302.png,horse
2303.png,truck
2304.png,truck
2305.png,deer
2306.png,dog
2307.png,automobile
2308.png,cat
2309.png,truck
2310.png,ship
2311.png,frog
2312.png,horse
2313.png,cat
2314.png,truck
2315.png,dog
2316.png,bird
2317.png,dog
2318.png,bird
2319.png,automobile
2320.png,horse
2321.png,automobile
2322.png,horse
2323.png,airplane
2324.png,ship
2325.png,cat
2326.png,ship
2327.png,cat
2328.png,deer
2329.png,automobile
2330.png,deer
2331.png,airplane
2332.png,horse
2333.png,truck
2334.png,ship
2335.png,dog
2336.png,dog
2337.png,frog
2338.png,cat
2339.png,truck
2340.png,automobile
2341.png,bird
2342.png,airplane
2343.png,airplane
2344.png,bird
2345.png,ship
2346.png,airplane
2347.png,bird
2348.png,truck
2349.png,cat
2350.png,bird
2351.png,airplane
2352.png,truck
2353.png,truck
2354.png,cat
2355.png,bird
2356.png,airplane
2357.png,frog
2358.png,truck
2359.png,horse
2360.png,cat
2361.png,horse
2362.png,dog
2363.png,automobile
2364.png,deer
2365.png,frog
2366.png,airplane
2367.png,horse
2368.png,dog
2369.png,ship
2370.png,frog
2371.png,horse
2372.png,dog
2373.png,bird
2374.png,dog
2375.png,dog
2376.png,cat
2377.png,cat
2378.png,bird
2379.png,bird
2380.png,truck
2381.png,truck
2382.png,ship
2383.png,ship
2384.png,cat
2385.png,dog
2386.png,deer
2387.png,cat
2388.png,bird
2389.png,ship
2390.png,automobile
2391.png,automobile
2392.png,airplane
2393.png,horse
2394.png,bird
2395.png,automobile
2396.png,ship
2397.png,horse
2398.png,horse
2399.png,dog
2400.png,horse
2401.png,frog
2402.png,airplane
2403.png,deer
2404.png,airplane
2405.png,cat
2406.png,horse
2407.png,cat
2408.png,frog
2409.png,bird
2410.png,frog
2411.png,dog
2412.png,frog
2413.png,cat
2414.png,airplane
2415.png,cat
2416.png,deer
2417.png,dog
2418.png,ship
2419.png,deer
2420.png,deer
2421.png,airplane
2422.png,airplane
2423.png,automobile
2424.png,airplane
2425.png,frog
2426.png,cat
2427.png,ship
2428.png,airplane
2429.png,automobile
2430.png,airplane
2431.png,horse
2432.png,automobile
2433.png,cat
2434.png,automobile
2435.png,ship
2436.png,airplane
2437.png,bird
2438.png,truck
2439.png,ship
2440.png,frog
2441.png,dog
2442.png,ship
2443.png,deer
2444.png,cat
2445.png,deer
2446.png,automobile
2447.png,airplane
2448.png,cat
2449.png,truck
2450.png,horse
2451.png,deer
2452.png,airplane
2453.png,cat
2454.png,airplane
2455.png,ship
2456.png,automobile
2457.png,automobile
2458.png,dog
2459.png,horse
2460.png,airplane
2461.png,airplane
2462.png,deer
2463.png,ship
2464.png,ship
2465.png,ship
2466.png,deer
2467.png,automobile
2468.png,bird
2469.png,truck
2470.png,automobile
2471.png,bird
2472.png,ship
2473.png,horse
2474.png,airplane
2475.png,horse
2476.png,frog
2477.png,bird
2478.png,truck
2479.png,airplane
2480.png,frog
2481.png,horse
2482.png,horse
2483.png,dog
2484.png,ship
2485.png,bird
2486.png,deer
2487.png,deer
2488.png,ship
2489.png,deer
2490.png,ship
2491.png,airplane
2492.png,bird
2493.png,horse
2494.png,horse
2495.png,frog
2496.png,truck
2497.png,automobile
2498.png,truck
2499.png,truck
2500.png,horse
2501.png,dog
2502.png,cat
2503.png,horse
2504.png,frog
2505.png,airplane
2506.png,cat
2507.png,truck
2508.png,bird
2509.png,truck
2510.png,dog
2511.png,frog
2512.png,automobile
2513.png,airplane
2514.png,airplane
2515.png,bird
2516.png,deer
2517.png,dog
2518.png,frog
2519.png,cat
2520.png,frog
2521.png,deer
2522.png,cat
2523.png,dog
2524.png,ship
2525.png,truck
2526.png,cat
2527.png,truck
2528.png,cat
2529.png,deer
2530.png,truck
2531.png,cat
2532.png,truck
2533.png,dog
2534.png,bird
2535.png,ship
2536.png,bird
2537.png,frog
2538.png,bird
2539.png,bird
2540.png,horse
2541.png,bird
2542.png,horse
2543.png,frog
2544.png,bird
2545.png,deer
2546.png,automobile
2547.png,bird
2548.png,truck
2549.png,truck
2550.png,dog
2551.png,bird
2552.png,truck
2553.png,ship
2554.png,horse
2555.png,horse
2556.png,dog
2557.png,frog
2558.png,bird
2559.png,ship
2560.png,cat
2561.png,horse
2562.png,bird
2563.png,cat
2564.png,horse
2565.png,cat
2566.png,cat
2567.png,frog
2568.png,bird
2569.png,automobile
2570.png,automobile
2571.png,automobile
2572.png,frog
2573.png,truck
2574.png,deer
2575.png,airplane
2576.png,bird
2577.png,deer
2578.png,ship
2579.png,airplane
2580.png,dog
2581.png,deer
2582.png,cat
2583.png,automobile
2584.png,frog
2585.png,automobile
2586.png,truck
2587.png,ship
2588.png,automobile
2589.png,automobile
2590.png,bird
2591.png,ship
2592.png,deer
2593.png,ship
2594.png,ship
2595.png,cat
2596.png,bird
2597.png,frog
2598.png,automobile
2599.png,airplane
2600.png,ship
2601.png,automobile
2602.png,horse
2603.png,frog
2604.png,ship
2605.png,dog
2606.png,frog
2607.png,cat
2608.png,frog
2609.png,horse
2610.png,truck
2611.png,bird
2612.png,horse
2613.png,horse
2614.png,airplane
2615.png,horse
2616.png,automobile
2617.png,horse
2618.png,airplane
2619.png,frog
2620.png,bird
2621.png,horse
2622.png,dog
2623.png,airplane
2624.png,frog
2625.png,truck
2626.png,frog
2627.png,bird
2628.png,cat
2629.png,automobile
2630.png,deer
2631.png,automobile
2632.png,frog
2633.png,truck
2634.png,airplane
2635.png,dog
2636.png,ship
2637.png,truck
2638.png,truck
2639.png,frog
2640.png,airplane
2641.png,ship
2642.png,bird
2643.png,airplane
2644.png,ship
2645.png,truck
2646.png,truck
2647.png,ship
2648.png,deer
2649.png,cat
2650.png,cat
2651.png,frog
2652.png,horse
2653.png,airplane
2654.png,frog
2655.png,deer
2656.png,truck
2657.png,automobile
2658.png,dog
2659.png,ship
2660.png,airplane
2661.png,airplane
2662.png,automobile
2663.png,airplane
2664.png,ship
2665.png,truck
2666.png,cat
2667.png,ship
2668.png,truck
2669.png,cat
2670.png,horse
2671.png,ship
2672.png,truck
2673.png,deer
2674.png,deer
2675.png,frog
2676.png,airplane
2677.png,truck
2678.png,horse
2679.png,bird
2680.png,ship
2681.png,airplane
2682.png,frog
2683.png,bird
2684.png,airplane
2685.png,frog
2686.png,dog
2687.png,dog
2688.png,ship
2689.png,dog
2690.png,ship
2691.png,frog
2692.png,deer
2693.png,airplane
2694.png,bird
2695.png,frog
2696.png,deer
2697.png,cat
2698.png,frog
2699.png,bird
2700.png,cat
2701.png,horse
2702.png,horse
2703.png,bird
2704.png,deer
2705.png,bird
2706.png,deer
2707.png,truck
2708.png,airplane
2709.png,bird
2710.png,dog
2711.png,deer
2712.png,dog
2713.png,deer
2714.png,frog
2715.png,airplane
2716.png,horse
2717.png,horse
2718.png,dog
2719.png,airplane
2720.png,bird
2721.png,airplane
2722.png,ship
2723.png,dog
2724.png,cat
2725.png,horse
2726.png,deer
2727.png,dog
2728.png,automobile
2729.png,truck
2730.png,frog
2731.png,dog
2732.png,automobile
2733.png,ship
2734.png,dog
2735.png,deer
2736.png,ship
2737.png,dog
2738.png,bird
2739.png,cat
2740.png,cat
2741.png,ship
2742.png,bird
2743.png,bird
2744.png,ship
2745.png,bird
2746.png,dog
2747.png,horse
2748.png,dog
2749.png,dog
2750.png,ship
2751.png,horse
2752.png,frog
2753.png,automobile
2754.png,automobile
2755.png,ship
2756.png,dog
2757.png,automobile
2758.png,truck
2759.png,truck
2760.png,bird
2761.png,bird
2762.png,truck
2763.png,automobile
2764.png,dog
2765.png,bird
2766.png,automobile
2767.png,cat
2768.png,truck
2769.png,truck
2770.png,automobile
2771.png,cat
2772.png,automobile
2773.png,bird
2774.png,airplane
2775.png,frog
2776.png,automobile
2777.png,horse
2778.png,frog
2779.png,ship
2780.png,deer
2781.png,airplane
2782.png,cat
2783.png,cat
2784.png,horse
2785.png,bird
2786.png,cat
2787.png,frog
2788.png,deer
2789.png,dog
2790.png,bird
2791.png,horse
2792.png,bird
2793.png,deer
2794.png,truck
2795.png,dog
2796.png,automobile
2797.png,frog
2798.png,ship
2799.png,ship
2800.png,bird
2801.png,automobile
2802.png,horse
2803.png,automobile
2804.png,ship
2805.png,airplane
2806.png,ship
2807.png,dog
2808.png,horse
2809.png,airplane
2810.png,cat
2811.png,frog
2812.png,deer
2813.png,bird
2814.png,horse
2815.png,horse
2816.png,ship
2817.png,bird
2818.png,ship
2819.png,truck
2820.png,ship
2821.png,ship
2822.png,deer
2823.png,frog
2824.png,horse
2825.png,airplane
2826.png,automobile
2827.png,bird
2828.png,automobile
2829.png,automobile
2830.png,truck
2831.png,deer
2832.png,frog
2833.png,deer
2834.png,bird
2835.png,horse
2836.png,deer
2837.png,frog
2838.png,automobile
2839.png,truck
2840.png,deer
2841.png,truck
2842.png,automobile
2843.png,deer
2844.png,dog
2845.png,automobile
2846.png,truck
2847.png,bird
2848.png,ship
2849.png,airplane
2850.png,automobile
2851.png,dog
2852.png,automobile
2853.png,horse
2854.png,truck
2855.png,bird
2856.png,airplane
2857.png,deer
2858.png,ship
2859.png,deer
2860.png,airplane
2861.png,bird
2862.png,airplane
2863.png,automobile
2864.png,airplane
2865.png,dog
2866.png,cat
2867.png,frog
2868.png,bird
2869.png,bird
2870.png,bird
2871.png,bird
2872.png,frog
2873.png,frog
2874.png,ship
2875.png,frog
2876.png,bird
2877.png,cat
2878.png,dog
2879.png,bird
2880.png,ship
2881.png,truck
2882.png,ship
2883.png,airplane
2884.png,automobile
2885.png,dog
2886.png,airplane
2887.png,truck
2888.png,automobile
2889.png,frog
2890.png,horse
2891.png,truck
2892.png,horse
2893.png,cat
2894.png,frog
2895.png,bird
2896.png,airplane
2897.png,deer
2898.png,horse
2899.png,frog
2900.png,deer
2901.png,deer
2902.png,dog
2903.png,bird
2904.png,cat
2905.png,deer
2906.png,deer
2907.png,dog
2908.png,bird
2909.png,truck
2910.png,frog
2911.png,automobile
2912.png,deer
2913.png,horse
2914.png,deer
2915.png,ship
2916.png,frog
2917.png,dog
2918.png,truck
2919.png,ship
2920.png,truck
2921.png,truck
2922.png,deer
2923.png,deer
2924.png,ship
2925.png,frog
2926.png,frog
2927.png,deer
2928.png,bird
2929.png,automobile
2930.png,ship
2931.png,cat
2932.png,cat
2933.png,airplane
2934.png,cat
2935.png,ship
2936.png,truck
2937.png,bird
2938.png,frog
2939.png,bird
2940.png,frog
2941.png,dog
2942.png,frog
2943.png,ship
2944.png,deer
2945.png,cat
2946.png,dog
2947.png,airplane
2948.png,cat
2949.png,bird
2950.png,airplane
2951.png,airplane
2952.png,deer
2953.png,ship
2954.png,truck
2955.png,ship
2956.png,frog
2957.png,truck
2958.png,bird
2959.png,automobile
2960.png,airplane
2961.png,horse
2962.png,truck
2963.png,airplane
2964.png,dog
2965.png,airplane
2966.png,frog
2967.png,bird
2968.png,airplane
2969.png,frog
2970.png,horse
2971.png,frog
2972.png,bird
2973.png,frog
2974.png,horse
2975.png,ship
2976.png,bird
2977.png,deer
2978.png,horse
2979.png,frog
2980.png,ship
2981.png,horse
2982.png,horse
2983.png,cat
2984.png,bird
2985.png,dog
2986.png,truck
2987.png,cat
2988.png,ship
2989.png,bird
2990.png,frog
2991.png,deer
2992.png,truck
2993.png,frog
2994.png,bird
2995.png,automobile
2996.png,deer
2997.png,airplane
2998.png,frog
2999.png,frog
3000.png,deer
3001.png,cat
3002.png,deer
3003.png,dog
3004.png,cat
3005.png,frog
3006.png,dog
3007.png,truck
3008.png,truck
3009.png,dog
3010.png,automobile
3011.png,frog
3012.png,airplane
3013.png,bird
3014.png,horse
3015.png,truck
3016.png,dog
3017.png,cat
3018.png,dog
3019.png,frog
3020.png,bird
3021.png,automobile
3022.png,dog
3023.png,dog
3024.png,truck
3025.png,airplane
3026.png,automobile
3027.png,cat
3028.png,deer
3029.png,dog
3030.png,horse
3031.png,deer
3032.png,dog
3033.png,truck
3034.png,frog
3035.png,automobile
3036.png,horse
3037.png,deer
3038.png,bird
3039.png,ship
3040.png,ship
3041.png,dog
3042.png,frog
3043.png,airplane
3044.png,cat
3045.png,deer
3046.png,truck
3047.png,deer
3048.png,dog
3049.png,frog
3050.png,airplane
3051.png,horse
3052.png,airplane
3053.png,cat
3054.png,airplane
3055.png,horse
3056.png,dog
3057.png,ship
3058.png,cat
3059.png,ship
3060.png,automobile
3061.png,dog
3062.png,truck
3063.png,automobile
3064.png,airplane
3065.png,automobile
3066.png,ship
3067.png,airplane
3068.png,ship
3069.png,bird
3070.png,dog
3071.png,frog
3072.png,horse
3073.png,automobile
3074.png,airplane
3075.png,bird
3076.png,truck
3077.png,airplane
3078.png,deer
3079.png,automobile
3080.png,truck
3081.png,dog
3082.png,cat
3083.png,dog
3084.png,horse
3085.png,cat
3086.png,automobile
3087.png,truck
3088.png,cat
3089.png,truck
3090.png,deer
3091.png,truck
3092.png,frog
3093.png,airplane
3094.png,ship
3095.png,ship
3096.png,frog
3097.png,frog
3098.png,truck
3099.png,frog
3100.png,truck
3101.png,cat
3102.png,bird
3103.png,airplane
3104.png,automobile
3105.png,horse
3106.png,cat
3107.png,frog
3108.png,dog
3109.png,cat
3110.png,cat
3111.png,cat
3112.png,frog
3113.png,deer
3114.png,airplane
3115.png,airplane
3116.png,ship
3117.png,deer
3118.png,bird
3119.png,bird
3120.png,bird
3121.png,automobile
3122.png,ship
3123.png,frog
3124.png,ship
3125.png,dog
3126.png,cat
3127.png,truck
3128.png,truck
3129.png,airplane
3130.png,truck
3131.png,ship
3132.png,automobile
3133.png,dog
3134.png,deer
3135.png,cat
3136.png,horse
3137.png,airplane
3138.png,truck
3139.png,horse
3140.png,frog
3141.png,airplane
3142.png,deer
3143.png,automobile
3144.png,truck
3145.png,ship
3146.png,deer
3147.png,horse
3148.png,horse
3149.png,dog
3150.png,truck
3151.png,horse
3152.png,horse
3153.png,dog
3154.png,dog
3155.png,frog
3156.png,ship
3157.png,dog
3158.png,horse
3159.png,dog
3160.png,ship
3161.png,ship
3162.png,bird
3163.png,dog
3164.png,dog
3165.png,bird
3166.png,ship
3167.png,deer
3168.png,dog
3169.png,frog
3170.png,ship
3171.png,ship
3172.png,dog
3173.png,cat
3174.png,dog
3175.png,dog
3176.png,truck
3177.png,deer
3178.png,cat
3179.png,cat
3180.png,truck
3181.png,airplane
3182.png,bird
3183.png,deer
3184.png,automobile
3185.png,airplane
3186.png,bird
3187.png,horse
3188.png,dog
3189.png,cat
3190.png,deer
3191.png,cat
3192.png,horse
3193.png,frog
3194.png,bird
3195.png,cat
3196.png,dog
3197.png,bird
3198.png,airplane
3199.png,dog
3200.png,truck
3201.png,frog
3202.png,cat
3203.png,truck
3204.png,frog
3205.png,airplane
3206.png,bird
3207.png,dog
3208.png,frog
3209.png,horse
3210.png,horse
3211.png,bird
3212.png,airplane
3213.png,automobile
3214.png,horse
3215.png,airplane
3216.png,ship
3217.png,truck
3218.png,deer
3219.png,cat
3220.png,deer
3221.png,cat
3222.png,dog
3223.png,cat
3224.png,frog
3225.png,airplane
3226.png,deer
3227.png,bird
3228.png,frog
3229.png,truck
3230.png,dog
3231.png,automobile
3232.png,automobile
3233.png,truck
3234.png,automobile
3235.png,truck
3236.png,bird
3237.png,deer
3238.png,truck
3239.png,automobile
3240.png,truck
3241.png,ship
3242.png,frog
3243.png,cat
3244.png,frog
3245.png,ship
3246.png,bird
3247.png,airplane
3248.png,truck
3249.png,cat
3250.png,dog
3251.png,ship
3252.png,horse
3253.png,deer
3254.png,bird
3255.png,bird
3256.png,horse
3257.png,truck
3258.png,automobile
3259.png,ship
3260.png,bird
3261.png,deer
3262.png,horse
3263.png,frog
3264.png,airplane
3265.png,dog
3266.png,dog
3267.png,frog
3268.png,truck
3269.png,ship
3270.png,ship
3271.png,dog
3272.png,dog
3273.png,horse
3274.png,automobile
3275.png,bird
3276.png,horse
3277.png,truck
3278.png,airplane
3279.png,dog
3280.png,horse
3281.png,dog
3282.png,bird
3283.png,dog
3284.png,deer
3285.png,horse
3286.png,automobile
3287.png,cat
3288.png,cat
3289.png,deer
3290.png,cat
3291.png,frog
3292.png,bird
3293.png,airplane
3294.png,dog
3295.png,ship
3296.png,airplane
3297.png,deer
3298.png,bird
3299.png,truck
3300.png,bird
3301.png,deer
3302.png,bird
3303.png,cat
3304.png,ship
3305.png,airplane
3306.png,ship
3307.png,deer
3308.png,frog
3309.png,deer
3310.png,bird
3311.png,ship
3312.png,frog
3313.png,truck
3314.png,ship
3315.png,deer
3316.png,automobile
3317.png,truck
3318.png,horse
3319.png,airplane
3320.png,ship
3321.png,cat
3322.png,bird
3323.png,deer
3324.png,frog
3325.png,ship
3326.png,bird
3327.png,deer
3328.png,automobile
3329.png,cat
3330.png,airplane
3331.png,ship
3332.png,bird
3333.png,airplane
3334.png,ship
3335.png,airplane
3336.png,airplane
3337.png,airplane
3338.png,airplane
3339.png,bird
3340.png,bird
3341.png,cat
3342.png,frog
3343.png,truck
3344.png,horse
3345.png,airplane
3346.png,truck
3347.png,automobile
3348.png,airplane
3349.png,horse
3350.png,bird
3351.png,ship
3352.png,cat
3353.png,airplane
3354.png,ship
3355.png,deer
3356.png,cat
3357.png,dog
3358.png,ship
3359.png,horse
3360.png,ship
3361.png,deer
3362.png,airplane
3363.png,airplane
3364.png,truck
3365.png,horse
3366.png,cat
3367.png,automobile
3368.png,dog
3369.png,bird
3370.png,frog
3371.png,dog
3372.png,cat
3373.png,bird
3374.png,cat
3375.png,horse
3376.png,airplane
3377.png,cat
3378.png,deer
3379.png,automobile
3380.png,automobile
3381.png,ship
3382.png,truck
3383.png,airplane
3384.png,deer
3385.png,ship
3386.png,cat
3387.png,automobile
3388.png,automobile
3389.png,dog
3390.png,horse
3391.png,bird
3392.png,cat
3393.png,truck
3394.png,deer
3395.png,dog
3396.png,bird
3397.png,dog
3398.png,deer
3399.png,horse
3400.png,automobile
3401.png,horse
3402.png,frog
3403.png,bird
3404.png,frog
3405.png,automobile
3406.png,ship
3407.png,ship
3408.png,truck
3409.png,deer
3410.png,truck
3411.png,dog
3412.png,frog
3413.png,frog
3414.png,horse
3415.png,automobile
3416.png,automobile
3417.png,bird
3418.png,bird
3419.png,deer
3420.png,ship
3421.png,dog
3422.png,dog
3423.png,truck
3424.png,bird
3425.png,truck
3426.png,ship
3427.png,dog
3428.png,horse
3429.png,bird
3430.png,cat
3431.png,ship
3432.png,dog
3433.png,horse
3434.png,deer
3435.png,horse
3436.png,frog
3437.png,bird
3438.png,frog
3439.png,airplane
3440.png,frog
3441.png,bird
3442.png,airplane
3443.png,deer
3444.png,airplane
3445.png,automobile
3446.png,deer
3447.png,bird
3448.png,cat
3449.png,dog
3450.png,ship
3451.png,horse
3452.png,dog
3453.png,automobile
3454.png,dog
3455.png,bird
3456.png,bird
3457.png,dog
3458.png,cat
3459.png,frog
3460.png,dog
3461.png,deer
3462.png,cat
3463.png,bird
3464.png,truck
3465.png,deer
3466.png,deer
3467.png,airplane
3468.png,automobile
3469.png,ship
3470.png,ship
3471.png,frog
3472.png,dog
3473.png,cat
3474.png,horse
3475.png,bird
3476.png,cat
3477.png,bird
3478.png,truck
3479.png,airplane
3480.png,truck
3481.png,bird
3482.png,horse
3483.png,ship
3484.png,automobile
3485.png,bird
3486.png,automobile
3487.png,cat
3488.png,horse
3489.png,bird
3490.png,truck
3491.png,cat
3492.png,dog
3493.png,dog
3494.png,ship
3495.png,deer
3496.png,dog
3497.png,dog
3498.png,ship
3499.png,dog
3500.png,dog
3501.png,frog
3502.png,truck
3503.png,dog
3504.png,ship
3505.png,frog
3506.png,automobile
3507.png,bird
3508.png,deer
3509.png,bird
3510.png,deer
3511.png,truck
3512.png,bird
3513.png,automobile
3514.png,truck
3515.png,cat
3516.png,airplane
3517.png,ship
3518.png,bird
3519.png,ship
3520.png,deer
3521.png,bird
3522.png,frog
3523.png,deer
3524.png,automobile
3525.png,cat
3526.png,frog
3527.png,truck
3528.png,deer
3529.png,frog
3530.png,ship
3531.png,frog
3532.png,truck
3533.png,frog
3534.png,deer
3535.png,horse
3536.png,bird
3537.png,airplane
3538.png,truck
3539.png,deer
3540.png,deer
3541.png,deer
3542.png,ship
3543.png,truck
3544.png,horse
3545.png,horse
3546.png,truck
3547.png,cat
3548.png,dog
3549.png,airplane
3550.png,airplane
3551.png,cat
3552.png,cat
3553.png,cat
3554.png,horse
3555.png,frog
3556.png,automobile
3557.png,deer
3558.png,dog
3559.png,bird
3560.png,deer
3561.png,deer
3562.png,ship
3563.png,dog
3564.png,frog
3565.png,airplane
3566.png,cat
3567.png,deer
3568.png,frog
3569.png,cat
3570.png,bird
3571.png,airplane
3572.png,cat
3573.png,dog
3574.png,horse
3575.png,airplane
3576.png,cat
3577.png,dog
3578.png,deer
3579.png,horse
3580.png,ship
3581.png,dog
3582.png,horse
3583.png,airplane
3584.png,bird
3585.png,ship
3586.png,airplane
3587.png,bird
3588.png,deer
3589.png,frog
3590.png,frog
3591.png,frog
3592.png,cat
3593.png,horse
3594.png,frog
3595.png,cat
3596.png,dog
3597.png,truck
3598.png,truck
3599.png,horse
3600.png,deer
3601.png,truck
3602.png,automobile
3603.png,truck
3604.png,frog
3605.png,dog
3606.png,automobile
3607.png,horse
3608.png,airplane
3609.png,bird
3610.png,airplane
3611.png,bird
3612.png,horse
3613.png,deer
3614.png,truck
3615.png,ship
3616.png,cat
3617.png,dog
3618.png,cat
3619.png,airplane
3620.png,dog
3621.png,automobile
3622.png,frog
3623.png,horse
3624.png,horse
3625.png,ship
3626.png,ship
3627.png,bird
3628.png,horse
3629.png,truck
3630.png,bird
3631.png,deer
3632.png,frog
3633.png,dog
3634.png,truck
3635.png,ship
3636.png,deer
3637.png,frog
3638.png,horse
3639.png,ship
3640.png,bird
3641.png,ship
3642.png,dog
3643.png,ship
3644.png,truck
3645.png,airplane
3646.png,bird
3647.png,cat
3648.png,airplane
3649.png,truck
3650.png,horse
3651.png,cat
3652.png,horse
3653.png,truck
3654.png,dog
3655.png,cat
3656.png,frog
3657.png,frog
3658.png,truck
3659.png,truck
3660.png,automobile
3661.png,dog
3662.png,automobile
3663.png,bird
3664.png,bird
3665.png,deer
3666.png,airplane
3667.png,truck
3668.png,dog
3669.png,deer
3670.png,bird
3671.png,ship
3672.png,truck
3673.png,truck
3674.png,bird
3675.png,airplane
3676.png,bird
3677.png,frog
3678.png,truck
3679.png,automobile
3680.png,cat
3681.png,ship
3682.png,ship
3683.png,frog
3684.png,frog
3685.png,deer
3686.png,truck
3687.png,frog
3688.png,deer
3689.png,deer
3690.png,airplane
3691.png,deer
3692.png,truck
3693.png,bird
3694.png,bird
3695.png,airplane
3696.png,deer
3697.png,airplane
3698.png,truck
3699.png,frog
3700.png,horse
3701.png,truck
3702.png,airplane
3703.png,truck
3704.png,cat
3705.png,truck
3706.png,truck
3707.png,truck
3708.png,frog
3709.png,bird
3710.png,cat
3711.png,frog
3712.png,horse
3713.png,frog
3714.png,airplane
3715.png,dog
3716.png,horse
3717.png,frog
3718.png,deer
3719.png,deer
3720.png,truck
3721.png,ship
3722.png,airplane
3723.png,truck
3724.png,deer
3725.png,frog
3726.png,airplane
3727.png,horse
3728.png,automobile
3729.png,cat
3730.png,frog
3731.png,frog
3732.png,airplane
3733.png,deer
3734.png,horse
3735.png,automobile
3736.png,automobile
3737.png,deer
3738.png,truck
3739.png,ship
3740.png,frog
3741.png,ship
3742.png,airplane
3743.png,frog
3744.png,automobile
3745.png,automobile
3746.png,ship
3747.png,dog
3748.png,dog
3749.png,dog
3750.png,cat
3751.png,deer
3752.png,dog
3753.png,dog
3754.png,ship
3755.png,frog
3756.png,truck
3757.png,cat
3758.png,deer
3759.png,cat
3760.png,deer
3761.png,bird
3762.png,deer
3763.png,cat
3764.png,cat
3765.png,ship
3766.png,ship
3767.png,truck
3768.png,dog
3769.png,horse
3770.png,bird
3771.png,ship
3772.png,bird
3773.png,cat
3774.png,automobile
3775.png,truck
3776.png,frog
3777.png,deer
3778.png,ship
3779.png,dog
3780.png,automobile
3781.png,frog
3782.png,automobile
3783.png,horse
3784.png,frog
3785.png,deer
3786.png,cat
3787.png,bird
3788.png,cat
3789.png,truck
3790.png,airplane
3791.png,dog
3792.png,bird
3793.png,cat
3794.png,truck
3795.png,dog
3796.png,cat
3797.png,bird
3798.png,deer
3799.png,deer
3800.png,dog
3801.png,ship
3802.png,cat
3803.png,deer
3804.png,dog
3805.png,frog
3806.png,frog
3807.png,horse
3808.png,cat
3809.png,automobile
3810.png,frog
3811.png,dog
3812.png,truck
3813.png,ship
3814.png,cat
3815.png,bird
3816.png,airplane
3817.png,deer
3818.png,horse
3819.png,cat
3820.png,truck
3821.png,truck
3822.png,deer
3823.png,automobile
3824.png,frog
3825.png,horse
3826.png,frog
3827.png,frog
3828.png,automobile
3829.png,dog
3830.png,ship
3831.png,automobile
3832.png,airplane
3833.png,ship
3834.png,frog
3835.png,cat
3836.png,horse
3837.png,automobile
3838.png,dog
3839.png,truck
3840.png,deer
3841.png,automobile
3842.png,frog
3843.png,airplane
3844.png,cat
3845.png,horse
3846.png,bird
3847.png,truck
3848.png,bird
3849.png,bird
3850.png,frog
3851.png,truck
3852.png,automobile
3853.png,airplane
3854.png,dog
3855.png,horse
3856.png,deer
3857.png,bird
3858.png,ship
3859.png,truck
3860.png,airplane
3861.png,ship
3862.png,frog
3863.png,deer
3864.png,cat
3865.png,cat
3866.png,frog
3867.png,deer
3868.png,dog
3869.png,deer
3870.png,bird
3871.png,cat
3872.png,automobile
3873.png,deer
3874.png,frog
3875.png,ship
3876.png,cat
3877.png,truck
3878.png,horse
3879.png,truck
3880.png,deer
3881.png,airplane
3882.png,ship
3883.png,truck
3884.png,ship
3885.png,airplane
3886.png,ship
3887.png,automobile
3888.png,truck
3889.png,cat
3890.png,bird
3891.png,horse
3892.png,airplane
3893.png,frog
3894.png,airplane
3895.png,dog
3896.png,truck
3897.png,dog
3898.png,deer
3899.png,ship
3900.png,automobile
3901.png,airplane
3902.png,bird
3903.png,dog
3904.png,airplane
3905.png,ship
3906.png,cat
3907.png,airplane
3908.png,automobile
3909.png,deer
3910.png,airplane
3911.png,cat
3912.png,automobile
3913.png,frog
3914.png,deer
3915.png,horse
3916.png,truck
3917.png,dog
3918.png,dog
3919.png,airplane
3920.png,deer
3921.png,horse
3922.png,truck
3923.png,automobile
3924.png,truck
3925.png,automobile
3926.png,deer
3927.png,frog
3928.png,cat
3929.png,truck
3930.png,truck
3931.png,truck
3932.png,ship
3933.png,truck
3934.png,horse
3935.png,automobile
3936.png,automobile
3937.png,deer
3938.png,automobile
3939.png,airplane
3940.png,horse
3941.png,airplane
3942.png,truck
3943.png,frog
3944.png,frog
3945.png,bird
3946.png,deer
3947.png,horse
3948.png,frog
3949.png,deer
3950.png,dog
3951.png,ship
3952.png,airplane
3953.png,deer
3954.png,horse
3955.png,automobile
3956.png,horse
3957.png,cat
3958.png,deer
3959.png,horse
3960.png,dog
3961.png,dog
3962.png,bird
3963.png,airplane
3964.png,bird
3965.png,airplane
3966.png,dog
3967.png,dog
3968.png,ship
3969.png,dog
3970.png,ship
3971.png,deer
3972.png,airplane
3973.png,ship
3974.png,deer
3975.png,truck
3976.png,horse
3977.png,frog
3978.png,truck
3979.png,ship
3980.png,airplane
3981.png,ship
3982.png,deer
3983.png,bird
3984.png,truck
3985.png,automobile
3986.png,deer
3987.png,frog
3988.png,airplane
3989.png,horse
3990.png,horse
3991.png,automobile
3992.png,frog
3993.png,automobile
3994.png,dog
3995.png,frog
3996.png,dog
3997.png,horse
3998.png,cat
3999.png,ship
4000.png,deer
4001.png,dog
4002.png,ship
4003.png,dog
4004.png,ship
4005.png,dog
4006.png,truck
4007.png,automobile
4008.png,cat
4009.png,bird
4010.png,dog
4011.png,cat
4012.png,automobile
4013.png,bird
4014.png,automobile
4015.png,bird
4016.png,frog
4017.png,horse
4018.png,bird
4019.png,airplane
4020.png,dog
4021.png,cat
4022.png,automobile
4023.png,frog
4024.png,bird
4025.png,horse
4026.png,cat
4027.png,frog
4028.png,airplane
4029.png,truck
4030.png,ship
4031.png,airplane
4032.png,frog
4033.png,deer
4034.png,cat
4035.png,bird
4036.png,frog
4037.png,ship
4038.png,horse
4039.png,bird
4040.png,automobile
4041.png,automobile
4042.png,truck
4043.png,dog
4044.png,deer
4045.png,dog
4046.png,ship
4047.png,airplane
4048.png,automobile
4049.png,airplane
4050.png,truck
4051.png,automobile
4052.png,ship
4053.png,bird
4054.png,deer
4055.png,horse
4056.png,deer
4057.png,bird
4058.png,deer
4059.png,deer
4060.png,horse
4061.png,airplane
4062.png,airplane
4063.png,frog
4064.png,deer
4065.png,frog
4066.png,horse
4067.png,ship
4068.png,dog
4069.png,truck
4070.png,truck
4071.png,bird
4072.png,truck
4073.png,cat
4074.png,cat
4075.png,dog
4076.png,horse
4077.png,horse
4078.png,frog
4079.png,horse
4080.png,airplane
4081.png,airplane
4082.png,airplane
4083.png,frog
4084.png,cat
4085.png,automobile
4086.png,bird
4087.png,frog
4088.png,cat
4089.png,horse
4090.png,cat
4091.png,bird
4092.png,bird
4093.png,ship
4094.png,ship
4095.png,frog
4096.png,frog
4097.png,airplane
4098.png,airplane
4099.png,cat
4100.png,automobile
4101.png,automobile
4102.png,automobile
4103.png,cat
4104.png,deer
4105.png,deer
4106.png,frog
4107.png,deer
4108.png,horse
4109.png,cat
4110.png,bird
4111.png,cat
4112.png,truck
4113.png,horse
4114.png,bird
4115.png,horse
4116.png,truck
4117.png,bird
4118.png,cat
4119.png,frog
4120.png,horse
4121.png,dog
4122.png,truck
4123.png,bird
4124.png,frog
4125.png,cat
4126.png,dog
4127.png,frog
4128.png,dog
4129.png,cat
4130.png,deer
4131.png,frog
4132.png,truck
4133.png,automobile
4134.png,horse
4135.png,horse
4136.png,dog
4137.png,truck
4138.png,deer
4139.png,bird
4140.png,cat
4141.png,ship
4142.png,airplane
4143.png,truck
4144.png,frog
4145.png,frog
4146.png,automobile
4147.png,cat
4148.png,frog
4149.png,frog
4150.png,cat
4151.png,truck
4152.png,cat
4153.png,frog
4154.png,dog
4155.png,bird
4156.png,airplane
4157.png,deer
4158.png,horse
4159.png,deer
4160.png,ship
4161.png,dog
4162.png,dog
4163.png,airplane
4164.png,airplane
4165.png,truck
4166.png,airplane
4167.png,cat
4168.png,frog
4169.png,bird
4170.png,truck
4171.png,ship
4172.png,automobile
4173.png,automobile
4174.png,deer
4175.png,cat
4176.png,deer
4177.png,airplane
4178.png,cat
4179.png,horse
4180.png,cat
4181.png,ship
4182.png,frog
4183.png,deer
4184.png,bird
4185.png,deer
4186.png,automobile
4187.png,bird
4188.png,horse
4189.png,dog
4190.png,bird
4191.png,frog
4192.png,ship
4193.png,airplane
4194.png,deer
4195.png,frog
4196.png,deer
4197.png,bird
4198.png,cat
4199.png,bird
4200.png,deer
4201.png,automobile
4202.png,frog
4203.png,airplane
4204.png,dog
4205.png,ship
4206.png,ship
4207.png,automobile
4208.png,ship
4209.png,frog
4210.png,bird
4211.png,ship
4212.png,bird
4213.png,deer
4214.png,deer
4215.png,airplane
4216.png,truck
4217.png,horse
4218.png,frog
4219.png,horse
4220.png,deer
4221.png,bird
4222.png,cat
4223.png,ship
4224.png,truck
4225.png,deer
4226.png,ship
4227.png,ship
4228.png,deer
4229.png,bird
4230.png,airplane
4231.png,automobile
4232.png,deer
4233.png,deer
4234.png,ship
4235.png,frog
4236.png,frog
4237.png,horse
4238.png,bird
4239.png,horse
4240.png,airplane
4241.png,airplane
4242.png,horse
4243.png,bird
4244.png,cat
4245.png,automobile
4246.png,ship
4247.png,truck
4248.png,horse
4249.png,horse
4250.png,airplane
4251.png,automobile
4252.png,horse
4253.png,truck
4254.png,horse
4255.png,horse
4256.png,dog
4257.png,truck
4258.png,bird
4259.png,horse
4260.png,dog
4261.png,dog
4262.png,automobile
4263.png,deer
4264.png,deer
4265.png,horse
4266.png,automobile
4267.png,cat
4268.png,frog
4269.png,cat
4270.png,airplane
4271.png,airplane
4272.png,airplane
4273.png,ship
4274.png,airplane
4275.png,ship
4276.png,dog
4277.png,frog
4278.png,ship
4279.png,frog
4280.png,frog
4281.png,deer
4282.png,airplane
4283.png,airplane
4284.png,ship
4285.png,frog
4286.png,horse
4287.png,deer
4288.png,ship
4289.png,cat
4290.png,truck
4291.png,deer
4292.png,truck
4293.png,ship
4294.png,bird
4295.png,cat
4296.png,airplane
4297.png,deer
4298.png,deer
4299.png,ship
4300.png,automobile
4301.png,ship
4302.png,deer
4303.png,cat
4304.png,ship
4305.png,ship
4306.png,deer
4307.png,bird
4308.png,deer
4309.png,cat
4310.png,frog
4311.png,cat
4312.png,airplane
4313.png,dog
4314.png,ship
4315.png,airplane
4316.png,horse
4317.png,dog
4318.png,deer
4319.png,horse
4320.png,dog
4321.png,ship
4322.png,truck
4323.png,airplane
4324.png,deer
4325.png,frog
4326.png,horse
4327.png,automobile
4328.png,automobile
4329.png,deer
4330.png,cat
4331.png,dog
4332.png,horse
4333.png,automobile
4334.png,horse
4335.png,automobile
4336.png,truck
4337.png,cat
4338.png,airplane
4339.png,airplane
4340.png,ship
4341.png,truck
4342.png,horse
4343.png,bird
4344.png,ship
4345.png,truck
4346.png,truck
4347.png,cat
4348.png,dog
4349.png,airplane
4350.png,cat
4351.png,cat
4352.png,bird
4353.png,automobile
4354.png,airplane
4355.png,automobile
4356.png,dog
4357.png,bird
4358.png,horse
4359.png,automobile
4360.png,deer
4361.png,automobile
4362.png,cat
4363.png,dog
4364.png,automobile
4365.png,truck
4366.png,ship
4367.png,dog
4368.png,bird
4369.png,airplane
4370.png,horse
4371.png,bird
4372.png,truck
4373.png,bird
4374.png,airplane
4375.png,truck
4376.png,bird
4377.png,bird
4378.png,frog
4379.png,bird
4380.png,automobile
4381.png,ship
4382.png,deer
4383.png,deer
4384.png,ship
4385.png,deer
4386.png,automobile
4387.png,horse
4388.png,airplane
4389.png,cat
4390.png,frog
4391.png,automobile
4392.png,frog
4393.png,cat
4394.png,horse
4395.png,deer
4396.png,deer
4397.png,horse
4398.png,ship
4399.png,bird
4400.png,horse
4401.png,deer
4402.png,horse
4403.png,cat
4404.png,frog
4405.png,frog
4406.png,cat
4407.png,dog
4408.png,truck
4409.png,ship
4410.png,frog
4411.png,airplane
4412.png,airplane
4413.png,ship
4414.png,deer
4415.png,cat
4416.png,frog
4417.png,truck
4418.png,frog
4419.png,bird
4420.png,dog
4421.png,airplane
4422.png,frog
4423.png,cat
4424.png,automobile
4425.png,dog
4426.png,bird
4427.png,bird
4428.png,horse
4429.png,cat
4430.png,deer
4431.png,frog
4432.png,bird
4433.png,ship
4434.png,horse
4435.png,frog
4436.png,cat
4437.png,truck
4438.png,cat
4439.png,deer
4440.png,cat
4441.png,frog
4442.png,horse
4443.png,horse
4444.png,automobile
4445.png,automobile
4446.png,horse
4447.png,ship
4448.png,deer
4449.png,dog
4450.png,cat
4451.png,frog
4452.png,dog
4453.png,frog
4454.png,bird
4455.png,truck
4456.png,bird
4457.png,dog
4458.png,truck
4459.png,automobile
4460.png,automobile
4461.png,horse
4462.png,ship
4463.png,cat
4464.png,dog
4465.png,automobile
4466.png,cat
4467.png,ship
4468.png,dog
4469.png,airplane
4470.png,ship
4471.png,airplane
4472.png,bird
4473.png,cat
4474.png,truck
4475.png,ship
4476.png,cat
4477.png,airplane
4478.png,airplane
4479.png,horse
4480.png,dog
4481.png,horse
4482.png,cat
4483.png,bird
4484.png,cat
4485.png,cat
4486.png,horse
4487.png,dog
4488.png,dog
4489.png,frog
4490.png,truck
4491.png,airplane
4492.png,bird
4493.png,automobile
4494.png,bird
4495.png,dog
4496.png,dog
4497.png,automobile
4498.png,deer
4499.png,airplane
4500.png,horse
4501.png,automobile
4502.png,ship
4503.png,ship
4504.png,deer
4505.png,airplane
4506.png,automobile
4507.png,horse
4508.png,ship
4509.png,truck
4510.png,airplane
4511.png,horse
4512.png,bird
4513.png,dog
4514.png,horse
4515.png,ship
4516.png,cat
4517.png,airplane
4518.png,automobile
4519.png,bird
4520.png,cat
4521.png,truck
4522.png,bird
4523.png,horse
4524.png,airplane
4525.png,airplane
4526.png,bird
4527.png,bird
4528.png,deer
4529.png,automobile
4530.png,dog
4531.png,cat
4532.png,cat
4533.png,dog
4534.png,automobile
4535.png,dog
4536.png,dog
4537.png,truck
4538.png,airplane
4539.png,truck
4540.png,ship
4541.png,airplane
4542.png,truck
4543.png,cat
4544.png,airplane
4545.png,horse
4546.png,truck
4547.png,frog
4548.png,dog
4549.png,dog
4550.png,bird
4551.png,frog
4552.png,ship
4553.png,airplane
4554.png,automobile
4555.png,horse
4556.png,horse
4557.png,horse
4558.png,automobile
4559.png,cat
4560.png,airplane
4561.png,automobile
4562.png,deer
4563.png,automobile
4564.png,airplane
4565.png,cat
4566.png,automobile
4567.png,truck
4568.png,airplane
4569.png,frog
4570.png,cat
4571.png,frog
4572.png,airplane
4573.png,dog
4574.png,deer
4575.png,airplane
4576.png,ship
4577.png,ship
4578.png,airplane
4579.png,automobile
4580.png,dog
4581.png,ship
4582.png,cat
4583.png,horse
4584.png,bird
4585.png,truck
4586.png,automobile
4587.png,truck
4588.png,truck
4589.png,bird
4590.png,horse
4591.png,frog
4592.png,automobile
4593.png,airplane
4594.png,truck
4595.png,ship
4596.png,ship
4597.png,frog
4598.png,airplane
4599.png,bird
4600.png,airplane
4601.png,dog
4602.png,airplane
4603.png,ship
4604.png,truck
4605.png,bird
4606.png,frog
4607.png,frog
4608.png,automobile
4609.png,bird
4610.png,automobile
4611.png,dog
4612.png,ship
4613.png,truck
4614.png,horse
4615.png,deer
4616.png,automobile
4617.png,bird
4618.png,ship
4619.png,truck
4620.png,airplane
4621.png,bird
4622.png,airplane
4623.png,truck
4624.png,truck
4625.png,automobile
4626.png,automobile
4627.png,dog
4628.png,dog
4629.png,cat
4630.png,truck
4631.png,cat
4632.png,automobile
4633.png,dog
4634.png,bird
4635.png,bird
4636.png,dog
4637.png,automobile
4638.png,frog
4639.png,truck
4640.png,dog
4641.png,deer
4642.png,dog
4643.png,deer
4644.png,truck
4645.png,frog
4646.png,airplane
4647.png,ship
4648.png,bird
4649.png,automobile
4650.png,truck
4651.png,horse
4652.png,airplane
4653.png,ship
4654.png,airplane
4655.png,automobile
4656.png,airplane
4657.png,bird
4658.png,cat
4659.png,ship
4660.png,frog
4661.png,deer
4662.png,automobile
4663.png,dog
4664.png,frog
4665.png,automobile
4666.png,truck
4667.png,deer
4668.png,truck
4669.png,frog
4670.png,cat
4671.png,ship
4672.png,horse
4673.png,cat
4674.png,airplane
4675.png,cat
4676.png,truck
4677.png,horse
4678.png,bird
4679.png,frog
4680.png,bird
4681.png,truck
4682.png,deer
4683.png,frog
4684.png,airplane
4685.png,truck
4686.png,frog
4687.png,horse
4688.png,deer
4689.png,horse
4690.png,airplane
4691.png,truck
4692.png,truck
4693.png,dog
4694.png,frog
4695.png,dog
4696.png,deer
4697.png,automobile
4698.png,cat
4699.png,dog
4700.png,dog
4701.png,bird
4702.png,truck
4703.png,dog
4704.png,bird
4705.png,truck
4706.png,horse
4707.png,horse
4708.png,deer
4709.png,truck
4710.png,deer
4711.png,deer
4712.png,ship
4713.png,horse
4714.png,ship
4715.png,horse
4716.png,deer
4717.png,dog
4718.png,airplane
4719.png,ship
4720.png,bird
4721.png,cat
4722.png,airplane
4723.png,airplane
4724.png,ship
4725.png,ship
4726.png,deer
4727.png,airplane
4728.png,bird
4729.png,dog
4730.png,horse
4731.png,bird
4732.png,frog
4733.png,bird
4734.png,dog
4735.png,frog
4736.png,truck
4737.png,horse
4738.png,cat
4739.png,deer
4740.png,automobile
4741.png,dog
4742.png,deer
4743.png,ship
4744.png,ship
4745.png,deer
4746.png,cat
4747.png,airplane
4748.png,horse
4749.png,bird
4750.png,truck
4751.png,deer
4752.png,frog
4753.png,frog
4754.png,deer
4755.png,truck
4756.png,bird
4757.png,deer
4758.png,ship
4759.png,ship
4760.png,airplane
4761.png,cat
4762.png,ship
4763.png,automobile
4764.png,deer
4765.png,automobile
4766.png,airplane
4767.png,frog
4768.png,frog
4769.png,truck
4770.png,automobile
4771.png,frog
4772.png,bird
4773.png,cat
4774.png,deer
4775.png,airplane
4776.png,automobile
4777.png,bird
4778.png,bird
4779.png,airplane
4780.png,ship
4781.png,ship
4782.png,deer
4783.png,horse
4784.png,truck
4785.png,truck
4786.png,frog
4787.png,frog
4788.png,airplane
4789.png,dog
4790.png,frog
4791.png,horse
4792.png,cat
4793.png,frog
4794.png,horse
4795.png,ship
4796.png,horse
4797.png,cat
4798.png,automobile
4799.png,airplane
4800.png,cat
4801.png,ship
4802.png,deer
4803.png,dog
4804.png,automobile
4805.png,ship
4806.png,frog
4807.png,bird
4808.png,ship
4809.png,dog
4810.png,horse
4811.png,frog
4812.png,bird
4813.png,ship
4814.png,frog
4815.png,dog
4816.png,ship
4817.png,airplane
4818.png,dog
4819.png,truck
4820.png,bird
4821.png,horse
4822.png,airplane
4823.png,dog
4824.png,ship
4825.png,frog
4826.png,ship
4827.png,truck
4828.png,cat
4829.png,ship
4830.png,cat
4831.png,bird
4832.png,frog
4833.png,ship
4834.png,horse
4835.png,ship
4836.png,cat
4837.png,cat
4838.png,ship
4839.png,dog
4840.png,deer
4841.png,automobile
4842.png,bird
4843.png,truck
4844.png,frog
4845.png,dog
4846.png,truck
4847.png,deer
4848.png,cat
4849.png,ship
4850.png,dog
4851.png,dog
4852.png,ship
4853.png,ship
4854.png,bird
4855.png,airplane
4856.png,cat
4857.png,automobile
4858.png,deer
4859.png,automobile
4860.png,airplane
4861.png,ship
4862.png,airplane
4863.png,dog
4864.png,ship
4865.png,deer
4866.png,truck
4867.png,automobile
4868.png,ship
4869.png,airplane
4870.png,airplane
4871.png,frog
4872.png,horse
4873.png,horse
4874.png,horse
4875.png,dog
4876.png,frog
4877.png,cat
4878.png,frog
4879.png,dog
4880.png,ship
4881.png,bird
4882.png,frog
4883.png,dog
4884.png,horse
4885.png,dog
4886.png,deer
4887.png,horse
4888.png,cat
4889.png,bird
4890.png,truck
4891.png,dog
4892.png,ship
4893.png,ship
4894.png,dog
4895.png,horse
4896.png,bird
4897.png,bird
4898.png,ship
4899.png,horse
4900.png,frog
4901.png,horse
4902.png,horse
4903.png,bird
4904.png,horse
4905.png,frog
4906.png,deer
4907.png,airplane
4908.png,frog
4909.png,cat
4910.png,automobile
4911.png,deer
4912.png,frog
4913.png,cat
4914.png,truck
4915.png,ship
4916.png,cat
4917.png,ship
4918.png,automobile
4919.png,airplane
4920.png,airplane
4921.png,dog
4922.png,cat
4923.png,dog
4924.png,ship
4925.png,deer
4926.png,airplane
4927.png,frog
4928.png,automobile
4929.png,horse
4930.png,airplane
4931.png,bird
4932.png,bird
4933.png,automobile
4934.png,horse
4935.png,cat
4936.png,airplane
4937.png,ship
4938.png,frog
4939.png,horse
4940.png,horse
4941.png,airplane
4942.png,airplane
4943.png,automobile
4944.png,deer
4945.png,automobile
4946.png,automobile
4947.png,frog
4948.png,frog
4949.png,frog
4950.png,automobile
4951.png,cat
4952.png,frog
4953.png,airplane
4954.png,automobile
4955.png,cat
4956.png,ship
4957.png,dog
4958.png,airplane
4959.png,automobile
4960.png,frog
4961.png,dog
4962.png,dog
4963.png,deer
4964.png,cat
4965.png,truck
4966.png,ship
4967.png,frog
4968.png,airplane
4969.png,dog
4970.png,deer
4971.png,truck
4972.png,bird
4973.png,ship
4974.png,deer
4975.png,ship
4976.png,ship
4977.png,bird
4978.png,automobile
4979.png,deer
4980.png,ship
4981.png,frog
4982.png,horse
4983.png,cat
4984.png,automobile
4985.png,cat
4986.png,deer
4987.png,truck
4988.png,deer
4989.png,ship
4990.png,deer
4991.png,dog
4992.png,airplane
4993.png,truck
4994.png,automobile
4995.png,cat
4996.png,ship
4997.png,horse
4998.png,dog
4999.png,deer
5000.png,frog
5001.png,frog
5002.png,horse
5003.png,truck
5004.png,airplane
5005.png,dog
5006.png,bird
5007.png,cat
5008.png,cat
5009.png,cat
5010.png,truck
5011.png,airplane
5012.png,truck
5013.png,bird
5014.png,truck
5015.png,automobile
5016.png,airplane
5017.png,bird
5018.png,cat
5019.png,truck
5020.png,frog
5021.png,frog
5022.png,automobile
5023.png,frog
5024.png,cat
5025.png,horse
5026.png,frog
5027.png,bird
5028.png,horse
5029.png,airplane
5030.png,deer
5031.png,ship
5032.png,truck
5033.png,frog
5034.png,airplane
5035.png,horse
5036.png,horse
5037.png,dog
5038.png,airplane
5039.png,deer
5040.png,dog
5041.png,truck
5042.png,frog
5043.png,deer
5044.png,dog
5045.png,horse
5046.png,truck
5047.png,cat
5048.png,horse
5049.png,ship
5050.png,dog
5051.png,airplane
5052.png,deer
5053.png,automobile
5054.png,cat
5055.png,ship
5056.png,frog
5057.png,truck
5058.png,dog
5059.png,horse
5060.png,frog
5061.png,horse
5062.png,horse
5063.png,cat
5064.png,deer
5065.png,bird
5066.png,cat
5067.png,frog
5068.png,deer
5069.png,dog
5070.png,airplane
5071.png,automobile
5072.png,truck
5073.png,cat
5074.png,ship
5075.png,deer
5076.png,deer
5077.png,automobile
5078.png,truck
5079.png,ship
5080.png,truck
5081.png,cat
5082.png,frog
5083.png,airplane
5084.png,truck
5085.png,automobile
5086.png,frog
5087.png,cat
5088.png,bird
5089.png,cat
5090.png,airplane
5091.png,dog
5092.png,ship
5093.png,ship
5094.png,airplane
5095.png,airplane
5096.png,frog
5097.png,bird
5098.png,cat
5099.png,dog
5100.png,automobile
5101.png,dog
5102.png,horse
5103.png,automobile
5104.png,airplane
5105.png,truck
5106.png,ship
5107.png,cat
5108.png,cat
5109.png,dog
5110.png,frog
5111.png,cat
5112.png,bird
5113.png,automobile
5114.png,cat
5115.png,horse
5116.png,airplane
5117.png,horse
5118.png,horse
5119.png,bird
5120.png,deer
5121.png,horse
5122.png,horse
5123.png,frog
5124.png,bird
5125.png,frog
5126.png,automobile
5127.png,horse
5128.png,bird
5129.png,cat
5130.png,cat
5131.png,airplane
5132.png,bird
5133.png,bird
5134.png,truck
5135.png,frog
5136.png,dog
5137.png,dog
5138.png,automobile
5139.png,truck
5140.png,horse
5141.png,truck
5142.png,deer
5143.png,frog
5144.png,deer
5145.png,automobile
5146.png,truck
5147.png,automobile
5148.png,cat
5149.png,frog
5150.png,automobile
5151.png,bird
5152.png,bird
5153.png,dog
5154.png,ship
5155.png,airplane
5156.png,ship
5157.png,dog
5158.png,automobile
5159.png,horse
5160.png,frog
5161.png,horse
5162.png,truck
5163.png,cat
5164.png,airplane
5165.png,truck
5166.png,bird
5167.png,bird
5168.png,frog
5169.png,horse
5170.png,frog
5171.png,truck
5172.png,automobile
5173.png,truck
5174.png,deer
5175.png,airplane
5176.png,dog
5177.png,frog
5178.png,frog
5179.png,deer
5180.png,deer
5181.png,deer
5182.png,automobile
5183.png,frog
5184.png,cat
5185.png,bird
5186.png,ship
5187.png,truck
5188.png,deer
5189.png,horse
5190.png,bird
5191.png,cat
5192.png,truck
5193.png,cat
5194.png,deer
5195.png,airplane
5196.png,automobile
5197.png,automobile
5198.png,automobile
5199.png,truck
5200.png,truck
5201.png,horse
5202.png,dog
5203.png,automobile
5204.png,truck
5205.png,bird
5206.png,dog
5207.png,frog
5208.png,automobile
5209.png,dog
5210.png,cat
5211.png,airplane
5212.png,automobile
5213.png,deer
5214.png,truck
5215.png,deer
5216.png,bird
5217.png,airplane
5218.png,ship
5219.png,cat
5220.png,bird
5221.png,horse
5222.png,cat
5223.png,ship
5224.png,frog
5225.png,automobile
5226.png,deer
5227.png,bird
5228.png,deer
5229.png,truck
5230.png,deer
5231.png,frog
5232.png,truck
5233.png,automobile
5234.png,dog
5235.png,truck
5236.png,truck
5237.png,automobile
5238.png,deer
5239.png,bird
5240.png,horse
5241.png,bird
5242.png,horse
5243.png,cat
5244.png,automobile
5245.png,truck
5246.png,ship
5247.png,ship
5248.png,automobile
5249.png,bird
5250.png,airplane
5251.png,ship
5252.png,ship
5253.png,bird
5254.png,ship
5255.png,horse
5256.png,ship
5257.png,deer
5258.png,automobile
5259.png,horse
5260.png,deer
5261.png,cat
5262.png,automobile
5263.png,ship
5264.png,frog
5265.png,deer
5266.png,dog
5267.png,airplane
5268.png,dog
5269.png,frog
5270.png,horse
5271.png,dog
5272.png,truck
5273.png,ship
5274.png,ship
5275.png,ship
5276.png,truck
5277.png,horse
5278.png,cat
5279.png,ship
5280.png,horse
5281.png,ship
5282.png,bird
5283.png,automobile
5284.png,ship
5285.png,ship
5286.png,deer
5287.png,truck
5288.png,automobile
5289.png,dog
5290.png,deer
5291.png,bird
5292.png,frog
5293.png,frog
5294.png,truck
5295.png,bird
5296.png,horse
5297.png,bird
5298.png,ship
5299.png,deer
5300.png,bird
5301.png,truck
5302.png,automobile
5303.png,frog
5304.png,dog
5305.png,ship
5306.png,dog
5307.png,truck
5308.png,horse
5309.png,frog
5310.png,bird
5311.png,truck
5312.png,automobile
5313.png,ship
5314.png,horse
5315.png,airplane
5316.png,truck
5317.png,truck
5318.png,horse
5319.png,frog
5320.png,cat
5321.png,truck
5322.png,cat
5323.png,airplane
5324.png,airplane
5325.png,airplane
5326.png,horse
5327.png,horse
5328.png,airplane
5329.png,horse
5330.png,cat
5331.png,truck
5332.png,airplane
5333.png,truck
5334.png,bird
5335.png,automobile
5336.png,dog
5337.png,horse
5338.png,automobile
5339.png,frog
5340.png,ship
5341.png,bird
5342.png,airplane
5343.png,deer
5344.png,bird
5345.png,automobile
5346.png,deer
5347.png,airplane
5348.png,deer
5349.png,ship
5350.png,airplane
5351.png,deer
5352.png,truck
5353.png,truck
5354.png,frog
5355.png,cat
5356.png,frog
5357.png,automobile
5358.png,horse
5359.png,deer
5360.png,frog
5361.png,ship
5362.png,frog
5363.png,airplane
5364.png,horse
5365.png,deer
5366.png,ship
5367.png,horse
5368.png,dog
5369.png,horse
5370.png,dog
5371.png,bird
5372.png,airplane
5373.png,dog
5374.png,ship
5375.png,frog
5376.png,frog
5377.png,frog
5378.png,ship
5379.png,ship
5380.png,dog
5381.png,frog
5382.png,frog
5383.png,truck
5384.png,truck
5385.png,bird
5386.png,horse
5387.png,bird
5388.png,automobile
5389.png,truck
5390.png,cat
5391.png,truck
5392.png,airplane
5393.png,automobile
5394.png,dog
5395.png,truck
5396.png,truck
5397.png,horse
5398.png,truck
5399.png,frog
5400.png,dog
5401.png,cat
5402.png,horse
5403.png,frog
5404.png,horse
5405.png,airplane
5406.png,deer
5407.png,bird
5408.png,cat
5409.png,truck
5410.png,frog
5411.png,bird
5412.png,dog
5413.png,horse
5414.png,dog
5415.png,airplane
5416.png,bird
5417.png,ship
5418.png,bird
5419.png,truck
5420.png,frog
5421.png,automobile
5422.png,dog
5423.png,automobile
5424.png,cat
5425.png,frog
5426.png,cat
5427.png,airplane
5428.png,ship
5429.png,airplane
5430.png,frog
5431.png,cat
5432.png,dog
5433.png,airplane
5434.png,automobile
5435.png,deer
5436.png,frog
5437.png,horse
5438.png,truck
5439.png,automobile
5440.png,dog
5441.png,deer
5442.png,airplane
5443.png,deer
5444.png,frog
5445.png,bird
5446.png,cat
5447.png,ship
5448.png,horse
5449.png,dog
5450.png,horse
5451.png,cat
5452.png,deer
5453.png,ship
5454.png,truck
5455.png,ship
5456.png,cat
5457.png,frog
5458.png,airplane
5459.png,dog
5460.png,automobile
5461.png,automobile
5462.png,truck
5463.png,deer
5464.png,ship
5465.png,truck
5466.png,truck
5467.png,truck
5468.png,dog
5469.png,airplane
5470.png,ship
5471.png,airplane
5472.png,bird
5473.png,airplane
5474.png,cat
5475.png,frog
5476.png,cat
5477.png,truck
5478.png,airplane
5479.png,cat
5480.png,cat
5481.png,ship
5482.png,airplane
5483.png,ship
5484.png,ship
5485.png,airplane
5486.png,truck
5487.png,deer
5488.png,ship
5489.png,deer
5490.png,frog
5491.png,deer
5492.png,deer
5493.png,cat
5494.png,cat
5495.png,airplane
5496.png,deer
5497.png,truck
5498.png,frog
5499.png,horse
5500.png,truck
5501.png,dog
5502.png,deer
5503.png,cat
5504.png,dog
5505.png,dog
5506.png,dog
5507.png,bird
5508.png,cat
5509.png,frog
5510.png,dog
5511.png,dog
5512.png,truck
5513.png,automobile
5514.png,frog
5515.png,deer
5516.png,automobile
5517.png,airplane
5518.png,dog
5519.png,horse
5520.png,truck
5521.png,cat
5522.png,airplane
5523.png,frog
5524.png,ship
5525.png,truck
5526.png,horse
5527.png,frog
5528.png,bird
5529.png,ship
5530.png,airplane
5531.png,airplane
5532.png,bird
5533.png,truck
5534.png,airplane
5535.png,cat
5536.png,bird
5537.png,horse
5538.png,bird
5539.png,horse
5540.png,cat
5541.png,bird
5542.png,cat
5543.png,horse
5544.png,horse
5545.png,dog
5546.png,cat
5547.png,ship
5548.png,dog
5549.png,deer
5550.png,airplane
5551.png,bird
5552.png,truck
5553.png,automobile
5554.png,cat
5555.png,bird
5556.png,dog
5557.png,ship
5558.png,airplane
5559.png,frog
5560.png,automobile
5561.png,horse
5562.png,dog
5563.png,truck
5564.png,horse
5565.png,horse
5566.png,dog
5567.png,airplane
5568.png,automobile
5569.png,automobile
5570.png,truck
5571.png,deer
5572.png,bird
5573.png,automobile
5574.png,ship
5575.png,bird
5576.png,bird
5577.png,bird
5578.png,horse
5579.png,cat
5580.png,horse
5581.png,airplane
5582.png,deer
5583.png,frog
5584.png,frog
5585.png,bird
5586.png,truck
5587.png,cat
5588.png,airplane
5589.png,frog
5590.png,airplane
5591.png,automobile
5592.png,truck
5593.png,cat
5594.png,dog
5595.png,deer
5596.png,truck
5597.png,frog
5598.png,horse
5599.png,cat
5600.png,frog
5601.png,ship
5602.png,cat
5603.png,truck
5604.png,bird
5605.png,airplane
5606.png,truck
5607.png,dog
5608.png,deer
5609.png,horse
5610.png,bird
5611.png,cat
5612.png,truck
5613.png,truck
5614.png,dog
5615.png,airplane
5616.png,cat
5617.png,automobile
5618.png,horse
5619.png,bird
5620.png,deer
5621.png,horse
5622.png,truck
5623.png,truck
5624.png,airplane
5625.png,deer
5626.png,deer
5627.png,dog
5628.png,automobile
5629.png,horse
5630.png,automobile
5631.png,ship
5632.png,deer
5633.png,automobile
5634.png,deer
5635.png,bird
5636.png,automobile
5637.png,frog
5638.png,truck
5639.png,bird
5640.png,bird
5641.png,airplane
5642.png,ship
5643.png,airplane
5644.png,ship
5645.png,ship
5646.png,dog
5647.png,dog
5648.png,bird
5649.png,ship
5650.png,airplane
5651.png,truck
5652.png,dog
5653.png,horse
5654.png,deer
5655.png,truck
5656.png,dog
5657.png,bird
5658.png,airplane
5659.png,ship
5660.png,airplane
5661.png,bird
5662.png,frog
5663.png,truck
5664.png,automobile
5665.png,cat
5666.png,airplane
5667.png,automobile
5668.png,ship
5669.png,truck
5670.png,deer
5671.png,dog
5672.png,truck
5673.png,ship
5674.png,airplane
5675.png,horse
5676.png,ship
5677.png,deer
5678.png,deer
5679.png,cat
5680.png,frog
5681.png,frog
5682.png,dog
5683.png,frog
5684.png,automobile
5685.png,airplane
5686.png,automobile
5687.png,bird
5688.png,ship
5689.png,truck
5690.png,frog
5691.png,dog
5692.png,truck
5693.png,truck
5694.png,truck
5695.png,frog
5696.png,dog
5697.png,airplane
5698.png,truck
5699.png,dog
5700.png,airplane
5701.png,dog
5702.png,ship
5703.png,airplane
5704.png,airplane
5705.png,deer
5706.png,cat
5707.png,deer
5708.png,bird
5709.png,frog
5710.png,automobile
5711.png,horse
5712.png,frog
5713.png,bird
5714.png,cat
5715.png,automobile
5716.png,bird
5717.png,ship
5718.png,bird
5719.png,frog
5720.png,airplane
5721.png,cat
5722.png,deer
5723.png,automobile
5724.png,frog
5725.png,bird
5726.png,cat
5727.png,deer
5728.png,bird
5729.png,frog
5730.png,dog
5731.png,ship
5732.png,truck
5733.png,ship
5734.png,cat
5735.png,dog
5736.png,horse
5737.png,dog
5738.png,horse
5739.png,airplane
5740.png,deer
5741.png,frog
5742.png,cat
5743.png,deer
5744.png,airplane
5745.png,cat
5746.png,frog
5747.png,bird
5748.png,automobile
5749.png,horse
5750.png,dog
5751.png,ship
5752.png,dog
5753.png,ship
5754.png,horse
5755.png,deer
5756.png,dog
5757.png,deer
5758.png,airplane
5759.png,bird
5760.png,automobile
5761.png,dog
5762.png,horse
5763.png,bird
5764.png,frog
5765.png,ship
5766.png,airplane
5767.png,horse
5768.png,horse
5769.png,deer
5770.png,automobile
5771.png,airplane
5772.png,horse
5773.png,truck
5774.png,bird
5775.png,horse
5776.png,airplane
5777.png,truck
5778.png,ship
5779.png,horse
5780.png,horse
5781.png,dog
5782.png,bird
5783.png,horse
5784.png,truck
5785.png,horse
5786.png,frog
5787.png,deer
5788.png,ship
5789.png,deer
5790.png,frog
5791.png,deer
5792.png,automobile
5793.png,horse
5794.png,truck
5795.png,ship
5796.png,ship
5797.png,frog
5798.png,cat
5799.png,horse
5800.png,cat
5801.png,cat
5802.png,truck
5803.png,horse
5804.png,airplane
5805.png,horse
5806.png,automobile
5807.png,ship
5808.png,ship
5809.png,dog
5810.png,horse
5811.png,automobile
5812.png,automobile
5813.png,horse
5814.png,deer
5815.png,airplane
5816.png,deer
5817.png,automobile
5818.png,bird
5819.png,bird
5820.png,truck
5821.png,ship
5822.png,horse
5823.png,automobile
5824.png,cat
5825.png,bird
5826.png,bird
5827.png,deer
5828.png,automobile
5829.png,airplane
5830.png,deer
5831.png,dog
5832.png,automobile
5833.png,dog
5834.png,frog
5835.png,automobile
5836.png,ship
5837.png,bird
5838.png,dog
5839.png,cat
5840.png,truck
5841.png,dog
5842.png,automobile
5843.png,horse
5844.png,airplane
5845.png,deer
5846.png,frog
5847.png,horse
5848.png,bird
5849.png,cat
5850.png,dog
5851.png,dog
5852.png,truck
5853.png,airplane
5854.png,dog
5855.png,horse
5856.png,ship
5857.png,cat
5858.png,frog
5859.png,airplane
5860.png,cat
5861.png,automobile
5862.png,truck
5863.png,bird
5864.png,horse
5865.png,airplane
5866.png,truck
5867.png,ship
5868.png,bird
5869.png,truck
5870.png,ship
5871.png,cat
5872.png,bird
5873.png,dog
5874.png,airplane
5875.png,airplane
5876.png,ship
5877.png,cat
5878.png,cat
5879.png,frog
5880.png,frog
5881.png,deer
5882.png,truck
5883.png,frog
5884.png,airplane
5885.png,truck
5886.png,automobile
5887.png,dog
5888.png,horse
5889.png,airplane
5890.png,bird
5891.png,horse
5892.png,ship
5893.png,bird
5894.png,truck
5895.png,deer
5896.png,automobile
5897.png,cat
5898.png,automobile
5899.png,frog
5900.png,dog
5901.png,frog
5902.png,bird
5903.png,deer
5904.png,bird
5905.png,ship
5906.png,dog
5907.png,ship
5908.png,frog
5909.png,deer
5910.png,deer
5911.png,ship
5912.png,ship
5913.png,frog
5914.png,bird
5915.png,cat
5916.png,cat
5917.png,ship
5918.png,automobile
5919.png,cat
5920.png,deer
5921.png,dog
5922.png,frog
5923.png,bird
5924.png,truck
5925.png,airplane
5926.png,horse
5927.png,bird
5928.png,horse
5929.png,airplane
5930.png,ship
5931.png,horse
5932.png,deer
5933.png,ship
5934.png,bird
5935.png,horse
5936.png,horse
5937.png,horse
5938.png,truck
5939.png,truck
5940.png,automobile
5941.png,deer
5942.png,ship
5943.png,cat
5944.png,horse
5945.png,deer
5946.png,cat
5947.png,deer
5948.png,automobile
5949.png,ship
5950.png,ship
5951.png,deer
5952.png,automobile
5953.png,airplane
5954.png,ship
5955.png,airplane
5956.png,airplane
5957.png,airplane
5958.png,deer
5959.png,horse
5960.png,automobile
5961.png,dog
5962.png,dog
5963.png,dog
5964.png,cat
5965.png,frog
5966.png,dog
5967.png,cat
5968.png,bird
5969.png,truck
5970.png,airplane
5971.png,dog
5972.png,automobile
5973.png,airplane
5974.png,airplane
5975.png,truck
5976.png,automobile
5977.png,horse
5978.png,ship
5979.png,truck
5980.png,bird
5981.png,cat
5982.png,dog
5983.png,horse
5984.png,automobile
5985.png,airplane
5986.png,ship
5987.png,ship
5988.png,ship
5989.png,airplane
5990.png,horse
5991.png,bird
5992.png,horse
5993.png,bird
5994.png,dog
5995.png,airplane
5996.png,horse
5997.png,horse
5998.png,truck
5999.png,deer
6000.png,ship
6001.png,frog
6002.png,dog
6003.png,truck
6004.png,frog
6005.png,ship
6006.png,frog
6007.png,truck
6008.png,deer
6009.png,airplane
6010.png,deer
6011.png,horse
6012.png,bird
6013.png,truck
6014.png,airplane
6015.png,cat
6016.png,airplane
6017.png,truck
6018.png,dog
6019.png,bird
6020.png,bird
6021.png,automobile
6022.png,deer
6023.png,deer
6024.png,bird
6025.png,dog
6026.png,frog
6027.png,bird
6028.png,deer
6029.png,bird
6030.png,dog
6031.png,cat
6032.png,automobile
6033.png,horse
6034.png,dog
6035.png,truck
6036.png,frog
6037.png,truck
6038.png,dog
6039.png,truck
6040.png,deer
6041.png,automobile
6042.png,bird
6043.png,dog
6044.png,truck
6045.png,ship
6046.png,cat
6047.png,frog
6048.png,dog
6049.png,dog
6050.png,deer
6051.png,ship
6052.png,horse
6053.png,truck
6054.png,dog
6055.png,airplane
6056.png,ship
6057.png,deer
6058.png,truck
6059.png,dog
6060.png,horse
6061.png,cat
6062.png,cat
6063.png,airplane
6064.png,bird
6065.png,automobile
6066.png,dog
6067.png,truck
6068.png,airplane
6069.png,automobile
6070.png,bird
6071.png,cat
6072.png,cat
6073.png,horse
6074.png,bird
6075.png,automobile
6076.png,airplane
6077.png,horse
6078.png,horse
6079.png,automobile
6080.png,cat
6081.png,deer
6082.png,bird
6083.png,dog
6084.png,truck
6085.png,deer
6086.png,airplane
6087.png,ship
6088.png,truck
6089.png,dog
6090.png,cat
6091.png,airplane
6092.png,dog
6093.png,dog
6094.png,frog
6095.png,dog
6096.png,frog
6097.png,frog
6098.png,bird
6099.png,airplane
6100.png,ship
6101.png,dog
6102.png,frog
6103.png,dog
6104.png,deer
6105.png,dog
6106.png,dog
6107.png,bird
6108.png,frog
6109.png,cat
6110.png,automobile
6111.png,deer
6112.png,truck
6113.png,airplane
6114.png,airplane
6115.png,truck
6116.png,deer
6117.png,truck
6118.png,horse
6119.png,frog
6120.png,horse
6121.png,automobile
6122.png,automobile
6123.png,automobile
6124.png,ship
6125.png,airplane
6126.png,frog
6127.png,bird
6128.png,frog
6129.png,deer
6130.png,truck
6131.png,automobile
6132.png,dog
6133.png,airplane
6134.png,bird
6135.png,ship
6136.png,cat
6137.png,automobile
6138.png,automobile
6139.png,ship
6140.png,ship
6141.png,dog
6142.png,automobile
6143.png,airplane
6144.png,ship
6145.png,deer
6146.png,frog
6147.png,bird
6148.png,horse
6149.png,frog
6150.png,truck
6151.png,truck
6152.png,cat
6153.png,truck
6154.png,ship
6155.png,dog
6156.png,dog
6157.png,bird
6158.png,horse
6159.png,truck
6160.png,ship
6161.png,ship
6162.png,automobile
6163.png,cat
6164.png,truck
6165.png,horse
6166.png,airplane
6167.png,ship
6168.png,cat
6169.png,deer
6170.png,cat
6171.png,airplane
6172.png,truck
6173.png,frog
6174.png,deer
6175.png,truck
6176.png,deer
6177.png,ship
6178.png,bird
6179.png,truck
6180.png,frog
6181.png,deer
6182.png,deer
6183.png,ship
6184.png,truck
6185.png,dog
6186.png,cat
6187.png,cat
6188.png,airplane
6189.png,airplane
6190.png,horse
6191.png,airplane
6192.png,automobile
6193.png,ship
6194.png,frog
6195.png,horse
6196.png,truck
6197.png,automobile
6198.png,horse
6199.png,cat
6200.png,cat
6201.png,cat
6202.png,truck
6203.png,dog
6204.png,deer
6205.png,deer
6206.png,cat
6207.png,deer
6208.png,cat
6209.png,cat
6210.png,bird
6211.png,bird
6212.png,deer
6213.png,deer
6214.png,frog
6215.png,deer
6216.png,dog
6217.png,horse
6218.png,cat
6219.png,horse
6220.png,ship
6221.png,dog
6222.png,airplane
6223.png,dog
6224.png,cat
6225.png,frog
6226.png,ship
6227.png,automobile
6228.png,bird
6229.png,bird
6230.png,cat
6231.png,bird
6232.png,automobile
6233.png,dog
6234.png,automobile
6235.png,deer
6236.png,horse
6237.png,bird
6238.png,truck
6239.png,ship
6240.png,horse
6241.png,airplane
6242.png,automobile
6243.png,airplane
6244.png,deer
6245.png,automobile
6246.png,truck
6247.png,frog
6248.png,ship
6249.png,dog
6250.png,deer
6251.png,ship
6252.png,deer
6253.png,frog
6254.png,dog
6255.png,frog
6256.png,horse
6257.png,cat
6258.png,horse
6259.png,truck
6260.png,dog
6261.png,airplane
6262.png,horse
6263.png,frog
6264.png,cat
6265.png,truck
6266.png,bird
6267.png,deer
6268.png,frog
6269.png,truck
6270.png,automobile
6271.png,deer
6272.png,horse
6273.png,automobile
6274.png,frog
6275.png,deer
6276.png,truck
6277.png,airplane
6278.png,frog
6279.png,horse
6280.png,dog
6281.png,deer
6282.png,deer
6283.png,truck
6284.png,horse
6285.png,cat
6286.png,automobile
6287.png,truck
6288.png,horse
6289.png,truck
6290.png,deer
6291.png,frog
6292.png,horse
6293.png,deer
6294.png,truck
6295.png,frog
6296.png,automobile
6297.png,bird
6298.png,frog
6299.png,deer
6300.png,horse
6301.png,frog
6302.png,horse
6303.png,automobile
6304.png,deer
6305.png,cat
6306.png,bird
6307.png,cat
6308.png,horse
6309.png,airplane
6310.png,cat
6311.png,truck
6312.png,deer
6313.png,airplane
6314.png,airplane
6315.png,deer
6316.png,bird
6317.png,ship
6318.png,bird
6319.png,automobile
6320.png,cat
6321.png,horse
6322.png,horse
6323.png,ship
6324.png,bird
6325.png,cat
6326.png,automobile
6327.png,horse
6328.png,bird
6329.png,airplane
6330.png,horse
6331.png,cat
6332.png,deer
6333.png,cat
6334.png,dog
6335.png,bird
6336.png,horse
6337.png,frog
6338.png,ship
6339.png,dog
6340.png,deer
6341.png,dog
6342.png,bird
6343.png,ship
6344.png,cat
6345.png,deer
6346.png,dog
6347.png,ship
6348.png,automobile
6349.png,cat
6350.png,automobile
6351.png,frog
6352.png,cat
6353.png,dog
6354.png,automobile
6355.png,airplane
6356.png,dog
6357.png,automobile
6358.png,truck
6359.png,dog
6360.png,bird
6361.png,truck
6362.png,deer
6363.png,bird
6364.png,horse
6365.png,truck
6366.png,truck
6367.png,automobile
6368.png,frog
6369.png,cat
6370.png,bird
6371.png,airplane
6372.png,automobile
6373.png,horse
6374.png,airplane
6375.png,airplane
6376.png,automobile
6377.png,airplane
6378.png,dog
6379.png,deer
6380.png,ship
6381.png,airplane
6382.png,truck
6383.png,airplane
6384.png,automobile
6385.png,truck
6386.png,cat
6387.png,horse
6388.png,deer
6389.png,bird
6390.png,deer
6391.png,bird
6392.png,frog
6393.png,bird
6394.png,airplane
6395.png,cat
6396.png,frog
6397.png,airplane
6398.png,ship
6399.png,horse
6400.png,airplane
6401.png,airplane
6402.png,horse
6403.png,cat
6404.png,ship
6405.png,cat
6406.png,cat
6407.png,frog
6408.png,ship
6409.png,bird
6410.png,horse
6411.png,deer
6412.png,automobile
6413.png,bird
6414.png,truck
6415.png,bird
6416.png,deer
6417.png,frog
6418.png,frog
6419.png,ship
6420.png,dog
6421.png,automobile
6422.png,deer
6423.png,cat
6424.png,horse
6425.png,dog
6426.png,airplane
6427.png,truck
6428.png,bird
6429.png,airplane
6430.png,automobile
6431.png,cat
6432.png,truck
6433.png,deer
6434.png,cat
6435.png,automobile
6436.png,ship
6437.png,dog
6438.png,deer
6439.png,truck
6440.png,truck
6441.png,airplane
6442.png,horse
6443.png,frog
6444.png,dog
6445.png,dog
6446.png,bird
6447.png,automobile
6448.png,frog
6449.png,bird
6450.png,horse
6451.png,deer
6452.png,frog
6453.png,deer
6454.png,automobile
6455.png,frog
6456.png,dog
6457.png,automobile
6458.png,truck
6459.png,cat
6460.png,ship
6461.png,horse
6462.png,bird
6463.png,cat
6464.png,frog
6465.png,automobile
6466.png,deer
6467.png,cat
6468.png,bird
6469.png,ship
6470.png,bird
6471.png,ship
6472.png,frog
6473.png,deer
6474.png,frog
6475.png,ship
6476.png,deer
6477.png,dog
6478.png,bird
6479.png,ship
6480.png,airplane
6481.png,truck
6482.png,horse
6483.png,cat
6484.png,dog
6485.png,bird
6486.png,deer
6487.png,frog
6488.png,horse
6489.png,bird
6490.png,automobile
6491.png,cat
6492.png,cat
6493.png,cat
6494.png,cat
6495.png,automobile
6496.png,automobile
6497.png,cat
6498.png,horse
6499.png,deer
6500.png,bird
6501.png,frog
6502.png,ship
6503.png,bird
6504.png,airplane
6505.png,airplane
6506.png,deer
6507.png,frog
6508.png,cat
6509.png,ship
6510.png,deer
6511.png,frog
6512.png,cat
6513.png,airplane
6514.png,horse
6515.png,ship
6516.png,automobile
6517.png,truck
6518.png,frog
6519.png,airplane
6520.png,dog
6521.png,bird
6522.png,frog
6523.png,horse
6524.png,frog
6525.png,deer
6526.png,truck
6527.png,frog
6528.png,deer
6529.png,horse
6530.png,ship
6531.png,dog
6532.png,truck
6533.png,deer
6534.png,dog
6535.png,automobile
6536.png,deer
6537.png,frog
6538.png,frog
6539.png,horse
6540.png,truck
6541.png,cat
6542.png,ship
6543.png,bird
6544.png,airplane
6545.png,automobile
6546.png,frog
6547.png,truck
6548.png,bird
6549.png,frog
6550.png,bird
6551.png,automobile
6552.png,frog
6553.png,horse
6554.png,airplane
6555.png,frog
6556.png,cat
6557.png,cat
6558.png,cat
6559.png,bird
6560.png,automobile
6561.png,deer
6562.png,dog
6563.png,deer
6564.png,airplane
6565.png,horse
6566.png,ship
6567.png,frog
6568.png,cat
6569.png,horse
6570.png,deer
6571.png,airplane
6572.png,truck
6573.png,frog
6574.png,horse
6575.png,cat
6576.png,dog
6577.png,ship
6578.png,dog
6579.png,frog
6580.png,truck
6581.png,dog
6582.png,frog
6583.png,frog
6584.png,bird
6585.png,cat
6586.png,cat
6587.png,deer
6588.png,truck
6589.png,horse
6590.png,automobile
6591.png,cat
6592.png,deer
6593.png,frog
6594.png,bird
6595.png,deer
6596.png,cat
6597.png,cat
6598.png,airplane
6599.png,ship
6600.png,frog
6601.png,horse
6602.png,horse
6603.png,cat
6604.png,deer
6605.png,dog
6606.png,deer
6607.png,bird
6608.png,cat
6609.png,automobile
6610.png,airplane
6611.png,truck
6612.png,deer
6613.png,deer
6614.png,deer
6615.png,bird
6616.png,dog
6617.png,bird
6618.png,airplane
6619.png,cat
6620.png,cat
6621.png,frog
6622.png,bird
6623.png,dog
6624.png,automobile
6625.png,horse
6626.png,truck
6627.png,bird
6628.png,ship
6629.png,bird
6630.png,airplane
6631.png,automobile
6632.png,ship
6633.png,ship
6634.png,horse
6635.png,bird
6636.png,cat
6637.png,deer
6638.png,cat
6639.png,bird
6640.png,automobile
6641.png,airplane
6642.png,horse
6643.png,dog
6644.png,truck
6645.png,truck
6646.png,frog
6647.png,ship
6648.png,frog
6649.png,bird
6650.png,cat
6651.png,airplane
6652.png,ship
6653.png,deer
6654.png,horse
6655.png,deer
6656.png,horse
6657.png,automobile
6658.png,truck
6659.png,cat
6660.png,automobile
6661.png,bird
6662.png,automobile
6663.png,truck
6664.png,airplane
6665.png,frog
6666.png,airplane
6667.png,truck
6668.png,ship
6669.png,automobile
6670.png,cat
6671.png,automobile
6672.png,truck
6673.png,frog
6674.png,automobile
6675.png,cat
6676.png,dog
6677.png,horse
6678.png,horse
6679.png,automobile
6680.png,ship
6681.png,horse
6682.png,deer
6683.png,airplane
6684.png,automobile
6685.png,cat
6686.png,bird
6687.png,frog
6688.png,airplane
6689.png,airplane
6690.png,dog
6691.png,cat
6692.png,bird
6693.png,truck
6694.png,truck
6695.png,dog
6696.png,horse
6697.png,horse
6698.png,dog
6699.png,dog
6700.png,horse
6701.png,cat
6702.png,automobile
6703.png,airplane
6704.png,automobile
6705.png,bird
6706.png,truck
6707.png,truck
6708.png,dog
6709.png,truck
6710.png,automobile
6711.png,deer
6712.png,airplane
6713.png,frog
6714.png,horse
6715.png,cat
6716.png,horse
6717.png,cat
6718.png,ship
6719.png,ship
6720.png,airplane
6721.png,deer
6722.png,frog
6723.png,frog
6724.png,dog
6725.png,cat
6726.png,automobile
6727.png,horse
6728.png,truck
6729.png,ship
6730.png,cat
6731.png,dog
6732.png,automobile
6733.png,cat
6734.png,automobile
6735.png,horse
6736.png,airplane
6737.png,automobile
6738.png,automobile
6739.png,bird
6740.png,horse
6741.png,ship
6742.png,frog
6743.png,cat
6744.png,airplane
6745.png,bird
6746.png,frog
6747.png,truck
6748.png,frog
6749.png,horse
6750.png,frog
6751.png,frog
6752.png,automobile
6753.png,horse
6754.png,cat
6755.png,frog
6756.png,frog
6757.png,ship
6758.png,bird
6759.png,cat
6760.png,horse
6761.png,dog
6762.png,airplane
6763.png,ship
6764.png,horse
6765.png,horse
6766.png,automobile
6767.png,truck
6768.png,cat
6769.png,frog
6770.png,automobile
6771.png,deer
6772.png,dog
6773.png,bird
6774.png,ship
6775.png,bird
6776.png,ship
6777.png,horse
6778.png,frog
6779.png,dog
6780.png,automobile
6781.png,deer
6782.png,dog
6783.png,cat
6784.png,cat
6785.png,truck
6786.png,deer
6787.png,automobile
6788.png,cat
6789.png,ship
6790.png,ship
6791.png,cat
6792.png,ship
6793.png,horse
6794.png,horse
6795.png,dog
6796.png,frog
6797.png,ship
6798.png,dog
6799.png,automobile
6800.png,bird
6801.png,horse
6802.png,bird
6803.png,bird
6804.png,ship
6805.png,frog
6806.png,bird
6807.png,ship
6808.png,dog
6809.png,horse
6810.png,deer
6811.png,frog
6812.png,truck
6813.png,cat
6814.png,automobile
6815.png,automobile
6816.png,dog
6817.png,bird
6818.png,ship
6819.png,horse
6820.png,automobile
6821.png,automobile
6822.png,horse
6823.png,horse
6824.png,ship
6825.png,frog
6826.png,ship
6827.png,frog
6828.png,horse
6829.png,automobile
6830.png,frog
6831.png,ship
6832.png,automobile
6833.png,frog
6834.png,airplane
6835.png,truck
6836.png,truck
6837.png,bird
6838.png,cat
6839.png,deer
6840.png,horse
6841.png,deer
6842.png,horse
6843.png,horse
6844.png,bird
6845.png,deer
6846.png,truck
6847.png,ship
6848.png,cat
6849.png,ship
6850.png,cat
6851.png,horse
6852.png,automobile
6853.png,deer
6854.png,dog
6855.png,frog
6856.png,cat
6857.png,bird
6858.png,bird
6859.png,airplane
6860.png,frog
6861.png,airplane
6862.png,truck
6863.png,ship
6864.png,deer
6865.png,horse
6866.png,horse
6867.png,dog
6868.png,airplane
6869.png,cat
6870.png,automobile
6871.png,truck
6872.png,automobile
6873.png,cat
6874.png,dog
6875.png,dog
6876.png,deer
6877.png,horse
6878.png,deer
6879.png,dog
6880.png,deer
6881.png,ship
6882.png,ship
6883.png,ship
6884.png,cat
6885.png,bird
6886.png,automobile
6887.png,bird
6888.png,truck
6889.png,frog
6890.png,automobile
6891.png,truck
6892.png,deer
6893.png,horse
6894.png,frog
6895.png,deer
6896.png,automobile
6897.png,automobile
6898.png,deer
6899.png,ship
6900.png,automobile
6901.png,truck
6902.png,bird
6903.png,cat
6904.png,truck
6905.png,airplane
6906.png,cat
6907.png,truck
6908.png,deer
6909.png,automobile
6910.png,ship
6911.png,cat
6912.png,deer
6913.png,ship
6914.png,cat
6915.png,cat
6916.png,automobile
6917.png,ship
6918.png,bird
6919.png,frog
6920.png,airplane
6921.png,airplane
6922.png,bird
6923.png,automobile
6924.png,airplane
6925.png,deer
6926.png,frog
6927.png,frog
6928.png,bird
6929.png,automobile
6930.png,airplane
6931.png,cat
6932.png,automobile
6933.png,frog
6934.png,automobile
6935.png,truck
6936.png,frog
6937.png,cat
6938.png,truck
6939.png,frog
6940.png,horse
6941.png,deer
6942.png,frog
6943.png,ship
6944.png,deer
6945.png,bird
6946.png,cat
6947.png,bird
6948.png,airplane
6949.png,ship
6950.png,frog
6951.png,deer
6952.png,truck
6953.png,airplane
6954.png,horse
6955.png,airplane
6956.png,automobile
6957.png,bird
6958.png,dog
6959.png,dog
6960.png,automobile
6961.png,frog
6962.png,cat
6963.png,frog
6964.png,bird
6965.png,ship
6966.png,dog
6967.png,horse
6968.png,automobile
6969.png,frog
6970.png,automobile
6971.png,bird
6972.png,automobile
6973.png,airplane
6974.png,airplane
6975.png,ship
6976.png,ship
6977.png,bird
6978.png,ship
6979.png,dog
6980.png,horse
6981.png,cat
6982.png,cat
6983.png,dog
6984.png,deer
6985.png,truck
6986.png,deer
6987.png,horse
6988.png,frog
6989.png,automobile
6990.png,ship
6991.png,deer
6992.png,truck
6993.png,horse
6994.png,deer
6995.png,cat
6996.png,ship
6997.png,bird
6998.png,truck
6999.png,horse
7000.png,horse
7001.png,dog
7002.png,frog
7003.png,airplane
7004.png,frog
7005.png,cat
7006.png,automobile
7007.png,cat
7008.png,ship
7009.png,bird
7010.png,bird
7011.png,truck
7012.png,horse
7013.png,ship
7014.png,ship
7015.png,airplane
7016.png,airplane
7017.png,horse
7018.png,dog
7019.png,automobile
7020.png,automobile
7021.png,frog
7022.png,dog
7023.png,ship
7024.png,horse
7025.png,deer
7026.png,frog
7027.png,bird
7028.png,horse
7029.png,horse
7030.png,ship
7031.png,horse
7032.png,dog
7033.png,dog
7034.png,horse
7035.png,frog
7036.png,deer
7037.png,frog
7038.png,bird
7039.png,bird
7040.png,ship
7041.png,truck
7042.png,frog
7043.png,truck
7044.png,deer
7045.png,frog
7046.png,ship
7047.png,ship
7048.png,bird
7049.png,automobile
7050.png,cat
7051.png,cat
7052.png,ship
7053.png,deer
7054.png,airplane
7055.png,deer
7056.png,horse
7057.png,bird
7058.png,dog
7059.png,deer
7060.png,deer
7061.png,airplane
7062.png,ship
7063.png,deer
7064.png,cat
7065.png,frog
7066.png,cat
7067.png,ship
7068.png,ship
7069.png,bird
7070.png,truck
7071.png,frog
7072.png,truck
7073.png,dog
7074.png,frog
7075.png,bird
7076.png,cat
7077.png,horse
7078.png,automobile
7079.png,deer
7080.png,horse
7081.png,truck
7082.png,airplane
7083.png,dog
7084.png,ship
7085.png,frog
7086.png,horse
7087.png,cat
7088.png,automobile
7089.png,horse
7090.png,bird
7091.png,dog
7092.png,frog
7093.png,frog
7094.png,airplane
7095.png,dog
7096.png,airplane
7097.png,ship
7098.png,deer
7099.png,bird
7100.png,deer
7101.png,deer
7102.png,horse
7103.png,automobile
7104.png,dog
7105.png,ship
7106.png,dog
7107.png,bird
7108.png,cat
7109.png,ship
7110.png,ship
7111.png,deer
7112.png,truck
7113.png,ship
7114.png,dog
7115.png,truck
7116.png,dog
7117.png,bird
7118.png,dog
7119.png,ship
7120.png,deer
7121.png,horse
7122.png,cat
7123.png,cat
7124.png,cat
7125.png,automobile
7126.png,cat
7127.png,ship
7128.png,truck
7129.png,cat
7130.png,ship
7131.png,automobile
7132.png,ship
7133.png,cat
7134.png,frog
7135.png,truck
7136.png,bird
7137.png,bird
7138.png,frog
7139.png,cat
7140.png,dog
7141.png,dog
7142.png,horse
7143.png,cat
7144.png,frog
7145.png,airplane
7146.png,automobile
7147.png,bird
7148.png,automobile
7149.png,automobile
7150.png,ship
7151.png,dog
7152.png,bird
7153.png,horse
7154.png,cat
7155.png,deer
7156.png,deer
7157.png,ship
7158.png,dog
7159.png,dog
7160.png,frog
7161.png,dog
7162.png,cat
7163.png,dog
7164.png,deer
7165.png,dog
7166.png,bird
7167.png,bird
7168.png,truck
7169.png,airplane
7170.png,ship
7171.png,truck
7172.png,cat
7173.png,frog
7174.png,automobile
7175.png,airplane
7176.png,frog
7177.png,automobile
7178.png,automobile
7179.png,bird
7180.png,airplane
7181.png,cat
7182.png,dog
7183.png,horse
7184.png,airplane
7185.png,bird
7186.png,horse
7187.png,horse
7188.png,airplane
7189.png,deer
7190.png,dog
7191.png,frog
7192.png,horse
7193.png,dog
7194.png,horse
7195.png,bird
7196.png,dog
7197.png,airplane
7198.png,horse
7199.png,automobile
7200.png,truck
7201.png,cat
7202.png,horse
7203.png,frog
7204.png,airplane
7205.png,horse
7206.png,cat
7207.png,deer
7208.png,deer
7209.png,dog
7210.png,bird
7211.png,truck
7212.png,bird
7213.png,airplane
7214.png,cat
7215.png,automobile
7216.png,frog
7217.png,bird
7218.png,bird
7219.png,deer
7220.png,horse
7221.png,cat
7222.png,automobile
7223.png,ship
7224.png,horse
7225.png,cat
7226.png,airplane
7227.png,frog
7228.png,dog
7229.png,cat
7230.png,dog
7231.png,cat
7232.png,ship
7233.png,frog
7234.png,ship
7235.png,cat
7236.png,cat
7237.png,dog
7238.png,ship
7239.png,automobile
7240.png,frog
7241.png,truck
7242.png,dog
7243.png,frog
7244.png,airplane
7245.png,truck
7246.png,truck
7247.png,dog
7248.png,frog
7249.png,ship
7250.png,truck
7251.png,frog
7252.png,airplane
7253.png,frog
7254.png,cat
7255.png,frog
7256.png,automobile
7257.png,airplane
7258.png,frog
7259.png,bird
7260.png,cat
7261.png,dog
7262.png,automobile
7263.png,truck
7264.png,airplane
7265.png,frog
7266.png,frog
7267.png,dog
7268.png,frog
7269.png,cat
7270.png,deer
7271.png,dog
7272.png,automobile
7273.png,frog
7274.png,horse
7275.png,deer
7276.png,bird
7277.png,truck
7278.png,frog
7279.png,frog
7280.png,bird
7281.png,dog
7282.png,ship
7283.png,ship
7284.png,deer
7285.png,automobile
7286.png,horse
7287.png,automobile
7288.png,ship
7289.png,automobile
7290.png,automobile
7291.png,cat
7292.png,horse
7293.png,truck
7294.png,dog
7295.png,ship
7296.png,deer
7297.png,deer
7298.png,automobile
7299.png,bird
7300.png,airplane
7301.png,automobile
7302.png,deer
7303.png,truck
7304.png,bird
7305.png,horse
7306.png,dog
7307.png,ship
7308.png,cat
7309.png,bird
7310.png,cat
7311.png,ship
7312.png,airplane
7313.png,automobile
7314.png,cat
7315.png,horse
7316.png,frog
7317.png,frog
7318.png,deer
7319.png,cat
7320.png,dog
7321.png,airplane
7322.png,frog
7323.png,deer
7324.png,horse
7325.png,automobile
7326.png,horse
7327.png,automobile
7328.png,airplane
7329.png,airplane
7330.png,ship
7331.png,bird
7332.png,horse
7333.png,bird
7334.png,horse
7335.png,ship
7336.png,frog
7337.png,bird
7338.png,truck
7339.png,automobile
7340.png,frog
7341.png,bird
7342.png,frog
7343.png,automobile
7344.png,cat
7345.png,airplane
7346.png,dog
7347.png,cat
7348.png,airplane
7349.png,frog
7350.png,automobile
7351.png,automobile
7352.png,dog
7353.png,automobile
7354.png,horse
7355.png,dog
7356.png,cat
7357.png,deer
7358.png,automobile
7359.png,automobile
7360.png,deer
7361.png,airplane
7362.png,ship
7363.png,deer
7364.png,bird
7365.png,dog
7366.png,deer
7367.png,ship
7368.png,cat
7369.png,deer
7370.png,cat
7371.png,automobile
7372.png,automobile
7373.png,horse
7374.png,truck
7375.png,automobile
7376.png,automobile
7377.png,ship
7378.png,airplane
7379.png,automobile
7380.png,automobile
7381.png,bird
7382.png,automobile
7383.png,deer
7384.png,deer
7385.png,ship
7386.png,horse
7387.png,deer
7388.png,ship
7389.png,frog
7390.png,cat
7391.png,automobile
7392.png,truck
7393.png,frog
7394.png,frog
7395.png,deer
7396.png,deer
7397.png,airplane
7398.png,bird
7399.png,dog
7400.png,truck
7401.png,horse
7402.png,automobile
7403.png,horse
7404.png,frog
7405.png,deer
7406.png,horse
7407.png,dog
7408.png,deer
7409.png,automobile
7410.png,airplane
7411.png,bird
7412.png,cat
7413.png,cat
7414.png,ship
7415.png,truck
7416.png,truck
7417.png,horse
7418.png,dog
7419.png,truck
7420.png,truck
7421.png,horse
7422.png,truck
7423.png,frog
7424.png,airplane
7425.png,deer
7426.png,dog
7427.png,cat
7428.png,cat
7429.png,automobile
7430.png,dog
7431.png,automobile
7432.png,ship
7433.png,cat
7434.png,ship
7435.png,airplane
7436.png,dog
7437.png,deer
7438.png,ship
7439.png,automobile
7440.png,cat
7441.png,ship
7442.png,truck
7443.png,automobile
7444.png,ship
7445.png,airplane
7446.png,airplane
7447.png,dog
7448.png,ship
7449.png,automobile
7450.png,bird
7451.png,horse
7452.png,ship
7453.png,bird
7454.png,truck
7455.png,dog
7456.png,ship
7457.png,truck
7458.png,truck
7459.png,frog
7460.png,deer
7461.png,cat
7462.png,truck
7463.png,airplane
7464.png,horse
7465.png,airplane
7466.png,bird
7467.png,bird
7468.png,cat
7469.png,ship
7470.png,cat
7471.png,airplane
7472.png,truck
7473.png,dog
7474.png,frog
7475.png,cat
7476.png,automobile
7477.png,dog
7478.png,bird
7479.png,cat
7480.png,truck
7481.png,bird
7482.png,frog
7483.png,horse
7484.png,cat
7485.png,ship
7486.png,cat
7487.png,frog
7488.png,cat
7489.png,horse
7490.png,cat
7491.png,airplane
7492.png,frog
7493.png,cat
7494.png,cat
7495.png,truck
7496.png,automobile
7497.png,ship
7498.png,ship
7499.png,cat
7500.png,ship
7501.png,cat
7502.png,cat
7503.png,airplane
7504.png,automobile
7505.png,airplane
7506.png,airplane
7507.png,horse
7508.png,ship
7509.png,ship
7510.png,airplane
7511.png,dog
7512.png,airplane
7513.png,truck
7514.png,automobile
7515.png,ship
7516.png,dog
7517.png,frog
7518.png,cat
7519.png,dog
7520.png,cat
7521.png,airplane
7522.png,bird
7523.png,bird
7524.png,ship
7525.png,frog
7526.png,bird
7527.png,truck
7528.png,airplane
7529.png,airplane
7530.png,automobile
7531.png,airplane
7532.png,deer
7533.png,cat
7534.png,cat
7535.png,ship
7536.png,ship
7537.png,deer
7538.png,airplane
7539.png,frog
7540.png,cat
7541.png,automobile
7542.png,frog
7543.png,bird
7544.png,airplane
7545.png,horse
7546.png,dog
7547.png,horse
7548.png,airplane
7549.png,automobile
7550.png,frog
7551.png,airplane
7552.png,cat
7553.png,bird
7554.png,frog
7555.png,truck
7556.png,bird
7557.png,truck
7558.png,deer
7559.png,horse
7560.png,deer
7561.png,dog
7562.png,ship
7563.png,dog
7564.png,deer
7565.png,horse
7566.png,horse
7567.png,cat
7568.png,cat
7569.png,horse
7570.png,ship
7571.png,truck
7572.png,truck
7573.png,automobile
7574.png,airplane
7575.png,deer
7576.png,frog
7577.png,bird
7578.png,horse
7579.png,dog
7580.png,automobile
7581.png,ship
7582.png,airplane
7583.png,horse
7584.png,truck
7585.png,cat
7586.png,deer
7587.png,bird
7588.png,automobile
7589.png,airplane
7590.png,bird
7591.png,dog
7592.png,frog
7593.png,airplane
7594.png,cat
7595.png,truck
7596.png,deer
7597.png,bird
7598.png,automobile
7599.png,horse
7600.png,airplane
7601.png,automobile
7602.png,dog
7603.png,deer
7604.png,cat
7605.png,horse
7606.png,automobile
7607.png,horse
7608.png,automobile
7609.png,truck
7610.png,horse
7611.png,ship
7612.png,horse
7613.png,airplane
7614.png,horse
7615.png,ship
7616.png,cat
7617.png,bird
7618.png,ship
7619.png,horse
7620.png,deer
7621.png,dog
7622.png,horse
7623.png,automobile
7624.png,deer
7625.png,horse
7626.png,deer
7627.png,deer
7628.png,ship
7629.png,truck
7630.png,truck
7631.png,ship
7632.png,airplane
7633.png,frog
7634.png,bird
7635.png,deer
7636.png,bird
7637.png,deer
7638.png,horse
7639.png,frog
7640.png,ship
7641.png,automobile
7642.png,horse
7643.png,deer
7644.png,airplane
7645.png,bird
7646.png,truck
7647.png,ship
7648.png,airplane
7649.png,frog
7650.png,automobile
7651.png,frog
7652.png,cat
7653.png,truck
7654.png,bird
7655.png,airplane
7656.png,airplane
7657.png,deer
7658.png,truck
7659.png,bird
7660.png,automobile
7661.png,airplane
7662.png,bird
7663.png,bird
7664.png,airplane
7665.png,bird
7666.png,cat
7667.png,horse
7668.png,cat
7669.png,ship
7670.png,frog
7671.png,deer
7672.png,cat
7673.png,horse
7674.png,automobile
7675.png,airplane
7676.png,frog
7677.png,deer
7678.png,dog
7679.png,ship
7680.png,dog
7681.png,cat
7682.png,cat
7683.png,horse
7684.png,automobile
7685.png,horse
7686.png,dog
7687.png,horse
7688.png,truck
7689.png,bird
7690.png,cat
7691.png,deer
7692.png,truck
7693.png,truck
7694.png,ship
7695.png,truck
7696.png,ship
7697.png,bird
7698.png,dog
7699.png,truck
7700.png,dog
7701.png,airplane
7702.png,frog
7703.png,ship
7704.png,truck
7705.png,truck
7706.png,frog
7707.png,automobile
7708.png,automobile
7709.png,truck
7710.png,automobile
7711.png,frog
7712.png,truck
7713.png,deer
7714.png,bird
7715.png,bird
7716.png,frog
7717.png,ship
7718.png,horse
7719.png,automobile
7720.png,cat
7721.png,frog
7722.png,automobile
7723.png,automobile
7724.png,automobile
7725.png,dog
7726.png,horse
7727.png,dog
7728.png,airplane
7729.png,automobile
7730.png,dog
7731.png,ship
7732.png,airplane
7733.png,frog
7734.png,deer
7735.png,cat
7736.png,automobile
7737.png,horse
7738.png,ship
7739.png,automobile
7740.png,bird
7741.png,automobile
7742.png,bird
7743.png,dog
7744.png,deer
7745.png,ship
7746.png,bird
7747.png,truck
7748.png,airplane
7749.png,ship
7750.png,cat
7751.png,dog
7752.png,deer
7753.png,truck
7754.png,cat
7755.png,frog
7756.png,dog
7757.png,horse
7758.png,airplane
7759.png,horse
7760.png,truck
7761.png,truck
7762.png,bird
7763.png,frog
7764.png,truck
7765.png,truck
7766.png,cat
7767.png,bird
7768.png,deer
7769.png,cat
7770.png,dog
7771.png,airplane
7772.png,cat
7773.png,airplane
7774.png,dog
7775.png,automobile
7776.png,deer
7777.png,dog
7778.png,automobile
7779.png,automobile
7780.png,dog
7781.png,dog
7782.png,horse
7783.png,airplane
7784.png,bird
7785.png,airplane
7786.png,dog
7787.png,truck
7788.png,deer
7789.png,airplane
7790.png,cat
7791.png,ship
7792.png,truck
7793.png,airplane
7794.png,truck
7795.png,ship
7796.png,frog
7797.png,automobile
7798.png,bird
7799.png,horse
7800.png,frog
7801.png,horse
7802.png,airplane
7803.png,cat
7804.png,cat
7805.png,cat
7806.png,airplane
7807.png,frog
7808.png,bird
7809.png,airplane
7810.png,horse
7811.png,airplane
7812.png,deer
7813.png,cat
7814.png,horse
7815.png,cat
7816.png,dog
7817.png,horse
7818.png,horse
7819.png,deer
7820.png,horse
7821.png,frog
7822.png,automobile
7823.png,deer
7824.png,frog
7825.png,frog
7826.png,frog
7827.png,airplane
7828.png,automobile
7829.png,deer
7830.png,horse
7831.png,horse
7832.png,horse
7833.png,automobile
7834.png,horse
7835.png,ship
7836.png,cat
7837.png,horse
7838.png,cat
7839.png,truck
7840.png,cat
7841.png,bird
7842.png,automobile
7843.png,airplane
7844.png,frog
7845.png,bird
7846.png,horse
7847.png,dog
7848.png,airplane
7849.png,frog
7850.png,horse
7851.png,bird
7852.png,deer
7853.png,cat
7854.png,bird
7855.png,truck
7856.png,deer
7857.png,truck
7858.png,ship
7859.png,bird
7860.png,airplane
7861.png,frog
7862.png,automobile
7863.png,automobile
7864.png,horse
7865.png,dog
7866.png,airplane
7867.png,frog
7868.png,frog
7869.png,bird
7870.png,cat
7871.png,dog
7872.png,ship
7873.png,cat
7874.png,dog
7875.png,horse
7876.png,automobile
7877.png,ship
7878.png,bird
7879.png,bird
7880.png,automobile
7881.png,deer
7882.png,frog
7883.png,bird
7884.png,airplane
7885.png,automobile
7886.png,horse
7887.png,ship
7888.png,automobile
7889.png,bird
7890.png,airplane
7891.png,bird
7892.png,truck
7893.png,truck
7894.png,cat
7895.png,horse
7896.png,horse
7897.png,deer
7898.png,bird
7899.png,airplane
7900.png,frog
7901.png,ship
7902.png,dog
7903.png,truck
7904.png,deer
7905.png,truck
7906.png,bird
7907.png,cat
7908.png,airplane
7909.png,dog
7910.png,cat
7911.png,deer
7912.png,frog
7913.png,automobile
7914.png,automobile
7915.png,airplane
7916.png,automobile
7917.png,frog
7918.png,truck
7919.png,frog
7920.png,bird
7921.png,truck
7922.png,dog
7923.png,horse
7924.png,horse
7925.png,cat
7926.png,airplane
7927.png,dog
7928.png,frog
7929.png,cat
7930.png,bird
7931.png,airplane
7932.png,cat
7933.png,cat
7934.png,deer
7935.png,ship
7936.png,dog
7937.png,automobile
7938.png,frog
7939.png,dog
7940.png,horse
7941.png,horse
7942.png,ship
7943.png,bird
7944.png,truck
7945.png,truck
7946.png,horse
7947.png,cat
7948.png,ship
7949.png,bird
7950.png,ship
7951.png,frog
7952.png,bird
7953.png,bird
7954.png,automobile
7955.png,deer
7956.png,horse
7957.png,deer
7958.png,deer
7959.png,frog
7960.png,frog
7961.png,truck
7962.png,horse
7963.png,bird
7964.png,deer
7965.png,frog
7966.png,airplane
7967.png,ship
7968.png,frog
7969.png,frog
7970.png,horse
7971.png,airplane
7972.png,airplane
7973.png,airplane
7974.png,ship
7975.png,bird
7976.png,frog
7977.png,frog
7978.png,automobile
7979.png,dog
7980.png,airplane
7981.png,truck
7982.png,dog
7983.png,frog
7984.png,automobile
7985.png,deer
7986.png,airplane
7987.png,horse
7988.png,cat
7989.png,automobile
7990.png,horse
7991.png,truck
7992.png,airplane
7993.png,automobile
7994.png,frog
7995.png,frog
7996.png,ship
7997.png,ship
7998.png,cat
7999.png,airplane
8000.png,cat
8001.png,cat
8002.png,automobile
8003.png,frog
8004.png,truck
8005.png,deer
8006.png,ship
8007.png,ship
8008.png,ship
8009.png,frog
8010.png,frog
8011.png,bird
8012.png,cat
8013.png,truck
8014.png,cat
8015.png,ship
8016.png,frog
8017.png,bird
8018.png,bird
8019.png,airplane
8020.png,bird
8021.png,dog
8022.png,frog
8023.png,ship
8024.png,airplane
8025.png,bird
8026.png,bird
8027.png,ship
8028.png,ship
8029.png,cat
8030.png,cat
8031.png,cat
8032.png,ship
8033.png,bird
8034.png,frog
8035.png,frog
8036.png,automobile
8037.png,horse
8038.png,bird
8039.png,horse
8040.png,dog
8041.png,dog
8042.png,cat
8043.png,ship
8044.png,bird
8045.png,airplane
8046.png,ship
8047.png,deer
8048.png,deer
8049.png,ship
8050.png,deer
8051.png,dog
8052.png,dog
8053.png,horse
8054.png,frog
8055.png,cat
8056.png,bird
8057.png,cat
8058.png,ship
8059.png,automobile
8060.png,automobile
8061.png,frog
8062.png,truck
8063.png,airplane
8064.png,frog
8065.png,horse
8066.png,bird
8067.png,deer
8068.png,cat
8069.png,deer
8070.png,frog
8071.png,ship
8072.png,frog
8073.png,airplane
8074.png,ship
8075.png,ship
8076.png,truck
8077.png,horse
8078.png,bird
8079.png,horse
8080.png,airplane
8081.png,deer
8082.png,bird
8083.png,cat
8084.png,airplane
8085.png,frog
8086.png,automobile
8087.png,airplane
8088.png,truck
8089.png,cat
8090.png,truck
8091.png,automobile
8092.png,frog
8093.png,bird
8094.png,automobile
8095.png,automobile
8096.png,automobile
8097.png,airplane
8098.png,airplane
8099.png,airplane
8100.png,airplane
8101.png,bird
8102.png,cat
8103.png,airplane
8104.png,truck
8105.png,cat
8106.png,cat
8107.png,horse
8108.png,automobile
8109.png,frog
8110.png,horse
8111.png,truck
8112.png,ship
8113.png,bird
8114.png,ship
8115.png,deer
8116.png,horse
8117.png,airplane
8118.png,deer
8119.png,airplane
8120.png,automobile
8121.png,ship
8122.png,bird
8123.png,cat
8124.png,ship
8125.png,automobile
8126.png,truck
8127.png,truck
8128.png,automobile
8129.png,frog
8130.png,horse
8131.png,automobile
8132.png,deer
8133.png,airplane
8134.png,cat
8135.png,dog
8136.png,automobile
8137.png,airplane
8138.png,deer
8139.png,ship
8140.png,cat
8141.png,dog
8142.png,truck
8143.png,horse
8144.png,deer
8145.png,bird
8146.png,truck
8147.png,truck
8148.png,airplane
8149.png,bird
8150.png,automobile
8151.png,ship
8152.png,cat
8153.png,truck
8154.png,cat
8155.png,dog
8156.png,airplane
8157.png,dog
8158.png,bird
8159.png,cat
8160.png,truck
8161.png,airplane
8162.png,cat
8163.png,cat
8164.png,ship
8165.png,cat
8166.png,bird
8167.png,bird
8168.png,dog
8169.png,ship
8170.png,bird
8171.png,frog
8172.png,frog
8173.png,bird
8174.png,bird
8175.png,automobile
8176.png,automobile
8177.png,horse
8178.png,deer
8179.png,bird
8180.png,cat
8181.png,ship
8182.png,automobile
8183.png,bird
8184.png,cat
8185.png,deer
8186.png,airplane
8187.png,bird
8188.png,horse
8189.png,dog
8190.png,automobile
8191.png,airplane
8192.png,automobile
8193.png,bird
8194.png,cat
8195.png,frog
8196.png,bird
8197.png,dog
8198.png,automobile
8199.png,dog
8200.png,airplane
8201.png,airplane
8202.png,automobile
8203.png,horse
8204.png,horse
8205.png,dog
8206.png,dog
8207.png,frog
8208.png,airplane
8209.png,deer
8210.png,airplane
8211.png,cat
8212.png,ship
8213.png,frog
8214.png,truck
8215.png,ship
8216.png,frog
8217.png,automobile
8218.png,airplane
8219.png,bird
8220.png,bird
8221.png,frog
8222.png,automobile
8223.png,ship
8224.png,dog
8225.png,cat
8226.png,automobile
8227.png,truck
8228.png,automobile
8229.png,automobile
8230.png,ship
8231.png,dog
8232.png,frog
8233.png,automobile
8234.png,deer
8235.png,bird
8236.png,ship
8237.png,deer
8238.png,bird
8239.png,horse
8240.png,dog
8241.png,dog
8242.png,ship
8243.png,airplane
8244.png,dog
8245.png,automobile
8246.png,truck
8247.png,cat
8248.png,deer
8249.png,ship
8250.png,airplane
8251.png,ship
8252.png,cat
8253.png,dog
8254.png,frog
8255.png,deer
8256.png,cat
8257.png,frog
8258.png,deer
8259.png,airplane
8260.png,cat
8261.png,deer
8262.png,dog
8263.png,cat
8264.png,deer
8265.png,bird
8266.png,dog
8267.png,cat
8268.png,ship
8269.png,airplane
8270.png,dog
8271.png,ship
8272.png,deer
8273.png,airplane
8274.png,ship
8275.png,dog
8276.png,bird
8277.png,dog
8278.png,horse
8279.png,ship
8280.png,deer
8281.png,bird
8282.png,truck
8283.png,dog
8284.png,ship
8285.png,ship
8286.png,cat
8287.png,cat
8288.png,dog
8289.png,cat
8290.png,deer
8291.png,truck
8292.png,dog
8293.png,airplane
8294.png,frog
8295.png,automobile
8296.png,truck
8297.png,airplane
8298.png,airplane
8299.png,truck
8300.png,horse
8301.png,automobile
8302.png,ship
8303.png,cat
8304.png,truck
8305.png,bird
8306.png,automobile
8307.png,horse
8308.png,automobile
8309.png,truck
8310.png,frog
8311.png,truck
8312.png,horse
8313.png,horse
8314.png,airplane
8315.png,bird
8316.png,horse
8317.png,horse
8318.png,truck
8319.png,truck
8320.png,cat
8321.png,dog
8322.png,bird
8323.png,bird
8324.png,truck
8325.png,bird
8326.png,dog
8327.png,dog
8328.png,truck
8329.png,dog
8330.png,ship
8331.png,cat
8332.png,deer
8333.png,automobile
8334.png,bird
8335.png,dog
8336.png,frog
8337.png,cat
8338.png,ship
8339.png,deer
8340.png,automobile
8341.png,bird
8342.png,bird
8343.png,airplane
8344.png,horse
8345.png,frog
8346.png,horse
8347.png,automobile
8348.png,bird
8349.png,ship
8350.png,cat
8351.png,automobile
8352.png,horse
8353.png,deer
8354.png,dog
8355.png,truck
8356.png,airplane
8357.png,cat
8358.png,horse
8359.png,ship
8360.png,airplane
8361.png,horse
8362.png,deer
8363.png,bird
8364.png,frog
8365.png,truck
8366.png,airplane
8367.png,bird
8368.png,horse
8369.png,deer
8370.png,horse
8371.png,cat
8372.png,automobile
8373.png,horse
8374.png,dog
8375.png,automobile
8376.png,deer
8377.png,airplane
8378.png,bird
8379.png,deer
8380.png,deer
8381.png,cat
8382.png,cat
8383.png,airplane
8384.png,airplane
8385.png,ship
8386.png,cat
8387.png,cat
8388.png,airplane
8389.png,truck
8390.png,automobile
8391.png,horse
8392.png,horse
8393.png,airplane
8394.png,frog
8395.png,truck
8396.png,bird
8397.png,deer
8398.png,ship
8399.png,dog
8400.png,ship
8401.png,dog
8402.png,ship
8403.png,truck
8404.png,deer
8405.png,deer
8406.png,deer
8407.png,ship
8408.png,dog
8409.png,cat
8410.png,horse
8411.png,airplane
8412.png,bird
8413.png,dog
8414.png,truck
8415.png,ship
8416.png,deer
8417.png,truck
8418.png,deer
8419.png,bird
8420.png,automobile
8421.png,cat
8422.png,airplane
8423.png,cat
8424.png,deer
8425.png,ship
8426.png,airplane
8427.png,automobile
8428.png,automobile
8429.png,truck
8430.png,ship
8431.png,horse
8432.png,frog
8433.png,automobile
8434.png,frog
8435.png,cat
8436.png,truck
8437.png,frog
8438.png,airplane
8439.png,bird
8440.png,truck
8441.png,bird
8442.png,truck
8443.png,frog
8444.png,airplane
8445.png,airplane
8446.png,ship
8447.png,frog
8448.png,deer
8449.png,truck
8450.png,automobile
8451.png,automobile
8452.png,airplane
8453.png,dog
8454.png,airplane
8455.png,bird
8456.png,ship
8457.png,deer
8458.png,dog
8459.png,truck
8460.png,bird
8461.png,frog
8462.png,horse
8463.png,deer
8464.png,dog
8465.png,dog
8466.png,horse
8467.png,frog
8468.png,cat
8469.png,ship
8470.png,horse
8471.png,truck
8472.png,ship
8473.png,deer
8474.png,deer
8475.png,frog
8476.png,automobile
8477.png,automobile
8478.png,bird
8479.png,airplane
8480.png,truck
8481.png,automobile
8482.png,horse
8483.png,bird
8484.png,ship
8485.png,ship
8486.png,bird
8487.png,automobile
8488.png,deer
8489.png,deer
8490.png,ship
8491.png,deer
8492.png,deer
8493.png,frog
8494.png,truck
8495.png,dog
8496.png,ship
8497.png,dog
8498.png,dog
8499.png,horse
8500.png,horse
8501.png,dog
8502.png,truck
8503.png,dog
8504.png,cat
8505.png,deer
8506.png,truck
8507.png,truck
8508.png,cat
8509.png,horse
8510.png,frog
8511.png,truck
8512.png,dog
8513.png,ship
8514.png,frog
8515.png,frog
8516.png,airplane
8517.png,horse
8518.png,truck
8519.png,bird
8520.png,ship
8521.png,cat
8522.png,horse
8523.png,airplane
8524.png,deer
8525.png,airplane
8526.png,ship
8527.png,ship
8528.png,frog
8529.png,bird
8530.png,automobile
8531.png,bird
8532.png,ship
8533.png,truck
8534.png,horse
8535.png,bird
8536.png,airplane
8537.png,bird
8538.png,horse
8539.png,frog
8540.png,truck
8541.png,automobile
8542.png,deer
8543.png,ship
8544.png,bird
8545.png,ship
8546.png,frog
8547.png,horse
8548.png,automobile
8549.png,automobile
8550.png,airplane
8551.png,automobile
8552.png,deer
8553.png,frog
8554.png,airplane
8555.png,deer
8556.png,horse
8557.png,automobile
8558.png,frog
8559.png,airplane
8560.png,automobile
8561.png,truck
8562.png,truck
8563.png,ship
8564.png,automobile
8565.png,frog
8566.png,truck
8567.png,automobile
8568.png,truck
8569.png,truck
8570.png,airplane
8571.png,automobile
8572.png,automobile
8573.png,horse
8574.png,automobile
8575.png,ship
8576.png,truck
8577.png,automobile
8578.png,airplane
8579.png,airplane
8580.png,dog
8581.png,horse
8582.png,deer
8583.png,deer
8584.png,frog
8585.png,dog
8586.png,bird
8587.png,dog
8588.png,truck
8589.png,ship
8590.png,frog
8591.png,dog
8592.png,dog
8593.png,cat
8594.png,horse
8595.png,ship
8596.png,horse
8597.png,horse
8598.png,frog
8599.png,cat
8600.png,cat
8601.png,automobile
8602.png,dog
8603.png,truck
8604.png,frog
8605.png,horse
8606.png,horse
8607.png,cat
8608.png,automobile
8609.png,horse
8610.png,cat
8611.png,bird
8612.png,frog
8613.png,frog
8614.png,truck
8615.png,ship
8616.png,horse
8617.png,bird
8618.png,frog
8619.png,ship
8620.png,horse
8621.png,horse
8622.png,dog
8623.png,automobile
8624.png,airplane
8625.png,horse
8626.png,automobile
8627.png,horse
8628.png,bird
8629.png,automobile
8630.png,cat
8631.png,deer
8632.png,deer
8633.png,truck
8634.png,frog
8635.png,bird
8636.png,cat
8637.png,ship
8638.png,ship
8639.png,airplane
8640.png,deer
8641.png,horse
8642.png,bird
8643.png,horse
8644.png,horse
8645.png,truck
8646.png,cat
8647.png,horse
8648.png,frog
8649.png,ship
8650.png,cat
8651.png,truck
8652.png,frog
8653.png,deer
8654.png,horse
8655.png,deer
8656.png,airplane
8657.png,cat
8658.png,ship
8659.png,truck
8660.png,horse
8661.png,airplane
8662.png,airplane
8663.png,dog
8664.png,airplane
8665.png,horse
8666.png,ship
8667.png,ship
8668.png,automobile
8669.png,ship
8670.png,bird
8671.png,truck
8672.png,dog
8673.png,ship
8674.png,truck
8675.png,dog
8676.png,dog
8677.png,bird
8678.png,deer
8679.png,ship
8680.png,frog
8681.png,cat
8682.png,horse
8683.png,bird
8684.png,dog
8685.png,dog
8686.png,airplane
8687.png,cat
8688.png,horse
8689.png,deer
8690.png,ship
8691.png,automobile
8692.png,dog
8693.png,automobile
8694.png,automobile
8695.png,horse
8696.png,airplane
8697.png,automobile
8698.png,frog
8699.png,horse
8700.png,frog
8701.png,ship
8702.png,deer
8703.png,airplane
8704.png,frog
8705.png,frog
8706.png,deer
8707.png,bird
8708.png,ship
8709.png,horse
8710.png,frog
8711.png,cat
8712.png,cat
8713.png,horse
8714.png,bird
8715.png,cat
8716.png,ship
8717.png,truck
8718.png,ship
8719.png,horse
8720.png,horse
8721.png,deer
8722.png,ship
8723.png,cat
8724.png,ship
8725.png,horse
8726.png,truck
8727.png,bird
8728.png,truck
8729.png,truck
8730.png,automobile
8731.png,dog
8732.png,dog
8733.png,deer
8734.png,airplane
8735.png,frog
8736.png,automobile
8737.png,bird
8738.png,frog
8739.png,cat
8740.png,cat
8741.png,bird
8742.png,airplane
8743.png,dog
8744.png,truck
8745.png,horse
8746.png,horse
8747.png,airplane
8748.png,dog
8749.png,airplane
8750.png,truck
8751.png,bird
8752.png,horse
8753.png,horse
8754.png,airplane
8755.png,truck
8756.png,dog
8757.png,dog
8758.png,automobile
8759.png,truck
8760.png,airplane
8761.png,cat
8762.png,cat
8763.png,truck
8764.png,frog
8765.png,horse
8766.png,deer
8767.png,ship
8768.png,bird
8769.png,dog
8770.png,ship
8771.png,bird
8772.png,automobile
8773.png,deer
8774.png,truck
8775.png,airplane
8776.png,ship
8777.png,bird
8778.png,deer
8779.png,airplane
8780.png,automobile
8781.png,bird
8782.png,cat
8783.png,airplane
8784.png,truck
8785.png,deer
8786.png,ship
8787.png,cat
8788.png,ship
8789.png,truck
8790.png,bird
8791.png,cat
8792.png,automobile
8793.png,deer
8794.png,dog
8795.png,automobile
8796.png,dog
8797.png,automobile
8798.png,airplane
8799.png,bird
8800.png,dog
8801.png,bird
8802.png,automobile
8803.png,ship
8804.png,frog
8805.png,deer
8806.png,dog
8807.png,airplane
8808.png,truck
8809.png,cat
8810.png,automobile
8811.png,airplane
8812.png,truck
8813.png,automobile
8814.png,airplane
8815.png,horse
8816.png,frog
8817.png,frog
8818.png,horse
8819.png,horse
8820.png,bird
8821.png,frog
8822.png,truck
8823.png,cat
8824.png,deer
8825.png,dog
8826.png,automobile
8827.png,truck
8828.png,frog
8829.png,frog
8830.png,deer
8831.png,ship
8832.png,ship
8833.png,frog
8834.png,airplane
8835.png,deer
8836.png,truck
8837.png,dog
8838.png,truck
8839.png,truck
8840.png,cat
8841.png,truck
8842.png,truck
8843.png,airplane
8844.png,bird
8845.png,bird
8846.png,horse
8847.png,cat
8848.png,dog
8849.png,automobile
8850.png,airplane
8851.png,truck
8852.png,dog
8853.png,ship
8854.png,airplane
8855.png,ship
8856.png,automobile
8857.png,automobile
8858.png,airplane
8859.png,airplane
8860.png,horse
8861.png,deer
8862.png,ship
8863.png,bird
8864.png,cat
8865.png,cat
8866.png,bird
8867.png,dog
8868.png,frog
8869.png,airplane
8870.png,automobile
8871.png,ship
8872.png,bird
8873.png,frog
8874.png,frog
8875.png,bird
8876.png,automobile
8877.png,cat
8878.png,frog
8879.png,dog
8880.png,ship
8881.png,cat
8882.png,bird
8883.png,airplane
8884.png,ship
8885.png,automobile
8886.png,horse
8887.png,truck
8888.png,horse
8889.png,bird
8890.png,airplane
8891.png,deer
8892.png,frog
8893.png,ship
8894.png,automobile
8895.png,dog
8896.png,horse
8897.png,truck
8898.png,horse
8899.png,airplane
8900.png,deer
8901.png,automobile
8902.png,horse
8903.png,dog
8904.png,ship
8905.png,horse
8906.png,deer
8907.png,ship
8908.png,horse
8909.png,cat
8910.png,horse
8911.png,deer
8912.png,deer
8913.png,airplane
8914.png,deer
8915.png,horse
8916.png,deer
8917.png,cat
8918.png,dog
8919.png,cat
8920.png,ship
8921.png,automobile
8922.png,horse
8923.png,ship
8924.png,dog
8925.png,horse
8926.png,airplane
8927.png,ship
8928.png,horse
8929.png,dog
8930.png,dog
8931.png,deer
8932.png,horse
8933.png,automobile
8934.png,truck
8935.png,airplane
8936.png,dog
8937.png,bird
8938.png,frog
8939.png,automobile
8940.png,deer
8941.png,ship
8942.png,airplane
8943.png,frog
8944.png,cat
8945.png,automobile
8946.png,truck
8947.png,horse
8948.png,cat
8949.png,dog
8950.png,frog
8951.png,frog
8952.png,truck
8953.png,ship
8954.png,airplane
8955.png,dog
8956.png,truck
8957.png,frog
8958.png,bird
8959.png,frog
8960.png,truck
8961.png,dog
8962.png,ship
8963.png,cat
8964.png,airplane
8965.png,dog
8966.png,automobile
8967.png,horse
8968.png,bird
8969.png,ship
8970.png,airplane
8971.png,deer
8972.png,airplane
8973.png,ship
8974.png,automobile
8975.png,cat
8976.png,truck
8977.png,horse
8978.png,automobile
8979.png,cat
8980.png,frog
8981.png,horse
8982.png,deer
8983.png,ship
8984.png,frog
8985.png,horse
8986.png,dog
8987.png,cat
8988.png,deer
8989.png,cat
8990.png,dog
8991.png,bird
8992.png,frog
8993.png,truck
8994.png,dog
8995.png,airplane
8996.png,automobile
8997.png,horse
8998.png,deer
8999.png,ship
9000.png,truck
9001.png,deer
9002.png,bird
9003.png,bird
9004.png,truck
9005.png,airplane
9006.png,cat
9007.png,cat
9008.png,automobile
9009.png,cat
9010.png,airplane
9011.png,deer
9012.png,bird
9013.png,automobile
9014.png,deer
9015.png,airplane
9016.png,ship
9017.png,bird
9018.png,automobile
9019.png,deer
9020.png,deer
9021.png,cat
9022.png,frog
9023.png,frog
9024.png,ship
9025.png,cat
9026.png,truck
9027.png,truck
9028.png,truck
9029.png,truck
9030.png,frog
9031.png,dog
9032.png,airplane
9033.png,ship
9034.png,bird
9035.png,cat
9036.png,dog
9037.png,truck
9038.png,ship
9039.png,bird
9040.png,ship
9041.png,cat
9042.png,deer
9043.png,automobile
9044.png,automobile
9045.png,horse
9046.png,frog
9047.png,truck
9048.png,bird
9049.png,automobile
9050.png,deer
9051.png,frog
9052.png,cat
9053.png,cat
9054.png,bird
9055.png,automobile
9056.png,ship
9057.png,automobile
9058.png,airplane
9059.png,airplane
9060.png,airplane
9061.png,cat
9062.png,deer
9063.png,airplane
9064.png,ship
9065.png,airplane
9066.png,truck
9067.png,automobile
9068.png,bird
9069.png,ship
9070.png,airplane
9071.png,automobile
9072.png,horse
9073.png,horse
9074.png,cat
9075.png,deer
9076.png,horse
9077.png,ship
9078.png,airplane
9079.png,bird
9080.png,horse
9081.png,automobile
9082.png,cat
9083.png,horse
9084.png,deer
9085.png,frog
9086.png,automobile
9087.png,horse
9088.png,frog
9089.png,automobile
9090.png,bird
9091.png,frog
9092.png,truck
9093.png,ship
9094.png,bird
9095.png,airplane
9096.png,automobile
9097.png,airplane
9098.png,truck
9099.png,frog
9100.png,dog
9101.png,cat
9102.png,bird
9103.png,deer
9104.png,frog
9105.png,dog
9106.png,deer
9107.png,truck
9108.png,cat
9109.png,ship
9110.png,ship
9111.png,horse
9112.png,cat
9113.png,frog
9114.png,automobile
9115.png,bird
9116.png,truck
9117.png,ship
9118.png,ship
9119.png,automobile
9120.png,airplane
9121.png,cat
9122.png,airplane
9123.png,ship
9124.png,airplane
9125.png,airplane
9126.png,frog
9127.png,frog
9128.png,automobile
9129.png,cat
9130.png,cat
9131.png,frog
9132.png,frog
9133.png,dog
9134.png,horse
9135.png,dog
9136.png,cat
9137.png,ship
9138.png,bird
9139.png,automobile
9140.png,truck
9141.png,airplane
9142.png,deer
9143.png,frog
9144.png,truck
9145.png,bird
9146.png,cat
9147.png,truck
9148.png,deer
9149.png,automobile
9150.png,deer
9151.png,bird
9152.png,bird
9153.png,cat
9154.png,deer
9155.png,ship
9156.png,deer
9157.png,cat
9158.png,airplane
9159.png,frog
9160.png,ship
9161.png,ship
9162.png,frog
9163.png,bird
9164.png,cat
9165.png,cat
9166.png,horse
9167.png,cat
9168.png,dog
9169.png,bird
9170.png,truck
9171.png,frog
9172.png,airplane
9173.png,bird
9174.png,cat
9175.png,dog
9176.png,bird
9177.png,deer
9178.png,truck
9179.png,dog
9180.png,automobile
9181.png,frog
9182.png,airplane
9183.png,cat
9184.png,cat
9185.png,horse
9186.png,cat
9187.png,horse
9188.png,truck
9189.png,ship
9190.png,automobile
9191.png,dog
9192.png,bird
9193.png,ship
9194.png,airplane
9195.png,bird
9196.png,truck
9197.png,dog
9198.png,frog
9199.png,frog
9200.png,bird
9201.png,frog
9202.png,horse
9203.png,deer
9204.png,bird
9205.png,deer
9206.png,dog
9207.png,ship
9208.png,horse
9209.png,frog
9210.png,automobile
9211.png,automobile
9212.png,truck
9213.png,dog
9214.png,truck
9215.png,horse
9216.png,bird
9217.png,automobile
9218.png,bird
9219.png,truck
9220.png,frog
9221.png,ship
9222.png,airplane
9223.png,cat
9224.png,horse
9225.png,horse
9226.png,horse
9227.png,ship
9228.png,bird
9229.png,cat
9230.png,truck
9231.png,airplane
9232.png,deer
9233.png,automobile
9234.png,frog
9235.png,deer
9236.png,dog
9237.png,airplane
9238.png,frog
9239.png,frog
9240.png,horse
9241.png,bird
9242.png,frog
9243.png,truck
9244.png,horse
9245.png,truck
9246.png,frog
9247.png,frog
9248.png,automobile
9249.png,cat
9250.png,bird
9251.png,deer
9252.png,automobile
9253.png,automobile
9254.png,airplane
9255.png,deer
9256.png,bird
9257.png,frog
9258.png,airplane
9259.png,ship
9260.png,deer
9261.png,deer
9262.png,truck
9263.png,ship
9264.png,automobile
9265.png,dog
9266.png,ship
9267.png,automobile
9268.png,automobile
9269.png,ship
9270.png,ship
9271.png,truck
9272.png,horse
9273.png,bird
9274.png,deer
9275.png,dog
9276.png,frog
9277.png,deer
9278.png,truck
9279.png,frog
9280.png,horse
9281.png,dog
9282.png,airplane
9283.png,ship
9284.png,cat
9285.png,dog
9286.png,deer
9287.png,dog
9288.png,airplane
9289.png,dog
9290.png,airplane
9291.png,bird
9292.png,cat
9293.png,airplane
9294.png,cat
9295.png,horse
9296.png,dog
9297.png,airplane
9298.png,bird
9299.png,cat
9300.png,bird
9301.png,cat
9302.png,dog
9303.png,truck
9304.png,frog
9305.png,cat
9306.png,cat
9307.png,ship
9308.png,cat
9309.png,truck
9310.png,automobile
9311.png,horse
9312.png,cat
9313.png,airplane
9314.png,bird
9315.png,airplane
9316.png,horse
9317.png,dog
9318.png,automobile
9319.png,automobile
9320.png,bird
9321.png,frog
9322.png,frog
9323.png,automobile
9324.png,frog
9325.png,ship
9326.png,airplane
9327.png,ship
9328.png,automobile
9329.png,airplane
9330.png,horse
9331.png,bird
9332.png,horse
9333.png,cat
9334.png,bird
9335.png,cat
9336.png,automobile
9337.png,truck
9338.png,dog
9339.png,cat
9340.png,frog
9341.png,truck
9342.png,bird
9343.png,deer
9344.png,cat
9345.png,ship
9346.png,cat
9347.png,ship
9348.png,horse
9349.png,bird
9350.png,deer
9351.png,bird
9352.png,ship
9353.png,deer
9354.png,deer
9355.png,bird
9356.png,dog
9357.png,frog
9358.png,cat
9359.png,truck
9360.png,deer
9361.png,frog
9362.png,horse
9363.png,airplane
9364.png,deer
9365.png,deer
9366.png,automobile
9367.png,ship
9368.png,frog
9369.png,bird
9370.png,horse
9371.png,deer
9372.png,cat
9373.png,automobile
9374.png,airplane
9375.png,horse
9376.png,airplane
9377.png,truck
9378.png,dog
9379.png,ship
9380.png,airplane
9381.png,automobile
9382.png,frog
9383.png,truck
9384.png,dog
9385.png,airplane
9386.png,airplane
9387.png,bird
9388.png,ship
9389.png,dog
9390.png,deer
9391.png,airplane
9392.png,dog
9393.png,automobile
9394.png,cat
9395.png,cat
9396.png,deer
9397.png,truck
9398.png,dog
9399.png,cat
9400.png,cat
9401.png,automobile
9402.png,airplane
9403.png,automobile
9404.png,bird
9405.png,bird
9406.png,cat
9407.png,frog
9408.png,automobile
9409.png,bird
9410.png,horse
9411.png,ship
9412.png,automobile
9413.png,truck
9414.png,airplane
9415.png,frog
9416.png,ship
9417.png,frog
9418.png,airplane
9419.png,ship
9420.png,truck
9421.png,bird
9422.png,cat
9423.png,horse
9424.png,frog
9425.png,bird
9426.png,truck
9427.png,ship
9428.png,ship
9429.png,frog
9430.png,cat
9431.png,airplane
9432.png,frog
9433.png,truck
9434.png,dog
9435.png,truck
9436.png,airplane
9437.png,horse
9438.png,bird
9439.png,airplane
9440.png,automobile
9441.png,bird
9442.png,deer
9443.png,automobile
9444.png,horse
9445.png,dog
9446.png,dog
9447.png,bird
9448.png,truck
9449.png,bird
9450.png,airplane
9451.png,dog
9452.png,horse
9453.png,deer
9454.png,horse
9455.png,horse
9456.png,bird
9457.png,horse
9458.png,frog
9459.png,dog
9460.png,automobile
9461.png,dog
9462.png,truck
9463.png,horse
9464.png,bird
9465.png,airplane
9466.png,ship
9467.png,truck
9468.png,ship
9469.png,frog
9470.png,ship
9471.png,dog
9472.png,airplane
9473.png,horse
9474.png,horse
9475.png,ship
9476.png,bird
9477.png,automobile
9478.png,frog
9479.png,automobile
9480.png,cat
9481.png,automobile
9482.png,frog
9483.png,frog
9484.png,ship
9485.png,bird
9486.png,cat
9487.png,horse
9488.png,truck
9489.png,ship
9490.png,cat
9491.png,ship
9492.png,dog
9493.png,horse
9494.png,airplane
9495.png,automobile
9496.png,airplane
9497.png,horse
9498.png,deer
9499.png,bird
9500.png,airplane
9501.png,deer
9502.png,truck
9503.png,deer
9504.png,bird
9505.png,horse
9506.png,horse
9507.png,deer
9508.png,deer
9509.png,automobile
9510.png,automobile
9511.png,airplane
9512.png,truck
9513.png,airplane
9514.png,truck
9515.png,ship
9516.png,frog
9517.png,deer
9518.png,horse
9519.png,bird
9520.png,bird
9521.png,bird
9522.png,frog
9523.png,airplane
9524.png,bird
9525.png,automobile
9526.png,airplane
9527.png,bird
9528.png,ship
9529.png,deer
9530.png,deer
9531.png,frog
9532.png,dog
9533.png,truck
9534.png,airplane
9535.png,automobile
9536.png,automobile
9537.png,ship
9538.png,dog
9539.png,automobile
9540.png,automobile
9541.png,ship
9542.png,truck
9543.png,airplane
9544.png,frog
9545.png,deer
9546.png,ship
9547.png,deer
9548.png,dog
9549.png,horse
9550.png,automobile
9551.png,deer
9552.png,frog
9553.png,bird
9554.png,bird
9555.png,frog
9556.png,ship
9557.png,bird
9558.png,truck
9559.png,bird
9560.png,bird
9561.png,horse
9562.png,automobile
9563.png,deer
9564.png,dog
9565.png,cat
9566.png,automobile
9567.png,airplane
9568.png,ship
9569.png,deer
9570.png,deer
9571.png,cat
9572.png,horse
9573.png,ship
9574.png,truck
9575.png,cat
9576.png,frog
9577.png,automobile
9578.png,bird
9579.png,automobile
9580.png,bird
9581.png,bird
9582.png,horse
9583.png,automobile
9584.png,automobile
9585.png,automobile
9586.png,bird
9587.png,dog
9588.png,horse
9589.png,bird
9590.png,bird
9591.png,horse
9592.png,cat
9593.png,deer
9594.png,deer
9595.png,dog
9596.png,automobile
9597.png,airplane
9598.png,bird
9599.png,truck
9600.png,ship
9601.png,cat
9602.png,truck
9603.png,automobile
9604.png,bird
9605.png,airplane
9606.png,dog
9607.png,truck
9608.png,dog
9609.png,truck
9610.png,cat
9611.png,automobile
9612.png,airplane
9613.png,cat
9614.png,cat
9615.png,airplane
9616.png,deer
9617.png,airplane
9618.png,ship
9619.png,deer
9620.png,airplane
9621.png,automobile
9622.png,horse
9623.png,dog
9624.png,ship
9625.png,cat
9626.png,frog
9627.png,truck
9628.png,ship
9629.png,horse
9630.png,bird
9631.png,ship
9632.png,bird
9633.png,cat
9634.png,deer
9635.png,dog
9636.png,bird
9637.png,frog
9638.png,horse
9639.png,deer
9640.png,bird
9641.png,horse
9642.png,dog
9643.png,dog
9644.png,deer
9645.png,ship
9646.png,ship
9647.png,automobile
9648.png,cat
9649.png,ship
9650.png,dog
9651.png,deer
9652.png,ship
9653.png,truck
9654.png,frog
9655.png,truck
9656.png,deer
9657.png,cat
9658.png,airplane
9659.png,automobile
9660.png,bird
9661.png,bird
9662.png,deer
9663.png,frog
9664.png,ship
9665.png,ship
9666.png,dog
9667.png,airplane
9668.png,cat
9669.png,automobile
9670.png,ship
9671.png,cat
9672.png,airplane
9673.png,horse
9674.png,truck
9675.png,ship
9676.png,ship
9677.png,truck
9678.png,dog
9679.png,bird
9680.png,frog
9681.png,deer
9682.png,frog
9683.png,ship
9684.png,truck
9685.png,ship
9686.png,deer
9687.png,ship
9688.png,airplane
9689.png,dog
9690.png,horse
9691.png,automobile
9692.png,deer
9693.png,ship
9694.png,ship
9695.png,cat
9696.png,deer
9697.png,airplane
9698.png,airplane
9699.png,dog
9700.png,ship
9701.png,cat
9702.png,truck
9703.png,cat
9704.png,dog
9705.png,truck
9706.png,truck
9707.png,frog
9708.png,dog
9709.png,ship
9710.png,frog
9711.png,cat
9712.png,horse
9713.png,bird
9714.png,deer
9715.png,airplane
9716.png,truck
9717.png,bird
9718.png,automobile
9719.png,airplane
9720.png,horse
9721.png,cat
9722.png,truck
9723.png,ship
9724.png,ship
9725.png,deer
9726.png,horse
9727.png,horse
9728.png,frog
9729.png,truck
9730.png,dog
9731.png,ship
9732.png,deer
9733.png,frog
9734.png,bird
9735.png,bird
9736.png,horse
9737.png,frog
9738.png,cat
9739.png,cat
9740.png,truck
9741.png,bird
9742.png,horse
9743.png,frog
9744.png,ship
9745.png,automobile
9746.png,automobile
9747.png,dog
9748.png,ship
9749.png,dog
9750.png,deer
9751.png,deer
9752.png,airplane
9753.png,cat
9754.png,frog
9755.png,automobile
9756.png,airplane
9757.png,frog
9758.png,bird
9759.png,frog
9760.png,airplane
9761.png,cat
9762.png,deer
9763.png,frog
9764.png,bird
9765.png,frog
9766.png,automobile
9767.png,automobile
9768.png,airplane
9769.png,horse
9770.png,frog
9771.png,dog
9772.png,deer
9773.png,dog
9774.png,horse
9775.png,automobile
9776.png,deer
9777.png,deer
9778.png,deer
9779.png,horse
9780.png,deer
9781.png,deer
9782.png,automobile
9783.png,deer
9784.png,cat
9785.png,frog
9786.png,frog
9787.png,ship
9788.png,truck
9789.png,frog
9790.png,horse
9791.png,bird
9792.png,deer
9793.png,cat
9794.png,dog
9795.png,cat
9796.png,horse
9797.png,ship
9798.png,frog
9799.png,bird
9800.png,airplane
9801.png,airplane
9802.png,airplane
9803.png,bird
9804.png,bird
9805.png,dog
9806.png,horse
9807.png,automobile
9808.png,truck
9809.png,frog
9810.png,automobile
9811.png,truck
9812.png,dog
9813.png,truck
9814.png,airplane
9815.png,frog
9816.png,dog
9817.png,deer
9818.png,cat
9819.png,ship
9820.png,airplane
9821.png,frog
9822.png,horse
9823.png,automobile
9824.png,horse
9825.png,deer
9826.png,truck
9827.png,ship
9828.png,bird
9829.png,frog
9830.png,horse
9831.png,cat
9832.png,airplane
9833.png,dog
9834.png,frog
9835.png,horse
9836.png,dog
9837.png,horse
9838.png,automobile
9839.png,frog
9840.png,frog
9841.png,deer
9842.png,cat
9843.png,cat
9844.png,truck
9845.png,ship
9846.png,deer
9847.png,cat
9848.png,frog
9849.png,deer
9850.png,automobile
9851.png,frog
9852.png,horse
9853.png,deer
9854.png,airplane
9855.png,automobile
9856.png,frog
9857.png,cat
9858.png,automobile
9859.png,bird
9860.png,airplane
9861.png,airplane
9862.png,ship
9863.png,frog
9864.png,automobile
9865.png,frog
9866.png,cat
9867.png,ship
9868.png,dog
9869.png,airplane
9870.png,truck
9871.png,automobile
9872.png,dog
9873.png,deer
9874.png,deer
9875.png,airplane
9876.png,dog
9877.png,bird
9878.png,frog
9879.png,automobile
9880.png,dog
9881.png,truck
9882.png,airplane
9883.png,ship
9884.png,ship
9885.png,automobile
9886.png,deer
9887.png,truck
9888.png,deer
9889.png,deer
9890.png,automobile
9891.png,airplane
9892.png,horse
9893.png,cat
9894.png,truck
9895.png,automobile
9896.png,airplane
9897.png,bird
9898.png,cat
9899.png,automobile
9900.png,dog
9901.png,bird
9902.png,frog
9903.png,truck
9904.png,bird
9905.png,cat
9906.png,airplane
9907.png,horse
9908.png,deer
9909.png,cat
9910.png,cat
9911.png,airplane
9912.png,truck
9913.png,cat
9914.png,ship
9915.png,cat
9916.png,deer
9917.png,bird
9918.png,bird
9919.png,automobile
9920.png,truck
9921.png,airplane
9922.png,bird
9923.png,ship
9924.png,frog
9925.png,frog
9926.png,airplane
9927.png,cat
9928.png,cat
9929.png,frog
9930.png,dog
9931.png,cat
9932.png,deer
9933.png,automobile
9934.png,bird
9935.png,airplane
9936.png,ship
9937.png,truck
9938.png,deer
9939.png,automobile
9940.png,horse
9941.png,bird
9942.png,frog
9943.png,automobile
9944.png,cat
9945.png,cat
9946.png,airplane
9947.png,automobile
9948.png,truck
9949.png,dog
9950.png,deer
9951.png,deer
9952.png,ship
9953.png,bird
9954.png,frog
9955.png,bird
9956.png,truck
9957.png,horse
9958.png,horse
9959.png,horse
9960.png,truck
9961.png,ship
9962.png,truck
9963.png,deer
9964.png,deer
9965.png,horse
9966.png,automobile
9967.png,airplane
9968.png,deer
9969.png,cat
9970.png,frog
9971.png,cat
9972.png,truck
9973.png,ship
9974.png,cat
9975.png,frog
9976.png,ship
9977.png,cat
9978.png,frog
9979.png,frog
9980.png,bird
9981.png,frog
9982.png,horse
9983.png,cat
9984.png,airplane
9985.png,airplane
9986.png,airplane
9987.png,bird
9988.png,dog
9989.png,automobile
9990.png,bird
9991.png,truck
9992.png,bird
9993.png,bird
9994.png,automobile
9995.png,frog
9996.png,cat
9997.png,truck
9998.png,automobile
9999.png,automobile
10000.png,dog
10001.png,automobile
10002.png,frog
10003.png,frog
10004.png,ship
10005.png,ship
10006.png,cat
10007.png,deer
10008.png,frog
10009.png,airplane
10010.png,frog
10011.png,airplane
10012.png,cat
10013.png,frog
10014.png,frog
10015.png,dog
10016.png,deer
10017.png,ship
10018.png,cat
10019.png,bird
10020.png,frog
10021.png,airplane
10022.png,cat
10023.png,automobile
10024.png,deer
10025.png,airplane
10026.png,frog
10027.png,frog
10028.png,bird
10029.png,horse
10030.png,frog
10031.png,truck
10032.png,airplane
10033.png,deer
10034.png,dog
10035.png,horse
10036.png,automobile
10037.png,frog
10038.png,horse
10039.png,truck
10040.png,automobile
10041.png,horse
10042.png,horse
10043.png,ship
10044.png,airplane
10045.png,cat
10046.png,horse
10047.png,deer
10048.png,horse
10049.png,cat
10050.png,automobile
10051.png,airplane
10052.png,deer
10053.png,frog
10054.png,frog
10055.png,automobile
10056.png,deer
10057.png,truck
10058.png,bird
10059.png,frog
10060.png,deer
10061.png,dog
10062.png,airplane
10063.png,deer
10064.png,frog
10065.png,airplane
10066.png,ship
10067.png,cat
10068.png,deer
10069.png,ship
10070.png,ship
10071.png,cat
10072.png,truck
10073.png,dog
10074.png,horse
10075.png,automobile
10076.png,truck
10077.png,deer
10078.png,horse
10079.png,truck
10080.png,automobile
10081.png,truck
10082.png,horse
10083.png,dog
10084.png,bird
10085.png,horse
10086.png,cat
10087.png,deer
10088.png,ship
10089.png,ship
10090.png,bird
10091.png,automobile
10092.png,dog
10093.png,truck
10094.png,bird
10095.png,horse
10096.png,ship
10097.png,ship
10098.png,frog
10099.png,ship
10100.png,ship
10101.png,automobile
10102.png,cat
10103.png,ship
10104.png,ship
10105.png,dog
10106.png,deer
10107.png,horse
10108.png,automobile
10109.png,frog
10110.png,frog
10111.png,automobile
10112.png,frog
10113.png,automobile
10114.png,frog
10115.png,horse
10116.png,airplane
10117.png,deer
10118.png,frog
10119.png,truck
10120.png,dog
10121.png,ship
10122.png,horse
10123.png,automobile
10124.png,truck
10125.png,airplane
10126.png,cat
10127.png,cat
10128.png,horse
10129.png,frog
10130.png,truck
10131.png,airplane
10132.png,deer
10133.png,horse
10134.png,automobile
10135.png,deer
10136.png,cat
10137.png,deer
10138.png,cat
10139.png,truck
10140.png,ship
10141.png,horse
10142.png,airplane
10143.png,ship
10144.png,cat
10145.png,truck
10146.png,automobile
10147.png,airplane
10148.png,ship
10149.png,airplane
10150.png,truck
10151.png,deer
10152.png,airplane
10153.png,bird
10154.png,automobile
10155.png,deer
10156.png,bird
10157.png,horse
10158.png,automobile
10159.png,horse
10160.png,airplane
10161.png,bird
10162.png,truck
10163.png,horse
10164.png,truck
10165.png,ship
10166.png,frog
10167.png,deer
10168.png,deer
10169.png,automobile
10170.png,automobile
10171.png,horse
10172.png,ship
10173.png,ship
10174.png,frog
10175.png,deer
10176.png,dog
10177.png,frog
10178.png,cat
10179.png,truck
10180.png,deer
10181.png,bird
10182.png,dog
10183.png,cat
10184.png,frog
10185.png,horse
10186.png,horse
10187.png,cat
10188.png,truck
10189.png,automobile
10190.png,cat
10191.png,automobile
10192.png,ship
10193.png,cat
10194.png,cat
10195.png,dog
10196.png,frog
10197.png,deer
10198.png,airplane
10199.png,truck
10200.png,frog
10201.png,frog
10202.png,dog
10203.png,airplane
10204.png,frog
10205.png,bird
10206.png,airplane
10207.png,dog
10208.png,deer
10209.png,truck
10210.png,cat
10211.png,deer
10212.png,frog
10213.png,airplane
10214.png,frog
10215.png,horse
10216.png,airplane
10217.png,horse
10218.png,bird
10219.png,frog
10220.png,truck
10221.png,frog
10222.png,dog
10223.png,deer
10224.png,dog
10225.png,deer
10226.png,horse
10227.png,horse
10228.png,frog
10229.png,ship
10230.png,automobile
10231.png,dog
10232.png,truck
10233.png,horse
10234.png,ship
10235.png,ship
10236.png,horse
10237.png,automobile
10238.png,deer
10239.png,frog
10240.png,deer
10241.png,bird
10242.png,bird
10243.png,dog
10244.png,airplane
10245.png,cat
10246.png,ship
10247.png,truck
10248.png,deer
10249.png,automobile
10250.png,automobile
10251.png,deer
10252.png,automobile
10253.png,truck
10254.png,frog
10255.png,cat
10256.png,cat
10257.png,frog
10258.png,truck
10259.png,dog
10260.png,horse
10261.png,frog
10262.png,truck
10263.png,deer
10264.png,bird
10265.png,deer
10266.png,airplane
10267.png,airplane
10268.png,airplane
10269.png,ship
10270.png,horse
10271.png,dog
10272.png,automobile
10273.png,ship
10274.png,frog
10275.png,horse
10276.png,airplane
10277.png,automobile
10278.png,horse
10279.png,horse
10280.png,ship
10281.png,bird
10282.png,horse
10283.png,deer
10284.png,ship
10285.png,ship
10286.png,truck
10287.png,ship
10288.png,truck
10289.png,ship
10290.png,bird
10291.png,ship
10292.png,truck
10293.png,automobile
10294.png,cat
10295.png,dog
10296.png,horse
10297.png,deer
10298.png,airplane
10299.png,automobile
10300.png,deer
10301.png,deer
10302.png,airplane
10303.png,ship
10304.png,deer
10305.png,cat
10306.png,horse
10307.png,truck
10308.png,horse
10309.png,horse
10310.png,truck
10311.png,cat
10312.png,frog
10313.png,truck
10314.png,ship
10315.png,automobile
10316.png,dog
10317.png,truck
10318.png,ship
10319.png,dog
10320.png,dog
10321.png,cat
10322.png,cat
10323.png,cat
10324.png,airplane
10325.png,dog
10326.png,automobile
10327.png,airplane
10328.png,frog
10329.png,horse
10330.png,cat
10331.png,airplane
10332.png,truck
10333.png,airplane
10334.png,horse
10335.png,airplane
10336.png,deer
10337.png,ship
10338.png,ship
10339.png,airplane
10340.png,horse
10341.png,airplane
10342.png,cat
10343.png,truck
10344.png,airplane
10345.png,ship
10346.png,frog
10347.png,ship
10348.png,horse
10349.png,horse
10350.png,frog
10351.png,deer
10352.png,truck
10353.png,automobile
10354.png,airplane
10355.png,ship
10356.png,airplane
10357.png,frog
10358.png,frog
10359.png,horse
10360.png,automobile
10361.png,bird
10362.png,ship
10363.png,automobile
10364.png,automobile
10365.png,frog
10366.png,airplane
10367.png,dog
10368.png,deer
10369.png,horse
10370.png,ship
10371.png,automobile
10372.png,horse
10373.png,deer
10374.png,truck
10375.png,frog
10376.png,truck
10377.png,ship
10378.png,automobile
10379.png,bird
10380.png,frog
10381.png,automobile
10382.png,ship
10383.png,dog
10384.png,cat
10385.png,horse
10386.png,deer
10387.png,horse
10388.png,automobile
10389.png,truck
10390.png,bird
10391.png,truck
10392.png,bird
10393.png,deer
10394.png,automobile
10395.png,airplane
10396.png,ship
10397.png,bird
10398.png,dog
10399.png,bird
10400.png,airplane
10401.png,frog
10402.png,airplane
10403.png,ship
10404.png,automobile
10405.png,deer
10406.png,truck
10407.png,bird
10408.png,dog
10409.png,ship
10410.png,bird
10411.png,dog
10412.png,ship
10413.png,bird
10414.png,dog
10415.png,cat
10416.png,deer
10417.png,ship
10418.png,bird
10419.png,cat
10420.png,deer
10421.png,automobile
10422.png,truck
10423.png,horse
10424.png,dog
10425.png,dog
10426.png,airplane
10427.png,deer
10428.png,cat
10429.png,bird
10430.png,dog
10431.png,cat
10432.png,frog
10433.png,dog
10434.png,bird
10435.png,ship
10436.png,horse
10437.png,bird
10438.png,ship
10439.png,bird
10440.png,cat
10441.png,bird
10442.png,cat
10443.png,ship
10444.png,ship
10445.png,frog
10446.png,ship
10447.png,automobile
10448.png,deer
10449.png,truck
10450.png,horse
10451.png,automobile
10452.png,deer
10453.png,cat
10454.png,automobile
10455.png,cat
10456.png,airplane
10457.png,ship
10458.png,bird
10459.png,automobile
10460.png,horse
10461.png,frog
10462.png,bird
10463.png,cat
10464.png,cat
10465.png,cat
10466.png,horse
10467.png,horse
10468.png,truck
10469.png,cat
10470.png,bird
10471.png,airplane
10472.png,dog
10473.png,deer
10474.png,truck
10475.png,bird
10476.png,ship
10477.png,automobile
10478.png,deer
10479.png,deer
10480.png,automobile
10481.png,bird
10482.png,horse
10483.png,dog
10484.png,ship
10485.png,dog
10486.png,deer
10487.png,airplane
10488.png,airplane
10489.png,cat
10490.png,deer
10491.png,horse
10492.png,automobile
10493.png,cat
10494.png,airplane
10495.png,truck
10496.png,automobile
10497.png,horse
10498.png,truck
10499.png,bird
10500.png,airplane
10501.png,deer
10502.png,cat
10503.png,horse
10504.png,dog
10505.png,truck
10506.png,bird
10507.png,cat
10508.png,horse
10509.png,cat
10510.png,dog
10511.png,frog
10512.png,ship
10513.png,bird
10514.png,airplane
10515.png,dog
10516.png,dog
10517.png,airplane
10518.png,frog
10519.png,cat
10520.png,deer
10521.png,truck
10522.png,dog
10523.png,automobile
10524.png,truck
10525.png,ship
10526.png,deer
10527.png,airplane
10528.png,cat
10529.png,horse
10530.png,horse
10531.png,ship
10532.png,automobile
10533.png,frog
10534.png,truck
10535.png,cat
10536.png,automobile
10537.png,deer
10538.png,ship
10539.png,horse
10540.png,deer
10541.png,horse
10542.png,dog
10543.png,dog
10544.png,ship
10545.png,automobile
10546.png,airplane
10547.png,horse
10548.png,horse
10549.png,airplane
10550.png,dog
10551.png,frog
10552.png,frog
10553.png,horse
10554.png,airplane
10555.png,frog
10556.png,dog
10557.png,dog
10558.png,cat
10559.png,cat
10560.png,truck
10561.png,horse
10562.png,deer
10563.png,horse
10564.png,frog
10565.png,automobile
10566.png,cat
10567.png,dog
10568.png,bird
10569.png,automobile
10570.png,automobile
10571.png,deer
10572.png,automobile
10573.png,ship
10574.png,horse
10575.png,airplane
10576.png,cat
10577.png,automobile
10578.png,airplane
10579.png,airplane
10580.png,frog
10581.png,horse
10582.png,truck
10583.png,bird
10584.png,horse
10585.png,horse
10586.png,ship
10587.png,dog
10588.png,cat
10589.png,bird
10590.png,airplane
10591.png,truck
10592.png,bird
10593.png,deer
10594.png,deer
10595.png,bird
10596.png,cat
10597.png,frog
10598.png,dog
10599.png,horse
10600.png,dog
10601.png,frog
10602.png,airplane
10603.png,horse
10604.png,dog
10605.png,deer
10606.png,deer
10607.png,ship
10608.png,airplane
10609.png,bird
10610.png,deer
10611.png,ship
10612.png,cat
10613.png,bird
10614.png,ship
10615.png,automobile
10616.png,deer
10617.png,bird
10618.png,airplane
10619.png,cat
10620.png,cat
10621.png,ship
10622.png,horse
10623.png,truck
10624.png,horse
10625.png,bird
10626.png,ship
10627.png,truck
10628.png,automobile
10629.png,bird
10630.png,deer
10631.png,automobile
10632.png,frog
10633.png,dog
10634.png,deer
10635.png,cat
10636.png,frog
10637.png,frog
10638.png,airplane
10639.png,ship
10640.png,ship
10641.png,deer
10642.png,deer
10643.png,automobile
10644.png,horse
10645.png,automobile
10646.png,ship
10647.png,ship
10648.png,frog
10649.png,automobile
10650.png,frog
10651.png,airplane
10652.png,bird
10653.png,automobile
10654.png,cat
10655.png,deer
10656.png,automobile
10657.png,airplane
10658.png,dog
10659.png,truck
10660.png,truck
10661.png,bird
10662.png,deer
10663.png,truck
10664.png,ship
10665.png,ship
10666.png,frog
10667.png,horse
10668.png,airplane
10669.png,dog
10670.png,dog
10671.png,dog
10672.png,bird
10673.png,horse
10674.png,ship
10675.png,airplane
10676.png,airplane
10677.png,frog
10678.png,ship
10679.png,automobile
10680.png,automobile
10681.png,ship
10682.png,airplane
10683.png,ship
10684.png,bird
10685.png,horse
10686.png,horse
10687.png,airplane
10688.png,horse
10689.png,ship
10690.png,airplane
10691.png,airplane
10692.png,dog
10693.png,dog
10694.png,automobile
10695.png,deer
10696.png,horse
10697.png,dog
10698.png,deer
10699.png,truck
10700.png,deer
10701.png,bird
10702.png,deer
10703.png,ship
10704.png,dog
10705.png,frog
10706.png,cat
10707.png,deer
10708.png,deer
10709.png,ship
10710.png,dog
10711.png,dog
10712.png,automobile
10713.png,horse
10714.png,airplane
10715.png,automobile
10716.png,dog
10717.png,airplane
10718.png,truck
10719.png,frog
10720.png,deer
10721.png,deer
10722.png,ship
10723.png,cat
10724.png,truck
10725.png,dog
10726.png,bird
10727.png,dog
10728.png,horse
10729.png,deer
10730.png,airplane
10731.png,horse
10732.png,cat
10733.png,airplane
10734.png,frog
10735.png,horse
10736.png,horse
10737.png,deer
10738.png,dog
10739.png,frog
10740.png,dog
10741.png,dog
10742.png,airplane
10743.png,bird
10744.png,truck
10745.png,dog
10746.png,cat
10747.png,cat
10748.png,automobile
10749.png,automobile
10750.png,cat
10751.png,bird
10752.png,truck
10753.png,cat
10754.png,cat
10755.png,horse
10756.png,automobile
10757.png,bird
10758.png,frog
10759.png,dog
10760.png,dog
10761.png,dog
10762.png,airplane
10763.png,truck
10764.png,ship
10765.png,airplane
10766.png,deer
10767.png,deer
10768.png,bird
10769.png,dog
10770.png,truck
10771.png,cat
10772.png,automobile
10773.png,horse
10774.png,ship
10775.png,frog
10776.png,ship
10777.png,airplane
10778.png,airplane
10779.png,horse
10780.png,horse
10781.png,dog
10782.png,truck
10783.png,airplane
10784.png,frog
10785.png,cat
10786.png,ship
10787.png,frog
10788.png,airplane
10789.png,cat
10790.png,horse
10791.png,automobile
10792.png,truck
10793.png,frog
10794.png,truck
10795.png,frog
10796.png,automobile
10797.png,airplane
10798.png,automobile
10799.png,airplane
10800.png,truck
10801.png,dog
10802.png,bird
10803.png,bird
10804.png,dog
10805.png,airplane
10806.png,ship
10807.png,truck
10808.png,bird
10809.png,deer
10810.png,cat
10811.png,ship
10812.png,airplane
10813.png,airplane
10814.png,horse
10815.png,cat
10816.png,frog
10817.png,horse
10818.png,ship
10819.png,horse
10820.png,automobile
10821.png,dog
10822.png,frog
10823.png,ship
10824.png,horse
10825.png,automobile
10826.png,cat
10827.png,automobile
10828.png,truck
10829.png,frog
10830.png,truck
10831.png,truck
10832.png,dog
10833.png,automobile
10834.png,bird
10835.png,deer
10836.png,dog
10837.png,ship
10838.png,frog
10839.png,deer
10840.png,automobile
10841.png,ship
10842.png,frog
10843.png,bird
10844.png,cat
10845.png,dog
10846.png,truck
10847.png,automobile
10848.png,airplane
10849.png,ship
10850.png,deer
10851.png,truck
10852.png,deer
10853.png,horse
10854.png,truck
10855.png,cat
10856.png,airplane
10857.png,ship
10858.png,cat
10859.png,horse
10860.png,truck
10861.png,bird
10862.png,deer
10863.png,dog
10864.png,dog
10865.png,ship
10866.png,deer
10867.png,bird
10868.png,airplane
10869.png,automobile
10870.png,cat
10871.png,cat
10872.png,horse
10873.png,airplane
10874.png,horse
10875.png,horse
10876.png,deer
10877.png,ship
10878.png,deer
10879.png,dog
10880.png,horse
10881.png,dog
10882.png,truck
10883.png,automobile
10884.png,cat
10885.png,horse
10886.png,bird
10887.png,horse
10888.png,horse
10889.png,deer
10890.png,frog
10891.png,deer
10892.png,horse
10893.png,horse
10894.png,airplane
10895.png,truck
10896.png,automobile
10897.png,airplane
10898.png,dog
10899.png,bird
10900.png,truck
10901.png,deer
10902.png,bird
10903.png,automobile
10904.png,ship
10905.png,deer
10906.png,horse
10907.png,ship
10908.png,dog
10909.png,frog
10910.png,frog
10911.png,automobile
10912.png,airplane
10913.png,automobile
10914.png,deer
10915.png,dog
10916.png,truck
10917.png,horse
10918.png,ship
10919.png,cat
10920.png,ship
10921.png,frog
10922.png,dog
10923.png,frog
10924.png,ship
10925.png,dog
10926.png,deer
10927.png,bird
10928.png,horse
10929.png,ship
10930.png,cat
10931.png,truck
10932.png,cat
10933.png,horse
10934.png,bird
10935.png,truck
10936.png,bird
10937.png,frog
10938.png,cat
10939.png,frog
10940.png,frog
10941.png,bird
10942.png,truck
10943.png,cat
10944.png,truck
10945.png,bird
10946.png,dog
10947.png,frog
10948.png,deer
10949.png,cat
10950.png,cat
10951.png,deer
10952.png,deer
10953.png,airplane
10954.png,automobile
10955.png,airplane
10956.png,airplane
10957.png,ship
10958.png,horse
10959.png,cat
10960.png,bird
10961.png,cat
10962.png,frog
10963.png,ship
10964.png,automobile
10965.png,automobile
10966.png,ship
10967.png,deer
10968.png,cat
10969.png,bird
10970.png,automobile
10971.png,deer
10972.png,dog
10973.png,truck
10974.png,deer
10975.png,ship
10976.png,ship
10977.png,bird
10978.png,automobile
10979.png,dog
10980.png,deer
10981.png,ship
10982.png,cat
10983.png,deer
10984.png,truck
10985.png,frog
10986.png,frog
10987.png,ship
10988.png,airplane
10989.png,horse
10990.png,airplane
10991.png,airplane
10992.png,bird
10993.png,automobile
10994.png,cat
10995.png,horse
10996.png,dog
10997.png,truck
10998.png,ship
10999.png,horse
11000.png,cat
11001.png,automobile
11002.png,ship
11003.png,airplane
11004.png,bird
11005.png,dog
11006.png,ship
11007.png,bird
11008.png,automobile
11009.png,airplane
11010.png,frog
11011.png,ship
11012.png,cat
11013.png,bird
11014.png,ship
11015.png,airplane
11016.png,bird
11017.png,dog
11018.png,bird
11019.png,airplane
11020.png,horse
11021.png,deer
11022.png,deer
11023.png,airplane
11024.png,airplane
11025.png,dog
11026.png,cat
11027.png,cat
11028.png,ship
11029.png,cat
11030.png,airplane
11031.png,bird
11032.png,airplane
11033.png,dog
11034.png,deer
11035.png,dog
11036.png,bird
11037.png,deer
11038.png,automobile
11039.png,frog
11040.png,horse
11041.png,cat
11042.png,frog
11043.png,ship
11044.png,dog
11045.png,frog
11046.png,deer
11047.png,horse
11048.png,cat
11049.png,frog
11050.png,ship
11051.png,bird
11052.png,horse
11053.png,cat
11054.png,horse
11055.png,airplane
11056.png,cat
11057.png,airplane
11058.png,horse
11059.png,ship
11060.png,horse
11061.png,airplane
11062.png,dog
11063.png,dog
11064.png,ship
11065.png,deer
11066.png,horse
11067.png,frog
11068.png,cat
11069.png,horse
11070.png,ship
11071.png,frog
11072.png,dog
11073.png,dog
11074.png,airplane
11075.png,deer
11076.png,automobile
11077.png,airplane
11078.png,dog
11079.png,airplane
11080.png,cat
11081.png,airplane
11082.png,deer
11083.png,automobile
11084.png,dog
11085.png,bird
11086.png,truck
11087.png,ship
11088.png,bird
11089.png,horse
11090.png,bird
11091.png,frog
11092.png,ship
11093.png,deer
11094.png,frog
11095.png,dog
11096.png,ship
11097.png,truck
11098.png,dog
11099.png,frog
11100.png,bird
11101.png,airplane
11102.png,frog
11103.png,horse
11104.png,cat
11105.png,truck
11106.png,cat
11107.png,bird
11108.png,airplane
11109.png,horse
11110.png,automobile
11111.png,frog
11112.png,truck
11113.png,dog
11114.png,frog
11115.png,airplane
11116.png,bird
11117.png,deer
11118.png,ship
11119.png,deer
11120.png,cat
11121.png,cat
11122.png,dog
11123.png,airplane
11124.png,bird
11125.png,frog
11126.png,deer
11127.png,truck
11128.png,truck
11129.png,truck
11130.png,deer
11131.png,automobile
11132.png,cat
11133.png,automobile
11134.png,automobile
11135.png,automobile
11136.png,frog
11137.png,horse
11138.png,bird
11139.png,deer
11140.png,truck
11141.png,truck
11142.png,ship
11143.png,dog
11144.png,dog
11145.png,frog
11146.png,dog
11147.png,horse
11148.png,frog
11149.png,ship
11150.png,ship
11151.png,frog
11152.png,airplane
11153.png,truck
11154.png,dog
11155.png,horse
11156.png,dog
11157.png,bird
11158.png,truck
11159.png,ship
11160.png,ship
11161.png,dog
11162.png,deer
11163.png,horse
11164.png,automobile
11165.png,dog
11166.png,dog
11167.png,dog
11168.png,horse
11169.png,bird
11170.png,airplane
11171.png,truck
11172.png,bird
11173.png,truck
11174.png,truck
11175.png,dog
11176.png,bird
11177.png,airplane
11178.png,ship
11179.png,airplane
11180.png,automobile
11181.png,ship
11182.png,frog
11183.png,frog
11184.png,cat
11185.png,truck
11186.png,dog
11187.png,dog
11188.png,bird
11189.png,cat
11190.png,dog
11191.png,deer
11192.png,frog
11193.png,cat
11194.png,bird
11195.png,bird
11196.png,cat
11197.png,automobile
11198.png,bird
11199.png,bird
11200.png,cat
11201.png,ship
11202.png,dog
11203.png,bird
11204.png,horse
11205.png,frog
11206.png,cat
11207.png,ship
11208.png,ship
11209.png,airplane
11210.png,deer
11211.png,truck
11212.png,cat
11213.png,frog
11214.png,truck
11215.png,horse
11216.png,frog
11217.png,airplane
11218.png,dog
11219.png,airplane
11220.png,frog
11221.png,bird
11222.png,bird
11223.png,cat
11224.png,automobile
11225.png,airplane
11226.png,truck
11227.png,deer
11228.png,truck
11229.png,horse
11230.png,airplane
11231.png,truck
11232.png,cat
11233.png,truck
11234.png,frog
11235.png,cat
11236.png,deer
11237.png,cat
11238.png,airplane
11239.png,airplane
11240.png,frog
11241.png,airplane
11242.png,bird
11243.png,automobile
11244.png,automobile
11245.png,ship
11246.png,dog
11247.png,frog
11248.png,dog
11249.png,ship
11250.png,deer
11251.png,deer
11252.png,airplane
11253.png,bird
11254.png,ship
11255.png,deer
11256.png,airplane
11257.png,bird
11258.png,cat
11259.png,truck
11260.png,dog
11261.png,horse
11262.png,ship
11263.png,dog
11264.png,airplane
11265.png,automobile
11266.png,ship
11267.png,ship
11268.png,dog
11269.png,cat
11270.png,dog
11271.png,bird
11272.png,cat
11273.png,ship
11274.png,frog
11275.png,dog
11276.png,truck
11277.png,airplane
11278.png,ship
11279.png,horse
11280.png,deer
11281.png,airplane
11282.png,horse
11283.png,deer
11284.png,airplane
11285.png,horse
11286.png,dog
11287.png,bird
11288.png,frog
11289.png,bird
11290.png,horse
11291.png,frog
11292.png,cat
11293.png,truck
11294.png,cat
11295.png,cat
11296.png,bird
11297.png,truck
11298.png,airplane
11299.png,dog
11300.png,deer
11301.png,horse
11302.png,automobile
11303.png,airplane
11304.png,frog
11305.png,airplane
11306.png,airplane
11307.png,ship
11308.png,cat
11309.png,automobile
11310.png,ship
11311.png,frog
11312.png,truck
11313.png,truck
11314.png,bird
11315.png,dog
11316.png,deer
11317.png,truck
11318.png,dog
11319.png,frog
11320.png,frog
11321.png,cat
11322.png,horse
11323.png,dog
11324.png,horse
11325.png,cat
11326.png,airplane
11327.png,bird
11328.png,ship
11329.png,dog
11330.png,horse
11331.png,dog
11332.png,frog
11333.png,truck
11334.png,cat
11335.png,horse
11336.png,bird
11337.png,automobile
11338.png,cat
11339.png,horse
11340.png,cat
11341.png,bird
11342.png,dog
11343.png,bird
11344.png,ship
11345.png,cat
11346.png,ship
11347.png,frog
11348.png,dog
11349.png,bird
11350.png,bird
11351.png,horse
11352.png,dog
11353.png,ship
11354.png,cat
11355.png,bird
11356.png,horse
11357.png,airplane
11358.png,cat
11359.png,frog
11360.png,cat
11361.png,truck
11362.png,automobile
11363.png,bird
11364.png,frog
11365.png,cat
11366.png,dog
11367.png,cat
11368.png,automobile
11369.png,ship
11370.png,frog
11371.png,cat
11372.png,frog
11373.png,airplane
11374.png,truck
11375.png,airplane
11376.png,dog
11377.png,dog
11378.png,horse
11379.png,ship
11380.png,cat
11381.png,bird
11382.png,frog
11383.png,bird
11384.png,truck
11385.png,deer
11386.png,bird
11387.png,cat
11388.png,cat
11389.png,truck
11390.png,cat
11391.png,horse
11392.png,horse
11393.png,frog
11394.png,horse
11395.png,frog
11396.png,automobile
11397.png,dog
11398.png,frog
11399.png,deer
11400.png,truck
11401.png,airplane
11402.png,deer
11403.png,deer
11404.png,automobile
11405.png,frog
11406.png,dog
11407.png,frog
11408.png,automobile
11409.png,frog
11410.png,cat
11411.png,horse
11412.png,horse
11413.png,frog
11414.png,ship
11415.png,horse
11416.png,bird
11417.png,airplane
11418.png,horse
11419.png,automobile
11420.png,cat
11421.png,bird
11422.png,automobile
11423.png,truck
11424.png,deer
11425.png,airplane
11426.png,airplane
11427.png,horse
11428.png,automobile
11429.png,horse
11430.png,frog
11431.png,truck
11432.png,airplane
11433.png,frog
11434.png,bird
11435.png,cat
11436.png,deer
11437.png,bird
11438.png,dog
11439.png,frog
11440.png,frog
11441.png,airplane
11442.png,dog
11443.png,dog
11444.png,bird
11445.png,automobile
11446.png,frog
11447.png,horse
11448.png,cat
11449.png,horse
11450.png,cat
11451.png,dog
11452.png,airplane
11453.png,bird
11454.png,truck
11455.png,bird
11456.png,bird
11457.png,bird
11458.png,truck
11459.png,cat
11460.png,frog
11461.png,horse
11462.png,ship
11463.png,dog
11464.png,dog
11465.png,automobile
11466.png,dog
11467.png,frog
11468.png,bird
11469.png,frog
11470.png,horse
11471.png,automobile
11472.png,bird
11473.png,truck
11474.png,automobile
11475.png,airplane
11476.png,airplane
11477.png,cat
11478.png,cat
11479.png,bird
11480.png,airplane
11481.png,cat
11482.png,deer
11483.png,automobile
11484.png,horse
11485.png,horse
11486.png,truck
11487.png,bird
11488.png,airplane
11489.png,ship
11490.png,frog
11491.png,ship
11492.png,dog
11493.png,cat
11494.png,dog
11495.png,dog
11496.png,dog
11497.png,dog
11498.png,automobile
11499.png,cat
11500.png,deer
11501.png,bird
11502.png,ship
11503.png,horse
11504.png,ship
11505.png,truck
11506.png,ship
11507.png,deer
11508.png,dog
11509.png,frog
11510.png,airplane
11511.png,deer
11512.png,bird
11513.png,cat
11514.png,dog
11515.png,airplane
11516.png,automobile
11517.png,truck
11518.png,truck
11519.png,bird
11520.png,dog
11521.png,horse
11522.png,deer
11523.png,automobile
11524.png,dog
11525.png,ship
11526.png,dog
11527.png,deer
11528.png,horse
11529.png,bird
11530.png,ship
11531.png,dog
11532.png,cat
11533.png,automobile
11534.png,truck
11535.png,cat
11536.png,airplane
11537.png,dog
11538.png,frog
11539.png,bird
11540.png,frog
11541.png,cat
11542.png,truck
11543.png,deer
11544.png,automobile
11545.png,cat
11546.png,bird
11547.png,automobile
11548.png,truck
11549.png,bird
11550.png,truck
11551.png,deer
11552.png,dog
11553.png,truck
11554.png,horse
11555.png,airplane
11556.png,truck
11557.png,cat
11558.png,truck
11559.png,automobile
11560.png,ship
11561.png,dog
11562.png,horse
11563.png,deer
11564.png,airplane
11565.png,cat
11566.png,deer
11567.png,ship
11568.png,deer
11569.png,cat
11570.png,ship
11571.png,horse
11572.png,automobile
11573.png,airplane
11574.png,deer
11575.png,automobile
11576.png,dog
11577.png,ship
11578.png,ship
11579.png,cat
11580.png,automobile
11581.png,automobile
11582.png,horse
11583.png,deer
11584.png,airplane
11585.png,frog
11586.png,automobile
11587.png,deer
11588.png,bird
11589.png,frog
11590.png,truck
11591.png,deer
11592.png,ship
11593.png,truck
11594.png,ship
11595.png,truck
11596.png,horse
11597.png,cat
11598.png,truck
11599.png,ship
11600.png,truck
11601.png,dog
11602.png,truck
11603.png,frog
11604.png,dog
11605.png,truck
11606.png,horse
11607.png,bird
11608.png,truck
11609.png,horse
11610.png,frog
11611.png,dog
11612.png,horse
11613.png,airplane
11614.png,ship
11615.png,automobile
11616.png,airplane
11617.png,ship
11618.png,cat
11619.png,airplane
11620.png,automobile
11621.png,truck
11622.png,horse
11623.png,dog
11624.png,cat
11625.png,dog
11626.png,cat
11627.png,deer
11628.png,ship
11629.png,cat
11630.png,bird
11631.png,bird
11632.png,automobile
11633.png,cat
11634.png,airplane
11635.png,frog
11636.png,deer
11637.png,dog
11638.png,dog
11639.png,frog
11640.png,cat
11641.png,automobile
11642.png,bird
11643.png,airplane
11644.png,airplane
11645.png,frog
11646.png,automobile
11647.png,automobile
11648.png,frog
11649.png,horse
11650.png,deer
11651.png,bird
11652.png,frog
11653.png,ship
11654.png,cat
11655.png,frog
11656.png,cat
11657.png,horse
11658.png,frog
11659.png,truck
11660.png,truck
11661.png,truck
11662.png,airplane
11663.png,dog
11664.png,automobile
11665.png,automobile
11666.png,ship
11667.png,bird
11668.png,ship
11669.png,cat
11670.png,horse
11671.png,deer
11672.png,airplane
11673.png,frog
11674.png,ship
11675.png,ship
11676.png,frog
11677.png,ship
11678.png,truck
11679.png,truck
11680.png,automobile
11681.png,cat
11682.png,truck
11683.png,airplane
11684.png,automobile
11685.png,bird
11686.png,truck
11687.png,automobile
11688.png,frog
11689.png,truck
11690.png,airplane
11691.png,frog
11692.png,airplane
11693.png,automobile
11694.png,ship
11695.png,dog
11696.png,automobile
11697.png,automobile
11698.png,horse
11699.png,automobile
11700.png,frog
11701.png,truck
11702.png,dog
11703.png,automobile
11704.png,truck
11705.png,horse
11706.png,bird
11707.png,ship
11708.png,automobile
11709.png,automobile
11710.png,airplane
11711.png,bird
11712.png,frog
11713.png,dog
11714.png,bird
11715.png,cat
11716.png,truck
11717.png,automobile
11718.png,truck
11719.png,cat
11720.png,frog
11721.png,truck
11722.png,airplane
11723.png,dog
11724.png,dog
11725.png,cat
11726.png,dog
11727.png,frog
11728.png,cat
11729.png,frog
11730.png,frog
11731.png,bird
11732.png,bird
11733.png,airplane
11734.png,frog
11735.png,airplane
11736.png,dog
11737.png,cat
11738.png,dog
11739.png,cat
11740.png,cat
11741.png,dog
11742.png,horse
11743.png,horse
11744.png,cat
11745.png,automobile
11746.png,bird
11747.png,bird
11748.png,truck
11749.png,frog
11750.png,horse
11751.png,automobile
11752.png,frog
11753.png,cat
11754.png,dog
11755.png,frog
11756.png,truck
11757.png,frog
11758.png,deer
11759.png,cat
11760.png,deer
11761.png,cat
11762.png,horse
11763.png,airplane
11764.png,cat
11765.png,cat
11766.png,deer
11767.png,bird
11768.png,automobile
11769.png,airplane
11770.png,deer
11771.png,dog
11772.png,truck
11773.png,airplane
11774.png,truck
11775.png,truck
11776.png,airplane
11777.png,automobile
11778.png,truck
11779.png,horse
11780.png,bird
11781.png,frog
11782.png,horse
11783.png,automobile
11784.png,airplane
11785.png,frog
11786.png,deer
11787.png,truck
11788.png,automobile
11789.png,horse
11790.png,bird
11791.png,dog
11792.png,automobile
11793.png,frog
11794.png,ship
11795.png,deer
11796.png,dog
11797.png,horse
11798.png,truck
11799.png,ship
11800.png,automobile
11801.png,frog
11802.png,truck
11803.png,airplane
11804.png,truck
11805.png,automobile
11806.png,cat
11807.png,truck
11808.png,deer
11809.png,ship
11810.png,cat
11811.png,deer
11812.png,bird
11813.png,airplane
11814.png,bird
11815.png,truck
11816.png,bird
11817.png,bird
11818.png,automobile
11819.png,dog
11820.png,dog
11821.png,deer
11822.png,frog
11823.png,automobile
11824.png,frog
11825.png,automobile
11826.png,bird
11827.png,dog
11828.png,frog
11829.png,truck
11830.png,automobile
11831.png,ship
11832.png,automobile
11833.png,ship
11834.png,frog
11835.png,truck
11836.png,airplane
11837.png,cat
11838.png,horse
11839.png,airplane
11840.png,deer
11841.png,horse
11842.png,horse
11843.png,ship
11844.png,bird
11845.png,airplane
11846.png,deer
11847.png,horse
11848.png,dog
11849.png,horse
11850.png,airplane
11851.png,automobile
11852.png,frog
11853.png,dog
11854.png,dog
11855.png,dog
11856.png,cat
11857.png,truck
11858.png,automobile
11859.png,cat
11860.png,deer
11861.png,deer
11862.png,dog
11863.png,deer
11864.png,ship
11865.png,cat
11866.png,truck
11867.png,ship
11868.png,horse
11869.png,cat
11870.png,deer
11871.png,horse
11872.png,deer
11873.png,deer
11874.png,bird
11875.png,cat
11876.png,frog
11877.png,truck
11878.png,horse
11879.png,deer
11880.png,airplane
11881.png,dog
11882.png,horse
11883.png,bird
11884.png,truck
11885.png,bird
11886.png,bird
11887.png,ship
11888.png,airplane
11889.png,deer
11890.png,truck
11891.png,automobile
11892.png,bird
11893.png,deer
11894.png,dog
11895.png,cat
11896.png,automobile
11897.png,automobile
11898.png,airplane
11899.png,ship
11900.png,dog
11901.png,ship
11902.png,truck
11903.png,cat
11904.png,frog
11905.png,frog
11906.png,dog
11907.png,ship
11908.png,ship
11909.png,airplane
11910.png,horse
11911.png,automobile
11912.png,frog
11913.png,airplane
11914.png,airplane
11915.png,deer
11916.png,bird
11917.png,automobile
11918.png,frog
11919.png,truck
11920.png,airplane
11921.png,automobile
11922.png,bird
11923.png,dog
11924.png,bird
11925.png,dog
11926.png,deer
11927.png,horse
11928.png,deer
11929.png,dog
11930.png,cat
11931.png,deer
11932.png,truck
11933.png,frog
11934.png,dog
11935.png,bird
11936.png,horse
11937.png,bird
11938.png,airplane
11939.png,cat
11940.png,airplane
11941.png,truck
11942.png,truck
11943.png,ship
11944.png,bird
11945.png,airplane
11946.png,deer
11947.png,airplane
11948.png,dog
11949.png,ship
11950.png,dog
11951.png,horse
11952.png,horse
11953.png,deer
11954.png,dog
11955.png,automobile
11956.png,automobile
11957.png,deer
11958.png,deer
11959.png,airplane
11960.png,bird
11961.png,cat
11962.png,bird
11963.png,bird
11964.png,airplane
11965.png,frog
11966.png,ship
11967.png,automobile
11968.png,deer
11969.png,frog
11970.png,cat
11971.png,cat
11972.png,automobile
11973.png,automobile
11974.png,bird
11975.png,horse
11976.png,airplane
11977.png,cat
11978.png,ship
11979.png,ship
11980.png,airplane
11981.png,dog
11982.png,frog
11983.png,deer
11984.png,deer
11985.png,truck
11986.png,bird
11987.png,ship
11988.png,frog
11989.png,dog
11990.png,airplane
11991.png,horse
11992.png,bird
11993.png,bird
11994.png,ship
11995.png,deer
11996.png,dog
11997.png,horse
11998.png,deer
11999.png,cat
12000.png,frog
12001.png,frog
12002.png,truck
12003.png,truck
12004.png,frog
12005.png,frog
12006.png,dog
12007.png,deer
12008.png,cat
12009.png,truck
12010.png,airplane
12011.png,airplane
12012.png,truck
12013.png,dog
12014.png,cat
12015.png,frog
12016.png,dog
12017.png,cat
12018.png,frog
12019.png,horse
12020.png,frog
12021.png,ship
12022.png,bird
12023.png,deer
12024.png,horse
12025.png,ship
12026.png,automobile
12027.png,deer
12028.png,automobile
12029.png,airplane
12030.png,airplane
12031.png,airplane
12032.png,frog
12033.png,cat
12034.png,cat
12035.png,frog
12036.png,truck
12037.png,horse
12038.png,airplane
12039.png,automobile
12040.png,cat
12041.png,truck
12042.png,ship
12043.png,cat
12044.png,bird
12045.png,bird
12046.png,cat
12047.png,bird
12048.png,automobile
12049.png,frog
12050.png,automobile
12051.png,cat
12052.png,dog
12053.png,airplane
12054.png,dog
12055.png,automobile
12056.png,frog
12057.png,airplane
12058.png,frog
12059.png,bird
12060.png,deer
12061.png,bird
12062.png,truck
12063.png,airplane
12064.png,truck
12065.png,automobile
12066.png,ship
12067.png,frog
12068.png,bird
12069.png,dog
12070.png,dog
12071.png,bird
12072.png,automobile
12073.png,airplane
12074.png,airplane
12075.png,bird
12076.png,deer
12077.png,cat
12078.png,frog
12079.png,airplane
12080.png,airplane
12081.png,automobile
12082.png,frog
12083.png,dog
12084.png,airplane
12085.png,deer
12086.png,truck
12087.png,truck
12088.png,ship
12089.png,dog
12090.png,dog
12091.png,ship
12092.png,cat
12093.png,ship
12094.png,ship
12095.png,deer
12096.png,airplane
12097.png,cat
12098.png,horse
12099.png,dog
12100.png,horse
12101.png,automobile
12102.png,frog
12103.png,automobile
12104.png,deer
12105.png,truck
12106.png,cat
12107.png,deer
12108.png,bird
12109.png,deer
12110.png,bird
12111.png,deer
12112.png,cat
12113.png,truck
12114.png,cat
12115.png,automobile
12116.png,ship
12117.png,truck
12118.png,deer
12119.png,cat
12120.png,dog
12121.png,ship
12122.png,airplane
12123.png,frog
12124.png,automobile
12125.png,deer
12126.png,ship
12127.png,ship
12128.png,automobile
12129.png,ship
12130.png,airplane
12131.png,airplane
12132.png,airplane
12133.png,deer
12134.png,airplane
12135.png,deer
12136.png,dog
12137.png,deer
12138.png,bird
12139.png,frog
12140.png,airplane
12141.png,bird
12142.png,bird
12143.png,horse
12144.png,deer
12145.png,dog
12146.png,cat
12147.png,frog
12148.png,cat
12149.png,bird
12150.png,airplane
12151.png,automobile
12152.png,frog
12153.png,truck
12154.png,ship
12155.png,deer
12156.png,cat
12157.png,bird
12158.png,horse
12159.png,automobile
12160.png,truck
12161.png,deer
12162.png,bird
12163.png,truck
12164.png,horse
12165.png,automobile
12166.png,airplane
12167.png,bird
12168.png,automobile
12169.png,frog
12170.png,automobile
12171.png,automobile
12172.png,frog
12173.png,ship
12174.png,bird
12175.png,cat
12176.png,ship
12177.png,ship
12178.png,dog
12179.png,airplane
12180.png,deer
12181.png,bird
12182.png,airplane
12183.png,truck
12184.png,automobile
12185.png,dog
12186.png,automobile
12187.png,truck
12188.png,truck
12189.png,bird
12190.png,ship
12191.png,cat
12192.png,bird
12193.png,airplane
12194.png,frog
12195.png,ship
12196.png,cat
12197.png,ship
12198.png,ship
12199.png,dog
12200.png,frog
12201.png,bird
12202.png,ship
12203.png,dog
12204.png,frog
12205.png,deer
12206.png,dog
12207.png,ship
12208.png,ship
12209.png,deer
12210.png,airplane
12211.png,automobile
12212.png,cat
12213.png,bird
12214.png,deer
12215.png,frog
12216.png,cat
12217.png,cat
12218.png,deer
12219.png,frog
12220.png,bird
12221.png,horse
12222.png,frog
12223.png,frog
12224.png,dog
12225.png,deer
12226.png,cat
12227.png,airplane
12228.png,horse
12229.png,automobile
12230.png,horse
12231.png,airplane
12232.png,automobile
12233.png,automobile
12234.png,ship
12235.png,airplane
12236.png,dog
12237.png,ship
12238.png,cat
12239.png,frog
12240.png,dog
12241.png,frog
12242.png,cat
12243.png,dog
12244.png,horse
12245.png,horse
12246.png,truck
12247.png,dog
12248.png,automobile
12249.png,truck
12250.png,ship
12251.png,bird
12252.png,ship
12253.png,airplane
12254.png,deer
12255.png,frog
12256.png,cat
12257.png,dog
12258.png,airplane
12259.png,ship
12260.png,truck
12261.png,automobile
12262.png,deer
12263.png,truck
12264.png,frog
12265.png,automobile
12266.png,airplane
12267.png,ship
12268.png,bird
12269.png,ship
12270.png,horse
12271.png,airplane
12272.png,horse
12273.png,horse
12274.png,frog
12275.png,dog
12276.png,automobile
12277.png,automobile
12278.png,ship
12279.png,cat
12280.png,truck
12281.png,automobile
12282.png,dog
12283.png,deer
12284.png,automobile
12285.png,airplane
12286.png,deer
12287.png,ship
12288.png,bird
12289.png,truck
12290.png,cat
12291.png,dog
12292.png,automobile
12293.png,automobile
12294.png,frog
12295.png,airplane
12296.png,automobile
12297.png,airplane
12298.png,airplane
12299.png,truck
12300.png,automobile
12301.png,dog
12302.png,deer
12303.png,frog
12304.png,automobile
12305.png,cat
12306.png,frog
12307.png,automobile
12308.png,deer
12309.png,automobile
12310.png,deer
12311.png,dog
12312.png,automobile
12313.png,truck
12314.png,deer
12315.png,truck
12316.png,truck
12317.png,cat
12318.png,bird
12319.png,ship
12320.png,ship
12321.png,horse
12322.png,frog
12323.png,dog
12324.png,bird
12325.png,deer
12326.png,airplane
12327.png,dog
12328.png,horse
12329.png,airplane
12330.png,cat
12331.png,dog
12332.png,deer
12333.png,cat
12334.png,deer
12335.png,deer
12336.png,automobile
12337.png,automobile
12338.png,frog
12339.png,bird
12340.png,frog
12341.png,automobile
12342.png,dog
12343.png,cat
12344.png,deer
12345.png,airplane
12346.png,airplane
12347.png,bird
12348.png,truck
12349.png,automobile
12350.png,dog
12351.png,automobile
12352.png,ship
12353.png,dog
12354.png,ship
12355.png,frog
12356.png,airplane
12357.png,frog
12358.png,dog
12359.png,truck
12360.png,frog
12361.png,automobile
12362.png,bird
12363.png,bird
12364.png,airplane
12365.png,horse
12366.png,horse
12367.png,cat
12368.png,frog
12369.png,deer
12370.png,frog
12371.png,cat
12372.png,dog
12373.png,ship
12374.png,automobile
12375.png,frog
12376.png,airplane
12377.png,bird
12378.png,cat
12379.png,automobile
12380.png,frog
12381.png,bird
12382.png,horse
12383.png,cat
12384.png,truck
12385.png,automobile
12386.png,truck
12387.png,cat
12388.png,bird
12389.png,automobile
12390.png,automobile
12391.png,dog
12392.png,cat
12393.png,truck
12394.png,airplane
12395.png,horse
12396.png,ship
12397.png,frog
12398.png,horse
12399.png,bird
12400.png,bird
12401.png,ship
12402.png,ship
12403.png,horse
12404.png,ship
12405.png,truck
12406.png,truck
12407.png,deer
12408.png,frog
12409.png,deer
12410.png,airplane
12411.png,horse
12412.png,frog
12413.png,automobile
12414.png,truck
12415.png,airplane
12416.png,horse
12417.png,deer
12418.png,deer
12419.png,ship
12420.png,airplane
12421.png,airplane
12422.png,bird
12423.png,ship
12424.png,bird
12425.png,automobile
12426.png,cat
12427.png,ship
12428.png,truck
12429.png,cat
12430.png,airplane
12431.png,airplane
12432.png,dog
12433.png,horse
12434.png,frog
12435.png,frog
12436.png,airplane
12437.png,cat
12438.png,horse
12439.png,ship
12440.png,horse
12441.png,cat
12442.png,frog
12443.png,ship
12444.png,ship
12445.png,deer
12446.png,frog
12447.png,horse
12448.png,frog
12449.png,bird
12450.png,cat
12451.png,cat
12452.png,automobile
12453.png,ship
12454.png,deer
12455.png,cat
12456.png,bird
12457.png,truck
12458.png,ship
12459.png,frog
12460.png,frog
12461.png,truck
12462.png,airplane
12463.png,bird
12464.png,horse
12465.png,horse
12466.png,bird
12467.png,horse
12468.png,truck
12469.png,dog
12470.png,airplane
12471.png,automobile
12472.png,bird
12473.png,bird
12474.png,bird
12475.png,horse
12476.png,cat
12477.png,horse
12478.png,airplane
12479.png,deer
12480.png,horse
12481.png,dog
12482.png,ship
12483.png,horse
12484.png,truck
12485.png,deer
12486.png,dog
12487.png,truck
12488.png,ship
12489.png,dog
12490.png,deer
12491.png,ship
12492.png,frog
12493.png,airplane
12494.png,airplane
12495.png,automobile
12496.png,frog
12497.png,dog
12498.png,truck
12499.png,ship
12500.png,airplane
12501.png,cat
12502.png,bird
12503.png,horse
12504.png,ship
12505.png,bird
12506.png,deer
12507.png,bird
12508.png,airplane
12509.png,frog
12510.png,airplane
12511.png,deer
12512.png,deer
12513.png,frog
12514.png,ship
12515.png,dog
12516.png,dog
12517.png,automobile
12518.png,cat
12519.png,dog
12520.png,bird
12521.png,ship
12522.png,automobile
12523.png,deer
12524.png,automobile
12525.png,frog
12526.png,frog
12527.png,frog
12528.png,horse
12529.png,cat
12530.png,horse
12531.png,deer
12532.png,truck
12533.png,dog
12534.png,bird
12535.png,airplane
12536.png,horse
12537.png,bird
12538.png,automobile
12539.png,automobile
12540.png,deer
12541.png,airplane
12542.png,truck
12543.png,airplane
12544.png,ship
12545.png,ship
12546.png,dog
12547.png,cat
12548.png,horse
12549.png,automobile
12550.png,bird
12551.png,frog
12552.png,automobile
12553.png,cat
12554.png,airplane
12555.png,frog
12556.png,truck
12557.png,dog
12558.png,ship
12559.png,cat
12560.png,dog
12561.png,automobile
12562.png,frog
12563.png,truck
12564.png,truck
12565.png,dog
12566.png,horse
12567.png,horse
12568.png,dog
12569.png,truck
12570.png,dog
12571.png,automobile
12572.png,dog
12573.png,horse
12574.png,dog
12575.png,bird
12576.png,automobile
12577.png,horse
12578.png,deer
12579.png,dog
12580.png,horse
12581.png,deer
12582.png,dog
12583.png,bird
12584.png,bird
12585.png,bird
12586.png,ship
12587.png,automobile
12588.png,frog
12589.png,truck
12590.png,bird
12591.png,deer
12592.png,deer
12593.png,automobile
12594.png,dog
12595.png,automobile
12596.png,cat
12597.png,frog
12598.png,frog
12599.png,cat
12600.png,ship
12601.png,ship
12602.png,cat
12603.png,bird
12604.png,deer
12605.png,frog
12606.png,ship
12607.png,ship
12608.png,bird
12609.png,truck
12610.png,frog
12611.png,ship
12612.png,deer
12613.png,cat
12614.png,truck
12615.png,ship
12616.png,ship
12617.png,bird
12618.png,horse
12619.png,cat
12620.png,frog
12621.png,automobile
12622.png,dog
12623.png,automobile
12624.png,bird
12625.png,frog
12626.png,horse
12627.png,ship
12628.png,horse
12629.png,automobile
12630.png,automobile
12631.png,dog
12632.png,cat
12633.png,frog
12634.png,horse
12635.png,airplane
12636.png,frog
12637.png,deer
12638.png,truck
12639.png,bird
12640.png,cat
12641.png,airplane
12642.png,frog
12643.png,cat
12644.png,automobile
12645.png,truck
12646.png,deer
12647.png,ship
12648.png,cat
12649.png,automobile
12650.png,dog
12651.png,ship
12652.png,bird
12653.png,dog
12654.png,truck
12655.png,truck
12656.png,dog
12657.png,bird
12658.png,frog
12659.png,horse
12660.png,airplane
12661.png,airplane
12662.png,dog
12663.png,truck
12664.png,deer
12665.png,truck
12666.png,deer
12667.png,frog
12668.png,bird
12669.png,airplane
12670.png,bird
12671.png,truck
12672.png,cat
12673.png,deer
12674.png,cat
12675.png,airplane
12676.png,bird
12677.png,automobile
12678.png,horse
12679.png,bird
12680.png,frog
12681.png,truck
12682.png,cat
12683.png,dog
12684.png,horse
12685.png,frog
12686.png,automobile
12687.png,dog
12688.png,dog
12689.png,ship
12690.png,frog
12691.png,horse
12692.png,deer
12693.png,frog
12694.png,bird
12695.png,bird
12696.png,horse
12697.png,dog
12698.png,bird
12699.png,deer
12700.png,ship
12701.png,truck
12702.png,dog
12703.png,automobile
12704.png,bird
12705.png,airplane
12706.png,horse
12707.png,truck
12708.png,cat
12709.png,truck
12710.png,truck
12711.png,bird
12712.png,bird
12713.png,truck
12714.png,horse
12715.png,horse
12716.png,truck
12717.png,dog
12718.png,deer
12719.png,truck
12720.png,automobile
12721.png,bird
12722.png,bird
12723.png,horse
12724.png,deer
12725.png,bird
12726.png,ship
12727.png,dog
12728.png,deer
12729.png,dog
12730.png,truck
12731.png,airplane
12732.png,ship
12733.png,automobile
12734.png,horse
12735.png,dog
12736.png,frog
12737.png,frog
12738.png,deer
12739.png,horse
12740.png,frog
12741.png,airplane
12742.png,automobile
12743.png,bird
12744.png,automobile
12745.png,horse
12746.png,truck
12747.png,automobile
12748.png,ship
12749.png,bird
12750.png,airplane
12751.png,cat
12752.png,horse
12753.png,bird
12754.png,bird
12755.png,airplane
12756.png,automobile
12757.png,horse
12758.png,airplane
12759.png,cat
12760.png,horse
12761.png,truck
12762.png,airplane
12763.png,ship
12764.png,horse
12765.png,airplane
12766.png,frog
12767.png,automobile
12768.png,airplane
12769.png,dog
12770.png,dog
12771.png,horse
12772.png,ship
12773.png,ship
12774.png,automobile
12775.png,automobile
12776.png,truck
12777.png,cat
12778.png,airplane
12779.png,horse
12780.png,frog
12781.png,cat
12782.png,frog
12783.png,bird
12784.png,cat
12785.png,bird
12786.png,airplane
12787.png,cat
12788.png,horse
12789.png,frog
12790.png,truck
12791.png,bird
12792.png,dog
12793.png,ship
12794.png,truck
12795.png,horse
12796.png,deer
12797.png,frog
12798.png,deer
12799.png,cat
12800.png,frog
12801.png,automobile
12802.png,ship
12803.png,airplane
12804.png,deer
12805.png,frog
12806.png,deer
12807.png,ship
12808.png,airplane
12809.png,airplane
12810.png,airplane
12811.png,deer
12812.png,cat
12813.png,deer
12814.png,ship
12815.png,automobile
12816.png,cat
12817.png,truck
12818.png,airplane
12819.png,airplane
12820.png,bird
12821.png,airplane
12822.png,cat
12823.png,truck
12824.png,cat
12825.png,frog
12826.png,dog
12827.png,deer
12828.png,truck
12829.png,automobile
12830.png,dog
12831.png,ship
12832.png,frog
12833.png,dog
12834.png,dog
12835.png,ship
12836.png,truck
12837.png,airplane
12838.png,cat
12839.png,horse
12840.png,dog
12841.png,truck
12842.png,automobile
12843.png,horse
12844.png,deer
12845.png,horse
12846.png,horse
12847.png,deer
12848.png,bird
12849.png,horse
12850.png,automobile
12851.png,frog
12852.png,dog
12853.png,frog
12854.png,cat
12855.png,airplane
12856.png,ship
12857.png,automobile
12858.png,ship
12859.png,deer
12860.png,deer
12861.png,bird
12862.png,ship
12863.png,deer
12864.png,truck
12865.png,horse
12866.png,automobile
12867.png,ship
12868.png,ship
12869.png,ship
12870.png,horse
12871.png,cat
12872.png,bird
12873.png,cat
12874.png,truck
12875.png,frog
12876.png,automobile
12877.png,ship
12878.png,bird
12879.png,truck
12880.png,frog
12881.png,ship
12882.png,automobile
12883.png,cat
12884.png,airplane
12885.png,dog
12886.png,frog
12887.png,cat
12888.png,frog
12889.png,horse
12890.png,horse
12891.png,dog
12892.png,ship
12893.png,bird
12894.png,automobile
12895.png,automobile
12896.png,truck
12897.png,deer
12898.png,frog
12899.png,deer
12900.png,horse
12901.png,horse
12902.png,horse
12903.png,truck
12904.png,automobile
12905.png,cat
12906.png,ship
12907.png,frog
12908.png,ship
12909.png,dog
12910.png,horse
12911.png,airplane
12912.png,airplane
12913.png,dog
12914.png,dog
12915.png,automobile
12916.png,airplane
12917.png,airplane
12918.png,automobile
12919.png,ship
12920.png,automobile
12921.png,automobile
12922.png,deer
12923.png,airplane
12924.png,automobile
12925.png,bird
12926.png,horse
12927.png,ship
12928.png,automobile
12929.png,frog
12930.png,automobile
12931.png,frog
12932.png,dog
12933.png,ship
12934.png,frog
12935.png,frog
12936.png,ship
12937.png,airplane
12938.png,dog
12939.png,ship
12940.png,frog
12941.png,bird
12942.png,horse
12943.png,horse
12944.png,cat
12945.png,airplane
12946.png,bird
12947.png,automobile
12948.png,dog
12949.png,truck
12950.png,automobile
12951.png,truck
12952.png,ship
12953.png,cat
12954.png,cat
12955.png,ship
12956.png,truck
12957.png,cat
12958.png,truck
12959.png,bird
12960.png,deer
12961.png,airplane
12962.png,horse
12963.png,dog
12964.png,automobile
12965.png,automobile
12966.png,cat
12967.png,cat
12968.png,airplane
12969.png,deer
12970.png,cat
12971.png,truck
12972.png,cat
12973.png,truck
12974.png,cat
12975.png,dog
12976.png,deer
12977.png,truck
12978.png,automobile
12979.png,bird
12980.png,truck
12981.png,horse
12982.png,automobile
12983.png,automobile
12984.png,horse
12985.png,horse
12986.png,horse
12987.png,truck
12988.png,dog
12989.png,cat
12990.png,deer
12991.png,bird
12992.png,airplane
12993.png,bird
12994.png,airplane
12995.png,horse
12996.png,horse
12997.png,frog
12998.png,deer
12999.png,horse
13000.png,automobile
13001.png,truck
13002.png,cat
13003.png,automobile
13004.png,truck
13005.png,ship
13006.png,deer
13007.png,automobile
13008.png,bird
13009.png,airplane
13010.png,horse
13011.png,automobile
13012.png,airplane
13013.png,deer
13014.png,cat
13015.png,horse
13016.png,ship
13017.png,airplane
13018.png,truck
13019.png,frog
13020.png,cat
13021.png,ship
13022.png,deer
13023.png,horse
13024.png,deer
13025.png,truck
13026.png,deer
13027.png,horse
13028.png,ship
13029.png,airplane
13030.png,frog
13031.png,airplane
13032.png,airplane
13033.png,automobile
13034.png,bird
13035.png,truck
13036.png,bird
13037.png,bird
13038.png,automobile
13039.png,deer
13040.png,horse
13041.png,automobile
13042.png,ship
13043.png,bird
13044.png,airplane
13045.png,automobile
13046.png,dog
13047.png,frog
13048.png,bird
13049.png,dog
13050.png,frog
13051.png,dog
13052.png,airplane
13053.png,automobile
13054.png,cat
13055.png,ship
13056.png,airplane
13057.png,automobile
13058.png,dog
13059.png,horse
13060.png,bird
13061.png,airplane
13062.png,cat
13063.png,cat
13064.png,truck
13065.png,cat
13066.png,automobile
13067.png,frog
13068.png,dog
13069.png,airplane
13070.png,airplane
13071.png,truck
13072.png,bird
13073.png,ship
13074.png,dog
13075.png,truck
13076.png,bird
13077.png,frog
13078.png,frog
13079.png,truck
13080.png,ship
13081.png,frog
13082.png,bird
13083.png,cat
13084.png,horse
13085.png,airplane
13086.png,cat
13087.png,airplane
13088.png,dog
13089.png,automobile
13090.png,cat
13091.png,airplane
13092.png,cat
13093.png,horse
13094.png,cat
13095.png,cat
13096.png,ship
13097.png,truck
13098.png,dog
13099.png,automobile
13100.png,automobile
13101.png,dog
13102.png,frog
13103.png,deer
13104.png,dog
13105.png,dog
13106.png,horse
13107.png,airplane
13108.png,bird
13109.png,automobile
13110.png,ship
13111.png,airplane
13112.png,dog
13113.png,dog
13114.png,horse
13115.png,bird
13116.png,ship
13117.png,ship
13118.png,frog
13119.png,automobile
13120.png,horse
13121.png,frog
13122.png,dog
13123.png,automobile
13124.png,frog
13125.png,horse
13126.png,truck
13127.png,horse
13128.png,frog
13129.png,truck
13130.png,automobile
13131.png,bird
13132.png,ship
13133.png,horse
13134.png,truck
13135.png,deer
13136.png,horse
13137.png,horse
13138.png,frog
13139.png,truck
13140.png,ship
13141.png,frog
13142.png,bird
13143.png,dog
13144.png,frog
13145.png,automobile
13146.png,deer
13147.png,horse
13148.png,horse
13149.png,truck
13150.png,automobile
13151.png,dog
13152.png,dog
13153.png,automobile
13154.png,frog
13155.png,bird
13156.png,truck
13157.png,automobile
13158.png,ship
13159.png,automobile
13160.png,dog
13161.png,truck
13162.png,dog
13163.png,frog
13164.png,bird
13165.png,deer
13166.png,airplane
13167.png,automobile
13168.png,cat
13169.png,frog
13170.png,ship
13171.png,cat
13172.png,horse
13173.png,truck
13174.png,dog
13175.png,airplane
13176.png,ship
13177.png,frog
13178.png,bird
13179.png,horse
13180.png,bird
13181.png,frog
13182.png,airplane
13183.png,horse
13184.png,deer
13185.png,frog
13186.png,horse
13187.png,deer
13188.png,dog
13189.png,frog
13190.png,cat
13191.png,dog
13192.png,automobile
13193.png,horse
13194.png,horse
13195.png,airplane
13196.png,bird
13197.png,deer
13198.png,ship
13199.png,horse
13200.png,truck
13201.png,horse
13202.png,cat
13203.png,cat
13204.png,dog
13205.png,cat
13206.png,cat
13207.png,airplane
13208.png,automobile
13209.png,truck
13210.png,frog
13211.png,deer
13212.png,truck
13213.png,deer
13214.png,frog
13215.png,truck
13216.png,deer
13217.png,frog
13218.png,automobile
13219.png,automobile
13220.png,horse
13221.png,frog
13222.png,cat
13223.png,cat
13224.png,airplane
13225.png,horse
13226.png,airplane
13227.png,bird
13228.png,ship
13229.png,bird
13230.png,airplane
13231.png,airplane
13232.png,deer
13233.png,bird
13234.png,ship
13235.png,automobile
13236.png,cat
13237.png,dog
13238.png,horse
13239.png,airplane
13240.png,automobile
13241.png,automobile
13242.png,ship
13243.png,automobile
13244.png,bird
13245.png,automobile
13246.png,dog
13247.png,dog
13248.png,cat
13249.png,airplane
13250.png,dog
13251.png,bird
13252.png,dog
13253.png,dog
13254.png,cat
13255.png,cat
13256.png,truck
13257.png,dog
13258.png,dog
13259.png,ship
13260.png,cat
13261.png,airplane
13262.png,frog
13263.png,automobile
13264.png,truck
13265.png,automobile
13266.png,truck
13267.png,ship
13268.png,horse
13269.png,horse
13270.png,deer
13271.png,bird
13272.png,horse
13273.png,horse
13274.png,bird
13275.png,ship
13276.png,bird
13277.png,horse
13278.png,automobile
13279.png,bird
13280.png,deer
13281.png,horse
13282.png,cat
13283.png,deer
13284.png,dog
13285.png,horse
13286.png,dog
13287.png,bird
13288.png,cat
13289.png,dog
13290.png,airplane
13291.png,bird
13292.png,frog
13293.png,deer
13294.png,ship
13295.png,truck
13296.png,horse
13297.png,automobile
13298.png,cat
13299.png,truck
13300.png,horse
13301.png,bird
13302.png,automobile
13303.png,cat
13304.png,deer
13305.png,horse
13306.png,ship
13307.png,frog
13308.png,deer
13309.png,truck
13310.png,deer
13311.png,deer
13312.png,automobile
13313.png,airplane
13314.png,cat
13315.png,bird
13316.png,ship
13317.png,dog
13318.png,automobile
13319.png,bird
13320.png,deer
13321.png,truck
13322.png,bird
13323.png,ship
13324.png,automobile
13325.png,airplane
13326.png,ship
13327.png,airplane
13328.png,automobile
13329.png,cat
13330.png,cat
13331.png,cat
13332.png,frog
13333.png,automobile
13334.png,horse
13335.png,airplane
13336.png,frog
13337.png,horse
13338.png,truck
13339.png,ship
13340.png,horse
13341.png,bird
13342.png,bird
13343.png,truck
13344.png,truck
13345.png,frog
13346.png,dog
13347.png,truck
13348.png,horse
13349.png,airplane
13350.png,cat
13351.png,ship
13352.png,horse
13353.png,dog
13354.png,horse
13355.png,frog
13356.png,ship
13357.png,dog
13358.png,airplane
13359.png,truck
13360.png,dog
13361.png,dog
13362.png,dog
13363.png,bird
13364.png,deer
13365.png,truck
13366.png,frog
13367.png,automobile
13368.png,frog
13369.png,airplane
13370.png,ship
13371.png,truck
13372.png,cat
13373.png,horse
13374.png,horse
13375.png,automobile
13376.png,dog
13377.png,horse
13378.png,horse
13379.png,horse
13380.png,truck
13381.png,truck
13382.png,truck
13383.png,airplane
13384.png,frog
13385.png,truck
13386.png,deer
13387.png,ship
13388.png,dog
13389.png,ship
13390.png,frog
13391.png,frog
13392.png,deer
13393.png,dog
13394.png,cat
13395.png,horse
13396.png,deer
13397.png,cat
13398.png,bird
13399.png,bird
13400.png,truck
13401.png,airplane
13402.png,airplane
13403.png,automobile
13404.png,frog
13405.png,ship
13406.png,dog
13407.png,ship
13408.png,truck
13409.png,bird
13410.png,horse
13411.png,frog
13412.png,dog
13413.png,deer
13414.png,bird
13415.png,frog
13416.png,bird
13417.png,deer
13418.png,automobile
13419.png,bird
13420.png,airplane
13421.png,airplane
13422.png,truck
13423.png,automobile
13424.png,horse
13425.png,bird
13426.png,ship
13427.png,ship
13428.png,deer
13429.png,deer
13430.png,truck
13431.png,horse
13432.png,bird
13433.png,frog
13434.png,bird
13435.png,airplane
13436.png,bird
13437.png,airplane
13438.png,bird
13439.png,bird
13440.png,cat
13441.png,frog
13442.png,frog
13443.png,horse
13444.png,cat
13445.png,automobile
13446.png,horse
13447.png,cat
13448.png,bird
13449.png,bird
13450.png,ship
13451.png,horse
13452.png,deer
13453.png,frog
13454.png,deer
13455.png,truck
13456.png,frog
13457.png,dog
13458.png,airplane
13459.png,cat
13460.png,airplane
13461.png,ship
13462.png,dog
13463.png,automobile
13464.png,cat
13465.png,deer
13466.png,bird
13467.png,deer
13468.png,airplane
13469.png,automobile
13470.png,deer
13471.png,automobile
13472.png,cat
13473.png,deer
13474.png,airplane
13475.png,truck
13476.png,truck
13477.png,ship
13478.png,bird
13479.png,bird
13480.png,frog
13481.png,airplane
13482.png,ship
13483.png,horse
13484.png,airplane
13485.png,frog
13486.png,bird
13487.png,bird
13488.png,bird
13489.png,automobile
13490.png,airplane
13491.png,airplane
13492.png,truck
13493.png,bird
13494.png,horse
13495.png,horse
13496.png,frog
13497.png,frog
13498.png,airplane
13499.png,deer
13500.png,dog
13501.png,frog
13502.png,ship
13503.png,cat
13504.png,truck
13505.png,ship
13506.png,automobile
13507.png,bird
13508.png,airplane
13509.png,automobile
13510.png,automobile
13511.png,deer
13512.png,frog
13513.png,truck
13514.png,deer
13515.png,horse
13516.png,frog
13517.png,horse
13518.png,dog
13519.png,cat
13520.png,ship
13521.png,truck
13522.png,horse
13523.png,airplane
13524.png,automobile
13525.png,bird
13526.png,horse
13527.png,automobile
13528.png,dog
13529.png,dog
13530.png,truck
13531.png,cat
13532.png,truck
13533.png,dog
13534.png,cat
13535.png,automobile
13536.png,ship
13537.png,deer
13538.png,frog
13539.png,truck
13540.png,horse
13541.png,horse
13542.png,cat
13543.png,bird
13544.png,automobile
13545.png,automobile
13546.png,ship
13547.png,ship
13548.png,horse
13549.png,dog
13550.png,airplane
13551.png,frog
13552.png,dog
13553.png,cat
13554.png,ship
13555.png,frog
13556.png,automobile
13557.png,bird
13558.png,bird
13559.png,automobile
13560.png,bird
13561.png,cat
13562.png,airplane
13563.png,ship
13564.png,automobile
13565.png,bird
13566.png,ship
13567.png,horse
13568.png,bird
13569.png,deer
13570.png,horse
13571.png,airplane
13572.png,automobile
13573.png,ship
13574.png,frog
13575.png,ship
13576.png,airplane
13577.png,ship
13578.png,truck
13579.png,airplane
13580.png,dog
13581.png,truck
13582.png,cat
13583.png,ship
13584.png,airplane
13585.png,cat
13586.png,bird
13587.png,truck
13588.png,ship
13589.png,truck
13590.png,frog
13591.png,cat
13592.png,ship
13593.png,dog
13594.png,cat
13595.png,airplane
13596.png,cat
13597.png,frog
13598.png,horse
13599.png,dog
13600.png,truck
13601.png,frog
13602.png,cat
13603.png,cat
13604.png,frog
13605.png,dog
13606.png,horse
13607.png,ship
13608.png,frog
13609.png,automobile
13610.png,truck
13611.png,dog
13612.png,frog
13613.png,cat
13614.png,airplane
13615.png,ship
13616.png,automobile
13617.png,ship
13618.png,frog
13619.png,dog
13620.png,frog
13621.png,ship
13622.png,bird
13623.png,horse
13624.png,ship
13625.png,dog
13626.png,truck
13627.png,bird
13628.png,airplane
13629.png,horse
13630.png,airplane
13631.png,cat
13632.png,horse
13633.png,horse
13634.png,ship
13635.png,frog
13636.png,frog
13637.png,deer
13638.png,bird
13639.png,horse
13640.png,bird
13641.png,bird
13642.png,ship
13643.png,truck
13644.png,bird
13645.png,dog
13646.png,horse
13647.png,deer
13648.png,automobile
13649.png,bird
13650.png,airplane
13651.png,airplane
13652.png,dog
13653.png,deer
13654.png,cat
13655.png,deer
13656.png,bird
13657.png,airplane
13658.png,truck
13659.png,dog
13660.png,bird
13661.png,airplane
13662.png,cat
13663.png,truck
13664.png,deer
13665.png,deer
13666.png,truck
13667.png,ship
13668.png,automobile
13669.png,airplane
13670.png,truck
13671.png,truck
13672.png,bird
13673.png,ship
13674.png,dog
13675.png,ship
13676.png,bird
13677.png,dog
13678.png,bird
13679.png,cat
13680.png,dog
13681.png,dog
13682.png,deer
13683.png,bird
13684.png,frog
13685.png,ship
13686.png,dog
13687.png,cat
13688.png,frog
13689.png,cat
13690.png,dog
13691.png,truck
13692.png,deer
13693.png,frog
13694.png,ship
13695.png,ship
13696.png,ship
13697.png,horse
13698.png,automobile
13699.png,bird
13700.png,truck
13701.png,cat
13702.png,automobile
13703.png,ship
13704.png,horse
13705.png,truck
13706.png,truck
13707.png,horse
13708.png,airplane
13709.png,deer
13710.png,horse
13711.png,airplane
13712.png,truck
13713.png,airplane
13714.png,automobile
13715.png,airplane
13716.png,deer
13717.png,airplane
13718.png,truck
13719.png,horse
13720.png,frog
13721.png,ship
13722.png,dog
13723.png,automobile
13724.png,frog
13725.png,truck
13726.png,cat
13727.png,deer
13728.png,bird
13729.png,ship
13730.png,ship
13731.png,truck
13732.png,ship
13733.png,horse
13734.png,cat
13735.png,frog
13736.png,bird
13737.png,frog
13738.png,horse
13739.png,ship
13740.png,truck
13741.png,automobile
13742.png,horse
13743.png,automobile
13744.png,ship
13745.png,ship
13746.png,truck
13747.png,deer
13748.png,airplane
13749.png,cat
13750.png,horse
13751.png,cat
13752.png,airplane
13753.png,bird
13754.png,frog
13755.png,frog
13756.png,automobile
13757.png,frog
13758.png,bird
13759.png,dog
13760.png,bird
13761.png,deer
13762.png,bird
13763.png,deer
13764.png,automobile
13765.png,deer
13766.png,dog
13767.png,automobile
13768.png,truck
13769.png,automobile
13770.png,deer
13771.png,bird
13772.png,truck
13773.png,deer
13774.png,dog
13775.png,automobile
13776.png,horse
13777.png,frog
13778.png,bird
13779.png,deer
13780.png,truck
13781.png,truck
13782.png,dog
13783.png,truck
13784.png,frog
13785.png,automobile
13786.png,deer
13787.png,bird
13788.png,deer
13789.png,ship
13790.png,horse
13791.png,horse
13792.png,truck
13793.png,dog
13794.png,cat
13795.png,bird
13796.png,truck
13797.png,frog
13798.png,frog
13799.png,truck
13800.png,horse
13801.png,airplane
13802.png,airplane
13803.png,frog
13804.png,deer
13805.png,frog
13806.png,dog
13807.png,frog
13808.png,truck
13809.png,ship
13810.png,truck
13811.png,ship
13812.png,cat
13813.png,bird
13814.png,cat
13815.png,bird
13816.png,deer
13817.png,ship
13818.png,airplane
13819.png,horse
13820.png,bird
13821.png,bird
13822.png,automobile
13823.png,cat
13824.png,automobile
13825.png,cat
13826.png,frog
13827.png,cat
13828.png,truck
13829.png,deer
13830.png,dog
13831.png,cat
13832.png,bird
13833.png,deer
13834.png,airplane
13835.png,deer
13836.png,airplane
13837.png,ship
13838.png,bird
13839.png,frog
13840.png,automobile
13841.png,dog
13842.png,airplane
13843.png,dog
13844.png,automobile
13845.png,frog
13846.png,automobile
13847.png,deer
13848.png,frog
13849.png,bird
13850.png,automobile
13851.png,airplane
13852.png,ship
13853.png,automobile
13854.png,bird
13855.png,ship
13856.png,deer
13857.png,bird
13858.png,cat
13859.png,automobile
13860.png,ship
13861.png,airplane
13862.png,airplane
13863.png,cat
13864.png,deer
13865.png,airplane
13866.png,dog
13867.png,frog
13868.png,truck
13869.png,ship
13870.png,truck
13871.png,truck
13872.png,deer
13873.png,dog
13874.png,cat
13875.png,ship
13876.png,deer
13877.png,airplane
13878.png,automobile
13879.png,frog
13880.png,bird
13881.png,airplane
13882.png,truck
13883.png,deer
13884.png,ship
13885.png,automobile
13886.png,dog
13887.png,ship
13888.png,deer
13889.png,horse
13890.png,truck
13891.png,frog
13892.png,bird
13893.png,horse
13894.png,ship
13895.png,airplane
13896.png,automobile
13897.png,deer
13898.png,automobile
13899.png,bird
13900.png,automobile
13901.png,horse
13902.png,bird
13903.png,airplane
13904.png,deer
13905.png,truck
13906.png,deer
13907.png,truck
13908.png,cat
13909.png,automobile
13910.png,deer
13911.png,truck
13912.png,dog
13913.png,ship
13914.png,cat
13915.png,cat
13916.png,airplane
13917.png,frog
13918.png,truck
13919.png,cat
13920.png,truck
13921.png,frog
13922.png,frog
13923.png,automobile
13924.png,ship
13925.png,automobile
13926.png,cat
13927.png,dog
13928.png,deer
13929.png,cat
13930.png,ship
13931.png,dog
13932.png,cat
13933.png,frog
13934.png,deer
13935.png,bird
13936.png,horse
13937.png,bird
13938.png,airplane
13939.png,frog
13940.png,frog
13941.png,automobile
13942.png,cat
13943.png,horse
13944.png,deer
13945.png,automobile
13946.png,deer
13947.png,deer
13948.png,horse
13949.png,dog
13950.png,frog
13951.png,horse
13952.png,airplane
13953.png,automobile
13954.png,cat
13955.png,ship
13956.png,bird
13957.png,frog
13958.png,cat
13959.png,ship
13960.png,deer
13961.png,dog
13962.png,horse
13963.png,truck
13964.png,truck
13965.png,airplane
13966.png,frog
13967.png,airplane
13968.png,ship
13969.png,automobile
13970.png,truck
13971.png,bird
13972.png,cat
13973.png,deer
13974.png,automobile
13975.png,horse
13976.png,horse
13977.png,cat
13978.png,horse
13979.png,deer
13980.png,airplane
13981.png,dog
13982.png,ship
13983.png,ship
13984.png,dog
13985.png,deer
13986.png,bird
13987.png,cat
13988.png,deer
13989.png,frog
13990.png,bird
13991.png,dog
13992.png,cat
13993.png,ship
13994.png,deer
13995.png,automobile
13996.png,deer
13997.png,automobile
13998.png,automobile
13999.png,dog
14000.png,automobile
14001.png,deer
14002.png,dog
14003.png,horse
14004.png,frog
14005.png,dog
14006.png,automobile
14007.png,automobile
14008.png,automobile
14009.png,truck
14010.png,frog
14011.png,ship
14012.png,ship
14013.png,bird
14014.png,bird
14015.png,cat
14016.png,dog
14017.png,truck
14018.png,bird
14019.png,cat
14020.png,deer
14021.png,truck
14022.png,bird
14023.png,deer
14024.png,airplane
14025.png,frog
14026.png,airplane
14027.png,dog
14028.png,frog
14029.png,ship
14030.png,bird
14031.png,cat
14032.png,cat
14033.png,cat
14034.png,dog
14035.png,dog
14036.png,automobile
14037.png,deer
14038.png,ship
14039.png,deer
14040.png,frog
14041.png,automobile
14042.png,deer
14043.png,frog
14044.png,frog
14045.png,horse
14046.png,ship
14047.png,ship
14048.png,cat
14049.png,automobile
14050.png,ship
14051.png,horse
14052.png,deer
14053.png,airplane
14054.png,truck
14055.png,ship
14056.png,automobile
14057.png,airplane
14058.png,horse
14059.png,ship
14060.png,truck
14061.png,deer
14062.png,automobile
14063.png,bird
14064.png,bird
14065.png,cat
14066.png,frog
14067.png,horse
14068.png,automobile
14069.png,automobile
14070.png,airplane
14071.png,cat
14072.png,truck
14073.png,truck
14074.png,deer
14075.png,automobile
14076.png,deer
14077.png,dog
14078.png,truck
14079.png,bird
14080.png,airplane
14081.png,airplane
14082.png,horse
14083.png,deer
14084.png,truck
14085.png,frog
14086.png,bird
14087.png,horse
14088.png,deer
14089.png,bird
14090.png,cat
14091.png,deer
14092.png,cat
14093.png,automobile
14094.png,dog
14095.png,bird
14096.png,horse
14097.png,automobile
14098.png,truck
14099.png,frog
14100.png,truck
14101.png,truck
14102.png,automobile
14103.png,horse
14104.png,dog
14105.png,deer
14106.png,deer
14107.png,bird
14108.png,cat
14109.png,cat
14110.png,horse
14111.png,automobile
14112.png,deer
14113.png,truck
14114.png,deer
14115.png,bird
14116.png,cat
14117.png,airplane
14118.png,automobile
14119.png,cat
14120.png,dog
14121.png,bird
14122.png,dog
14123.png,cat
14124.png,ship
14125.png,airplane
14126.png,cat
14127.png,horse
14128.png,bird
14129.png,airplane
14130.png,automobile
14131.png,horse
14132.png,frog
14133.png,ship
14134.png,frog
14135.png,deer
14136.png,bird
14137.png,airplane
14138.png,airplane
14139.png,airplane
14140.png,frog
14141.png,dog
14142.png,ship
14143.png,deer
14144.png,horse
14145.png,horse
14146.png,automobile
14147.png,bird
14148.png,deer
14149.png,cat
14150.png,ship
14151.png,horse
14152.png,deer
14153.png,deer
14154.png,airplane
14155.png,bird
14156.png,cat
14157.png,bird
14158.png,bird
14159.png,ship
14160.png,dog
14161.png,dog
14162.png,cat
14163.png,frog
14164.png,frog
14165.png,deer
14166.png,automobile
14167.png,ship
14168.png,automobile
14169.png,automobile
14170.png,airplane
14171.png,truck
14172.png,cat
14173.png,bird
14174.png,truck
14175.png,bird
14176.png,bird
14177.png,ship
14178.png,truck
14179.png,frog
14180.png,truck
14181.png,bird
14182.png,deer
14183.png,automobile
14184.png,ship
14185.png,dog
14186.png,dog
14187.png,deer
14188.png,cat
14189.png,frog
14190.png,truck
14191.png,airplane
14192.png,horse
14193.png,bird
14194.png,airplane
14195.png,airplane
14196.png,bird
14197.png,horse
14198.png,truck
14199.png,truck
14200.png,bird
14201.png,frog
14202.png,automobile
14203.png,horse
14204.png,airplane
14205.png,automobile
14206.png,truck
14207.png,bird
14208.png,ship
14209.png,ship
14210.png,automobile
14211.png,airplane
14212.png,ship
14213.png,frog
14214.png,airplane
14215.png,horse
14216.png,horse
14217.png,airplane
14218.png,truck
14219.png,horse
14220.png,horse
14221.png,truck
14222.png,dog
14223.png,horse
14224.png,dog
14225.png,truck
14226.png,cat
14227.png,deer
14228.png,dog
14229.png,bird
14230.png,bird
14231.png,cat
14232.png,frog
14233.png,cat
14234.png,horse
14235.png,cat
14236.png,deer
14237.png,frog
14238.png,cat
14239.png,automobile
14240.png,cat
14241.png,automobile
14242.png,frog
14243.png,horse
14244.png,deer
14245.png,deer
14246.png,ship
14247.png,dog
14248.png,automobile
14249.png,bird
14250.png,automobile
14251.png,truck
14252.png,deer
14253.png,bird
14254.png,cat
14255.png,horse
14256.png,deer
14257.png,deer
14258.png,frog
14259.png,deer
14260.png,dog
14261.png,ship
14262.png,horse
14263.png,deer
14264.png,deer
14265.png,cat
14266.png,truck
14267.png,bird
14268.png,frog
14269.png,airplane
14270.png,cat
14271.png,bird
14272.png,truck
14273.png,horse
14274.png,dog
14275.png,frog
14276.png,airplane
14277.png,dog
14278.png,ship
14279.png,truck
14280.png,truck
14281.png,bird
14282.png,ship
14283.png,cat
14284.png,deer
14285.png,deer
14286.png,bird
14287.png,ship
14288.png,ship
14289.png,automobile
14290.png,cat
14291.png,horse
14292.png,frog
14293.png,ship
14294.png,frog
14295.png,bird
14296.png,truck
14297.png,bird
14298.png,cat
14299.png,dog
14300.png,bird
14301.png,automobile
14302.png,horse
14303.png,automobile
14304.png,deer
14305.png,bird
14306.png,deer
14307.png,ship
14308.png,airplane
14309.png,bird
14310.png,airplane
14311.png,deer
14312.png,automobile
14313.png,airplane
14314.png,cat
14315.png,bird
14316.png,cat
14317.png,deer
14318.png,bird
14319.png,ship
14320.png,horse
14321.png,dog
14322.png,cat
14323.png,dog
14324.png,truck
14325.png,deer
14326.png,airplane
14327.png,truck
14328.png,bird
14329.png,ship
14330.png,airplane
14331.png,cat
14332.png,dog
14333.png,truck
14334.png,horse
14335.png,airplane
14336.png,airplane
14337.png,automobile
14338.png,dog
14339.png,truck
14340.png,automobile
14341.png,cat
14342.png,airplane
14343.png,frog
14344.png,airplane
14345.png,cat
14346.png,frog
14347.png,dog
14348.png,airplane
14349.png,ship
14350.png,horse
14351.png,airplane
14352.png,automobile
14353.png,frog
14354.png,bird
14355.png,ship
14356.png,dog
14357.png,horse
14358.png,truck
14359.png,automobile
14360.png,deer
14361.png,bird
14362.png,truck
14363.png,deer
14364.png,horse
14365.png,bird
14366.png,airplane
14367.png,dog
14368.png,automobile
14369.png,cat
14370.png,ship
14371.png,horse
14372.png,bird
14373.png,horse
14374.png,cat
14375.png,horse
14376.png,horse
14377.png,automobile
14378.png,deer
14379.png,automobile
14380.png,automobile
14381.png,cat
14382.png,automobile
14383.png,deer
14384.png,bird
14385.png,automobile
14386.png,deer
14387.png,cat
14388.png,truck
14389.png,deer
14390.png,ship
14391.png,airplane
14392.png,dog
14393.png,frog
14394.png,airplane
14395.png,horse
14396.png,frog
14397.png,deer
14398.png,deer
14399.png,horse
14400.png,bird
14401.png,horse
14402.png,truck
14403.png,ship
14404.png,horse
14405.png,bird
14406.png,dog
14407.png,truck
14408.png,airplane
14409.png,dog
14410.png,automobile
14411.png,deer
14412.png,frog
14413.png,deer
14414.png,airplane
14415.png,frog
14416.png,deer
14417.png,horse
14418.png,automobile
14419.png,deer
14420.png,cat
14421.png,truck
14422.png,bird
14423.png,cat
14424.png,bird
14425.png,truck
14426.png,automobile
14427.png,bird
14428.png,ship
14429.png,frog
14430.png,deer
14431.png,horse
14432.png,horse
14433.png,dog
14434.png,truck
14435.png,airplane
14436.png,bird
14437.png,truck
14438.png,dog
14439.png,ship
14440.png,bird
14441.png,deer
14442.png,airplane
14443.png,ship
14444.png,frog
14445.png,frog
14446.png,automobile
14447.png,horse
14448.png,deer
14449.png,automobile
14450.png,horse
14451.png,airplane
14452.png,automobile
14453.png,horse
14454.png,dog
14455.png,cat
14456.png,automobile
14457.png,airplane
14458.png,frog
14459.png,truck
14460.png,bird
14461.png,airplane
14462.png,automobile
14463.png,truck
14464.png,bird
14465.png,ship
14466.png,dog
14467.png,cat
14468.png,truck
14469.png,airplane
14470.png,deer
14471.png,automobile
14472.png,truck
14473.png,bird
14474.png,bird
14475.png,deer
14476.png,truck
14477.png,frog
14478.png,dog
14479.png,bird
14480.png,airplane
14481.png,frog
14482.png,automobile
14483.png,airplane
14484.png,ship
14485.png,deer
14486.png,cat
14487.png,airplane
14488.png,airplane
14489.png,airplane
14490.png,horse
14491.png,deer
14492.png,cat
14493.png,deer
14494.png,horse
14495.png,cat
14496.png,dog
14497.png,bird
14498.png,ship
14499.png,automobile
14500.png,airplane
14501.png,bird
14502.png,automobile
14503.png,automobile
14504.png,horse
14505.png,dog
14506.png,frog
14507.png,truck
14508.png,automobile
14509.png,frog
14510.png,airplane
14511.png,truck
14512.png,cat
14513.png,automobile
14514.png,frog
14515.png,frog
14516.png,truck
14517.png,deer
14518.png,horse
14519.png,automobile
14520.png,automobile
14521.png,airplane
14522.png,deer
14523.png,dog
14524.png,truck
14525.png,automobile
14526.png,truck
14527.png,cat
14528.png,cat
14529.png,airplane
14530.png,ship
14531.png,dog
14532.png,horse
14533.png,deer
14534.png,dog
14535.png,airplane
14536.png,deer
14537.png,cat
14538.png,horse
14539.png,automobile
14540.png,ship
14541.png,horse
14542.png,truck
14543.png,ship
14544.png,cat
14545.png,frog
14546.png,truck
14547.png,automobile
14548.png,frog
14549.png,airplane
14550.png,automobile
14551.png,airplane
14552.png,ship
14553.png,truck
14554.png,frog
14555.png,cat
14556.png,deer
14557.png,horse
14558.png,deer
14559.png,cat
14560.png,bird
14561.png,deer
14562.png,horse
14563.png,truck
14564.png,truck
14565.png,truck
14566.png,ship
14567.png,deer
14568.png,airplane
14569.png,cat
14570.png,bird
14571.png,dog
14572.png,truck
14573.png,truck
14574.png,deer
14575.png,cat
14576.png,cat
14577.png,deer
14578.png,horse
14579.png,cat
14580.png,dog
14581.png,cat
14582.png,ship
14583.png,horse
14584.png,bird
14585.png,deer
14586.png,airplane
14587.png,truck
14588.png,ship
14589.png,bird
14590.png,horse
14591.png,cat
14592.png,airplane
14593.png,airplane
14594.png,automobile
14595.png,airplane
14596.png,bird
14597.png,horse
14598.png,airplane
14599.png,automobile
14600.png,truck
14601.png,deer
14602.png,bird
14603.png,bird
14604.png,horse
14605.png,frog
14606.png,cat
14607.png,ship
14608.png,deer
14609.png,frog
14610.png,truck
14611.png,truck
14612.png,horse
14613.png,deer
14614.png,ship
14615.png,horse
14616.png,airplane
14617.png,truck
14618.png,truck
14619.png,deer
14620.png,bird
14621.png,bird
14622.png,frog
14623.png,frog
14624.png,cat
14625.png,ship
14626.png,frog
14627.png,truck
14628.png,dog
14629.png,frog
14630.png,frog
14631.png,horse
14632.png,frog
14633.png,dog
14634.png,horse
14635.png,deer
14636.png,deer
14637.png,horse
14638.png,ship
14639.png,frog
14640.png,frog
14641.png,bird
14642.png,horse
14643.png,ship
14644.png,automobile
14645.png,deer
14646.png,deer
14647.png,bird
14648.png,cat
14649.png,ship
14650.png,deer
14651.png,dog
14652.png,cat
14653.png,airplane
14654.png,horse
14655.png,airplane
14656.png,bird
14657.png,deer
14658.png,dog
14659.png,bird
14660.png,automobile
14661.png,frog
14662.png,truck
14663.png,automobile
14664.png,dog
14665.png,deer
14666.png,ship
14667.png,airplane
14668.png,deer
14669.png,automobile
14670.png,dog
14671.png,deer
14672.png,horse
14673.png,bird
14674.png,dog
14675.png,cat
14676.png,bird
14677.png,automobile
14678.png,dog
14679.png,frog
14680.png,frog
14681.png,horse
14682.png,dog
14683.png,dog
14684.png,truck
14685.png,ship
14686.png,cat
14687.png,horse
14688.png,truck
14689.png,bird
14690.png,airplane
14691.png,deer
14692.png,dog
14693.png,horse
14694.png,ship
14695.png,frog
14696.png,truck
14697.png,dog
14698.png,bird
14699.png,airplane
14700.png,deer
14701.png,dog
14702.png,frog
14703.png,cat
14704.png,cat
14705.png,deer
14706.png,truck
14707.png,cat
14708.png,dog
14709.png,airplane
14710.png,cat
14711.png,ship
14712.png,ship
14713.png,airplane
14714.png,automobile
14715.png,ship
14716.png,bird
14717.png,automobile
14718.png,automobile
14719.png,ship
14720.png,frog
14721.png,bird
14722.png,automobile
14723.png,automobile
14724.png,truck
14725.png,dog
14726.png,horse
14727.png,deer
14728.png,airplane
14729.png,ship
14730.png,ship
14731.png,cat
14732.png,truck
14733.png,airplane
14734.png,horse
14735.png,dog
14736.png,cat
14737.png,ship
14738.png,deer
14739.png,horse
14740.png,bird
14741.png,automobile
14742.png,horse
14743.png,horse
14744.png,truck
14745.png,deer
14746.png,horse
14747.png,frog
14748.png,deer
14749.png,dog
14750.png,frog
14751.png,dog
14752.png,cat
14753.png,bird
14754.png,ship
14755.png,airplane
14756.png,frog
14757.png,bird
14758.png,horse
14759.png,horse
14760.png,dog
14761.png,dog
14762.png,bird
14763.png,dog
14764.png,dog
14765.png,automobile
14766.png,truck
14767.png,ship
14768.png,ship
14769.png,bird
14770.png,bird
14771.png,bird
14772.png,horse
14773.png,frog
14774.png,deer
14775.png,bird
14776.png,horse
14777.png,automobile
14778.png,deer
14779.png,airplane
14780.png,cat
14781.png,horse
14782.png,deer
14783.png,airplane
14784.png,truck
14785.png,truck
14786.png,bird
14787.png,deer
14788.png,deer
14789.png,horse
14790.png,deer
14791.png,ship
14792.png,dog
14793.png,dog
14794.png,bird
14795.png,cat
14796.png,automobile
14797.png,airplane
14798.png,dog
14799.png,deer
14800.png,horse
14801.png,cat
14802.png,horse
14803.png,dog
14804.png,truck
14805.png,ship
14806.png,automobile
14807.png,airplane
14808.png,airplane
14809.png,horse
14810.png,truck
14811.png,deer
14812.png,bird
14813.png,bird
14814.png,truck
14815.png,bird
14816.png,deer
14817.png,deer
14818.png,cat
14819.png,horse
14820.png,bird
14821.png,cat
14822.png,ship
14823.png,horse
14824.png,ship
14825.png,frog
14826.png,truck
14827.png,ship
14828.png,deer
14829.png,frog
14830.png,bird
14831.png,frog
14832.png,ship
14833.png,ship
14834.png,frog
14835.png,bird
14836.png,bird
14837.png,automobile
14838.png,horse
14839.png,frog
14840.png,bird
14841.png,bird
14842.png,dog
14843.png,bird
14844.png,bird
14845.png,automobile
14846.png,frog
14847.png,ship
14848.png,truck
14849.png,airplane
14850.png,automobile
14851.png,dog
14852.png,automobile
14853.png,deer
14854.png,deer
14855.png,ship
14856.png,automobile
14857.png,airplane
14858.png,deer
14859.png,deer
14860.png,automobile
14861.png,bird
14862.png,cat
14863.png,horse
14864.png,horse
14865.png,frog
14866.png,horse
14867.png,ship
14868.png,airplane
14869.png,truck
14870.png,deer
14871.png,ship
14872.png,automobile
14873.png,ship
14874.png,frog
14875.png,automobile
14876.png,dog
14877.png,ship
14878.png,airplane
14879.png,automobile
14880.png,deer
14881.png,truck
14882.png,dog
14883.png,deer
14884.png,ship
14885.png,frog
14886.png,truck
14887.png,deer
14888.png,bird
14889.png,deer
14890.png,frog
14891.png,automobile
14892.png,ship
14893.png,truck
14894.png,deer
14895.png,frog
14896.png,truck
14897.png,dog
14898.png,horse
14899.png,airplane
14900.png,bird
14901.png,automobile
14902.png,ship
14903.png,truck
14904.png,bird
14905.png,automobile
14906.png,deer
14907.png,frog
14908.png,deer
14909.png,dog
14910.png,airplane
14911.png,horse
14912.png,deer
14913.png,automobile
14914.png,truck
14915.png,deer
14916.png,bird
14917.png,frog
14918.png,truck
14919.png,bird
14920.png,cat
14921.png,cat
14922.png,deer
14923.png,ship
14924.png,deer
14925.png,cat
14926.png,deer
14927.png,bird
14928.png,automobile
14929.png,horse
14930.png,dog
14931.png,bird
14932.png,dog
14933.png,dog
14934.png,deer
14935.png,ship
14936.png,deer
14937.png,cat
14938.png,deer
14939.png,cat
14940.png,horse
14941.png,frog
14942.png,cat
14943.png,cat
14944.png,deer
14945.png,horse
14946.png,airplane
14947.png,bird
14948.png,horse
14949.png,airplane
14950.png,airplane
14951.png,frog
14952.png,frog
14953.png,dog
14954.png,truck
14955.png,truck
14956.png,horse
14957.png,deer
14958.png,deer
14959.png,airplane
14960.png,frog
14961.png,dog
14962.png,dog
14963.png,cat
14964.png,dog
14965.png,automobile
14966.png,dog
14967.png,automobile
14968.png,automobile
14969.png,cat
14970.png,ship
14971.png,truck
14972.png,ship
14973.png,cat
14974.png,frog
14975.png,deer
14976.png,dog
14977.png,horse
14978.png,horse
14979.png,automobile
14980.png,ship
14981.png,horse
14982.png,frog
14983.png,ship
14984.png,horse
14985.png,frog
14986.png,truck
14987.png,cat
14988.png,dog
14989.png,bird
14990.png,horse
14991.png,truck
14992.png,ship
14993.png,dog
14994.png,cat
14995.png,frog
14996.png,automobile
14997.png,deer
14998.png,deer
14999.png,truck
15000.png,frog
15001.png,airplane
15002.png,frog
15003.png,horse
15004.png,airplane
15005.png,deer
15006.png,truck
15007.png,dog
15008.png,ship
15009.png,airplane
15010.png,deer
15011.png,cat
15012.png,ship
15013.png,deer
15014.png,horse
15015.png,automobile
15016.png,ship
15017.png,cat
15018.png,dog
15019.png,deer
15020.png,dog
15021.png,horse
15022.png,deer
15023.png,ship
15024.png,frog
15025.png,deer
15026.png,ship
15027.png,frog
15028.png,truck
15029.png,frog
15030.png,dog
15031.png,airplane
15032.png,truck
15033.png,dog
15034.png,truck
15035.png,bird
15036.png,frog
15037.png,deer
15038.png,horse
15039.png,frog
15040.png,frog
15041.png,frog
15042.png,frog
15043.png,automobile
15044.png,ship
15045.png,airplane
15046.png,horse
15047.png,ship
15048.png,horse
15049.png,frog
15050.png,ship
15051.png,frog
15052.png,automobile
15053.png,frog
15054.png,cat
15055.png,bird
15056.png,horse
15057.png,truck
15058.png,cat
15059.png,horse
15060.png,automobile
15061.png,frog
15062.png,automobile
15063.png,truck
15064.png,frog
15065.png,frog
15066.png,bird
15067.png,truck
15068.png,horse
15069.png,bird
15070.png,automobile
15071.png,horse
15072.png,frog
15073.png,horse
15074.png,horse
15075.png,dog
15076.png,frog
15077.png,frog
15078.png,airplane
15079.png,frog
15080.png,horse
15081.png,cat
15082.png,horse
15083.png,truck
15084.png,cat
15085.png,frog
15086.png,truck
15087.png,airplane
15088.png,airplane
15089.png,bird
15090.png,dog
15091.png,truck
15092.png,bird
15093.png,ship
15094.png,frog
15095.png,bird
15096.png,deer
15097.png,truck
15098.png,airplane
15099.png,horse
15100.png,horse
15101.png,automobile
15102.png,truck
15103.png,airplane
15104.png,dog
15105.png,truck
15106.png,deer
15107.png,cat
15108.png,frog
15109.png,cat
15110.png,bird
15111.png,frog
15112.png,ship
15113.png,deer
15114.png,airplane
15115.png,automobile
15116.png,airplane
15117.png,frog
15118.png,horse
15119.png,bird
15120.png,truck
15121.png,horse
15122.png,bird
15123.png,cat
15124.png,truck
15125.png,bird
15126.png,bird
15127.png,deer
15128.png,cat
15129.png,ship
15130.png,cat
15131.png,dog
15132.png,deer
15133.png,horse
15134.png,dog
15135.png,bird
15136.png,ship
15137.png,horse
15138.png,airplane
15139.png,cat
15140.png,bird
15141.png,deer
15142.png,truck
15143.png,truck
15144.png,deer
15145.png,bird
15146.png,cat
15147.png,bird
15148.png,airplane
15149.png,horse
15150.png,airplane
15151.png,truck
15152.png,automobile
15153.png,deer
15154.png,airplane
15155.png,cat
15156.png,deer
15157.png,cat
15158.png,horse
15159.png,deer
15160.png,truck
15161.png,bird
15162.png,ship
15163.png,automobile
15164.png,frog
15165.png,ship
15166.png,frog
15167.png,dog
15168.png,horse
15169.png,deer
15170.png,cat
15171.png,deer
15172.png,truck
15173.png,automobile
15174.png,bird
15175.png,ship
15176.png,cat
15177.png,bird
15178.png,dog
15179.png,deer
15180.png,frog
15181.png,truck
15182.png,cat
15183.png,bird
15184.png,automobile
15185.png,bird
15186.png,frog
15187.png,dog
15188.png,truck
15189.png,truck
15190.png,bird
15191.png,truck
15192.png,airplane
15193.png,frog
15194.png,frog
15195.png,horse
15196.png,automobile
15197.png,deer
15198.png,truck
15199.png,ship
15200.png,deer
15201.png,bird
15202.png,deer
15203.png,cat
15204.png,deer
15205.png,truck
15206.png,automobile
15207.png,ship
15208.png,dog
15209.png,horse
15210.png,truck
15211.png,cat
15212.png,frog
15213.png,bird
15214.png,dog
15215.png,bird
15216.png,truck
15217.png,horse
15218.png,cat
15219.png,frog
15220.png,dog
15221.png,frog
15222.png,truck
15223.png,horse
15224.png,ship
15225.png,cat
15226.png,airplane
15227.png,cat
15228.png,frog
15229.png,cat
15230.png,dog
15231.png,bird
15232.png,frog
15233.png,frog
15234.png,dog
15235.png,cat
15236.png,horse
15237.png,airplane
15238.png,ship
15239.png,deer
15240.png,ship
15241.png,airplane
15242.png,ship
15243.png,dog
15244.png,deer
15245.png,truck
15246.png,horse
15247.png,cat
15248.png,cat
15249.png,automobile
15250.png,truck
15251.png,ship
15252.png,cat
15253.png,truck
15254.png,deer
15255.png,deer
15256.png,airplane
15257.png,deer
15258.png,dog
15259.png,airplane
15260.png,deer
15261.png,ship
15262.png,automobile
15263.png,bird
15264.png,truck
15265.png,truck
15266.png,cat
15267.png,cat
15268.png,deer
15269.png,ship
15270.png,cat
15271.png,horse
15272.png,horse
15273.png,frog
15274.png,automobile
15275.png,truck
15276.png,automobile
15277.png,ship
15278.png,bird
15279.png,cat
15280.png,cat
15281.png,truck
15282.png,automobile
15283.png,horse
15284.png,horse
15285.png,cat
15286.png,bird
15287.png,automobile
15288.png,truck
15289.png,airplane
15290.png,bird
15291.png,horse
15292.png,frog
15293.png,horse
15294.png,dog
15295.png,frog
15296.png,automobile
15297.png,horse
15298.png,bird
15299.png,cat
15300.png,automobile
15301.png,cat
15302.png,dog
15303.png,truck
15304.png,bird
15305.png,airplane
15306.png,cat
15307.png,automobile
15308.png,deer
15309.png,automobile
15310.png,airplane
15311.png,bird
15312.png,cat
15313.png,dog
15314.png,cat
15315.png,bird
15316.png,automobile
15317.png,frog
15318.png,horse
15319.png,airplane
15320.png,dog
15321.png,dog
15322.png,cat
15323.png,ship
15324.png,ship
15325.png,horse
15326.png,horse
15327.png,bird
15328.png,horse
15329.png,ship
15330.png,ship
15331.png,truck
15332.png,truck
15333.png,horse
15334.png,airplane
15335.png,ship
15336.png,cat
15337.png,dog
15338.png,truck
15339.png,frog
15340.png,deer
15341.png,dog
15342.png,cat
15343.png,deer
15344.png,frog
15345.png,horse
15346.png,cat
15347.png,ship
15348.png,dog
15349.png,deer
15350.png,frog
15351.png,truck
15352.png,frog
15353.png,airplane
15354.png,airplane
15355.png,dog
15356.png,horse
15357.png,bird
15358.png,automobile
15359.png,horse
15360.png,horse
15361.png,frog
15362.png,cat
15363.png,dog
15364.png,automobile
15365.png,horse
15366.png,dog
15367.png,horse
15368.png,ship
15369.png,truck
15370.png,bird
15371.png,dog
15372.png,dog
15373.png,cat
15374.png,truck
15375.png,ship
15376.png,truck
15377.png,bird
15378.png,deer
15379.png,dog
15380.png,airplane
15381.png,bird
15382.png,automobile
15383.png,truck
15384.png,cat
15385.png,truck
15386.png,frog
15387.png,automobile
15388.png,frog
15389.png,cat
15390.png,automobile
15391.png,frog
15392.png,horse
15393.png,cat
15394.png,dog
15395.png,automobile
15396.png,deer
15397.png,airplane
15398.png,cat
15399.png,bird
15400.png,deer
15401.png,horse
15402.png,truck
15403.png,frog
15404.png,dog
15405.png,bird
15406.png,ship
15407.png,deer
15408.png,ship
15409.png,dog
15410.png,deer
15411.png,frog
15412.png,cat
15413.png,cat
15414.png,horse
15415.png,airplane
15416.png,deer
15417.png,ship
15418.png,cat
15419.png,ship
15420.png,bird
15421.png,truck
15422.png,cat
15423.png,ship
15424.png,automobile
15425.png,frog
15426.png,automobile
15427.png,deer
15428.png,horse
15429.png,deer
15430.png,ship
15431.png,bird
15432.png,dog
15433.png,dog
15434.png,horse
15435.png,deer
15436.png,airplane
15437.png,airplane
15438.png,automobile
15439.png,ship
15440.png,airplane
15441.png,frog
15442.png,deer
15443.png,frog
15444.png,bird
15445.png,cat
15446.png,frog
15447.png,deer
15448.png,automobile
15449.png,cat
15450.png,dog
15451.png,dog
15452.png,automobile
15453.png,airplane
15454.png,cat
15455.png,deer
15456.png,ship
15457.png,automobile
15458.png,frog
15459.png,frog
15460.png,horse
15461.png,automobile
15462.png,automobile
15463.png,automobile
15464.png,truck
15465.png,bird
15466.png,airplane
15467.png,airplane
15468.png,cat
15469.png,bird
15470.png,automobile
15471.png,cat
15472.png,cat
15473.png,horse
15474.png,airplane
15475.png,frog
15476.png,dog
15477.png,dog
15478.png,bird
15479.png,frog
15480.png,frog
15481.png,truck
15482.png,horse
15483.png,deer
15484.png,airplane
15485.png,frog
15486.png,dog
15487.png,automobile
15488.png,deer
15489.png,dog
15490.png,frog
15491.png,ship
15492.png,ship
15493.png,frog
15494.png,cat
15495.png,airplane
15496.png,truck
15497.png,automobile
15498.png,frog
15499.png,frog
15500.png,dog
15501.png,airplane
15502.png,truck
15503.png,airplane
15504.png,deer
15505.png,ship
15506.png,bird
15507.png,automobile
15508.png,truck
15509.png,deer
15510.png,airplane
15511.png,dog
15512.png,horse
15513.png,automobile
15514.png,frog
15515.png,horse
15516.png,deer
15517.png,airplane
15518.png,frog
15519.png,automobile
15520.png,deer
15521.png,ship
15522.png,horse
15523.png,bird
15524.png,cat
15525.png,automobile
15526.png,deer
15527.png,deer
15528.png,dog
15529.png,automobile
15530.png,bird
15531.png,deer
15532.png,frog
15533.png,deer
15534.png,deer
15535.png,frog
15536.png,automobile
15537.png,frog
15538.png,deer
15539.png,deer
15540.png,horse
15541.png,truck
15542.png,airplane
15543.png,airplane
15544.png,horse
15545.png,dog
15546.png,cat
15547.png,airplane
15548.png,horse
15549.png,airplane
15550.png,dog
15551.png,horse
15552.png,horse
15553.png,frog
15554.png,ship
15555.png,airplane
15556.png,cat
15557.png,dog
15558.png,automobile
15559.png,automobile
15560.png,automobile
15561.png,bird
15562.png,truck
15563.png,cat
15564.png,bird
15565.png,horse
15566.png,bird
15567.png,truck
15568.png,horse
15569.png,bird
15570.png,frog
15571.png,truck
15572.png,airplane
15573.png,airplane
15574.png,ship
15575.png,automobile
15576.png,dog
15577.png,bird
15578.png,automobile
15579.png,deer
15580.png,horse
15581.png,airplane
15582.png,airplane
15583.png,deer
15584.png,automobile
15585.png,bird
15586.png,bird
15587.png,truck
15588.png,deer
15589.png,truck
15590.png,bird
15591.png,airplane
15592.png,dog
15593.png,frog
15594.png,bird
15595.png,airplane
15596.png,cat
15597.png,deer
15598.png,truck
15599.png,bird
15600.png,horse
15601.png,frog
15602.png,automobile
15603.png,dog
15604.png,cat
15605.png,horse
15606.png,ship
15607.png,dog
15608.png,ship
15609.png,frog
15610.png,automobile
15611.png,automobile
15612.png,bird
15613.png,frog
15614.png,horse
15615.png,cat
15616.png,ship
15617.png,truck
15618.png,ship
15619.png,ship
15620.png,ship
15621.png,airplane
15622.png,bird
15623.png,airplane
15624.png,airplane
15625.png,deer
15626.png,deer
15627.png,horse
15628.png,deer
15629.png,airplane
15630.png,ship
15631.png,ship
15632.png,frog
15633.png,automobile
15634.png,automobile
15635.png,frog
15636.png,ship
15637.png,airplane
15638.png,truck
15639.png,bird
15640.png,bird
15641.png,cat
15642.png,cat
15643.png,cat
15644.png,deer
15645.png,horse
15646.png,deer
15647.png,automobile
15648.png,horse
15649.png,ship
15650.png,bird
15651.png,frog
15652.png,frog
15653.png,truck
15654.png,dog
15655.png,bird
15656.png,automobile
15657.png,deer
15658.png,frog
15659.png,bird
15660.png,cat
15661.png,deer
15662.png,airplane
15663.png,automobile
15664.png,deer
15665.png,frog
15666.png,automobile
15667.png,deer
15668.png,deer
15669.png,deer
15670.png,automobile
15671.png,automobile
15672.png,ship
15673.png,dog
15674.png,bird
15675.png,deer
15676.png,frog
15677.png,ship
15678.png,airplane
15679.png,airplane
15680.png,horse
15681.png,truck
15682.png,ship
15683.png,cat
15684.png,deer
15685.png,deer
15686.png,dog
15687.png,dog
15688.png,truck
15689.png,ship
15690.png,airplane
15691.png,truck
15692.png,horse
15693.png,automobile
15694.png,truck
15695.png,truck
15696.png,bird
15697.png,bird
15698.png,bird
15699.png,ship
15700.png,ship
15701.png,bird
15702.png,dog
15703.png,automobile
15704.png,deer
15705.png,automobile
15706.png,bird
15707.png,cat
15708.png,airplane
15709.png,dog
15710.png,dog
15711.png,automobile
15712.png,automobile
15713.png,horse
15714.png,dog
15715.png,cat
15716.png,deer
15717.png,ship
15718.png,bird
15719.png,deer
15720.png,frog
15721.png,horse
15722.png,ship
15723.png,frog
15724.png,deer
15725.png,dog
15726.png,truck
15727.png,frog
15728.png,ship
15729.png,dog
15730.png,truck
15731.png,deer
15732.png,bird
15733.png,horse
15734.png,dog
15735.png,deer
15736.png,airplane
15737.png,dog
15738.png,deer
15739.png,automobile
15740.png,cat
15741.png,automobile
15742.png,cat
15743.png,automobile
15744.png,ship
15745.png,deer
15746.png,ship
15747.png,ship
15748.png,dog
15749.png,automobile
15750.png,automobile
15751.png,truck
15752.png,bird
15753.png,truck
15754.png,cat
15755.png,bird
15756.png,airplane
15757.png,automobile
15758.png,ship
15759.png,truck
15760.png,ship
15761.png,deer
15762.png,dog
15763.png,frog
15764.png,truck
15765.png,dog
15766.png,bird
15767.png,cat
15768.png,airplane
15769.png,ship
15770.png,horse
15771.png,automobile
15772.png,frog
15773.png,horse
15774.png,deer
15775.png,dog
15776.png,dog
15777.png,automobile
15778.png,deer
15779.png,cat
15780.png,automobile
15781.png,ship
15782.png,deer
15783.png,truck
15784.png,automobile
15785.png,truck
15786.png,truck
15787.png,dog
15788.png,frog
15789.png,bird
15790.png,bird
15791.png,deer
15792.png,horse
15793.png,automobile
15794.png,cat
15795.png,cat
15796.png,ship
15797.png,horse
15798.png,automobile
15799.png,dog
15800.png,cat
15801.png,frog
15802.png,automobile
15803.png,deer
15804.png,ship
15805.png,frog
15806.png,frog
15807.png,horse
15808.png,cat
15809.png,dog
15810.png,automobile
15811.png,frog
15812.png,ship
15813.png,frog
15814.png,bird
15815.png,automobile
15816.png,dog
15817.png,frog
15818.png,truck
15819.png,cat
15820.png,cat
15821.png,bird
15822.png,truck
15823.png,horse
15824.png,frog
15825.png,horse
15826.png,truck
15827.png,cat
15828.png,airplane
15829.png,bird
15830.png,cat
15831.png,frog
15832.png,airplane
15833.png,automobile
15834.png,frog
15835.png,cat
15836.png,ship
15837.png,cat
15838.png,bird
15839.png,truck
15840.png,airplane
15841.png,frog
15842.png,truck
15843.png,horse
15844.png,ship
15845.png,cat
15846.png,dog
15847.png,frog
15848.png,bird
15849.png,airplane
15850.png,dog
15851.png,horse
15852.png,airplane
15853.png,bird
15854.png,horse
15855.png,cat
15856.png,automobile
15857.png,cat
15858.png,truck
15859.png,cat
15860.png,horse
15861.png,cat
15862.png,dog
15863.png,dog
15864.png,airplane
15865.png,deer
15866.png,ship
15867.png,airplane
15868.png,automobile
15869.png,automobile
15870.png,bird
15871.png,airplane
15872.png,airplane
15873.png,cat
15874.png,cat
15875.png,truck
15876.png,frog
15877.png,cat
15878.png,cat
15879.png,horse
15880.png,frog
15881.png,ship
15882.png,horse
15883.png,cat
15884.png,automobile
15885.png,airplane
15886.png,automobile
15887.png,airplane
15888.png,airplane
15889.png,bird
15890.png,horse
15891.png,bird
15892.png,automobile
15893.png,ship
15894.png,airplane
15895.png,dog
15896.png,bird
15897.png,bird
15898.png,automobile
15899.png,dog
15900.png,bird
15901.png,airplane
15902.png,truck
15903.png,frog
15904.png,automobile
15905.png,frog
15906.png,automobile
15907.png,automobile
15908.png,bird
15909.png,dog
15910.png,deer
15911.png,bird
15912.png,ship
15913.png,cat
15914.png,bird
15915.png,ship
15916.png,dog
15917.png,horse
15918.png,deer
15919.png,deer
15920.png,deer
15921.png,ship
15922.png,truck
15923.png,bird
15924.png,airplane
15925.png,truck
15926.png,deer
15927.png,bird
15928.png,ship
15929.png,ship
15930.png,bird
15931.png,truck
15932.png,airplane
15933.png,horse
15934.png,horse
15935.png,automobile
15936.png,ship
15937.png,truck
15938.png,cat
15939.png,deer
15940.png,dog
15941.png,bird
15942.png,cat
15943.png,horse
15944.png,dog
15945.png,bird
15946.png,frog
15947.png,airplane
15948.png,deer
15949.png,ship
15950.png,airplane
15951.png,automobile
15952.png,ship
15953.png,dog
15954.png,cat
15955.png,cat
15956.png,ship
15957.png,horse
15958.png,cat
15959.png,deer
15960.png,airplane
15961.png,frog
15962.png,automobile
15963.png,frog
15964.png,deer
15965.png,ship
15966.png,truck
15967.png,automobile
15968.png,cat
15969.png,dog
15970.png,horse
15971.png,horse
15972.png,frog
15973.png,bird
15974.png,dog
15975.png,cat
15976.png,bird
15977.png,truck
15978.png,bird
15979.png,truck
15980.png,horse
15981.png,dog
15982.png,bird
15983.png,bird
15984.png,frog
15985.png,automobile
15986.png,dog
15987.png,frog
15988.png,dog
15989.png,automobile
15990.png,dog
15991.png,deer
15992.png,frog
15993.png,airplane
15994.png,truck
15995.png,frog
15996.png,bird
15997.png,cat
15998.png,horse
15999.png,horse
16000.png,horse
16001.png,horse
16002.png,truck
16003.png,airplane
16004.png,frog
16005.png,airplane
16006.png,horse
16007.png,automobile
16008.png,deer
16009.png,frog
16010.png,dog
16011.png,airplane
16012.png,airplane
16013.png,automobile
16014.png,cat
16015.png,cat
16016.png,airplane
16017.png,truck
16018.png,automobile
16019.png,cat
16020.png,automobile
16021.png,deer
16022.png,horse
16023.png,horse
16024.png,automobile
16025.png,deer
16026.png,horse
16027.png,horse
16028.png,ship
16029.png,bird
16030.png,automobile
16031.png,bird
16032.png,horse
16033.png,horse
16034.png,deer
16035.png,bird
16036.png,cat
16037.png,automobile
16038.png,automobile
16039.png,deer
16040.png,horse
16041.png,horse
16042.png,bird
16043.png,ship
16044.png,dog
16045.png,ship
16046.png,bird
16047.png,truck
16048.png,dog
16049.png,airplane
16050.png,ship
16051.png,bird
16052.png,truck
16053.png,horse
16054.png,bird
16055.png,truck
16056.png,truck
16057.png,airplane
16058.png,bird
16059.png,deer
16060.png,frog
16061.png,airplane
16062.png,truck
16063.png,frog
16064.png,automobile
16065.png,frog
16066.png,airplane
16067.png,automobile
16068.png,frog
16069.png,deer
16070.png,frog
16071.png,cat
16072.png,ship
16073.png,ship
16074.png,deer
16075.png,horse
16076.png,airplane
16077.png,ship
16078.png,automobile
16079.png,truck
16080.png,dog
16081.png,bird
16082.png,dog
16083.png,automobile
16084.png,automobile
16085.png,ship
16086.png,deer
16087.png,ship
16088.png,automobile
16089.png,horse
16090.png,automobile
16091.png,ship
16092.png,horse
16093.png,truck
16094.png,bird
16095.png,truck
16096.png,horse
16097.png,horse
16098.png,frog
16099.png,dog
16100.png,bird
16101.png,airplane
16102.png,deer
16103.png,bird
16104.png,airplane
16105.png,horse
16106.png,deer
16107.png,frog
16108.png,truck
16109.png,ship
16110.png,horse
16111.png,dog
16112.png,bird
16113.png,deer
16114.png,airplane
16115.png,horse
16116.png,airplane
16117.png,airplane
16118.png,truck
16119.png,ship
16120.png,cat
16121.png,cat
16122.png,ship
16123.png,horse
16124.png,bird
16125.png,frog
16126.png,ship
16127.png,deer
16128.png,ship
16129.png,automobile
16130.png,frog
16131.png,cat
16132.png,cat
16133.png,ship
16134.png,automobile
16135.png,dog
16136.png,deer
16137.png,deer
16138.png,airplane
16139.png,horse
16140.png,deer
16141.png,ship
16142.png,ship
16143.png,truck
16144.png,truck
16145.png,horse
16146.png,horse
16147.png,airplane
16148.png,ship
16149.png,airplane
16150.png,horse
16151.png,dog
16152.png,deer
16153.png,truck
16154.png,frog
16155.png,cat
16156.png,deer
16157.png,ship
16158.png,cat
16159.png,automobile
16160.png,ship
16161.png,airplane
16162.png,ship
16163.png,horse
16164.png,truck
16165.png,cat
16166.png,bird
16167.png,dog
16168.png,ship
16169.png,dog
16170.png,airplane
16171.png,truck
16172.png,horse
16173.png,automobile
16174.png,deer
16175.png,truck
16176.png,horse
16177.png,bird
16178.png,frog
16179.png,ship
16180.png,deer
16181.png,automobile
16182.png,deer
16183.png,airplane
16184.png,horse
16185.png,horse
16186.png,dog
16187.png,airplane
16188.png,horse
16189.png,dog
16190.png,automobile
16191.png,cat
16192.png,airplane
16193.png,horse
16194.png,ship
16195.png,deer
16196.png,deer
16197.png,airplane
16198.png,automobile
16199.png,horse
16200.png,dog
16201.png,deer
16202.png,frog
16203.png,bird
16204.png,truck
16205.png,dog
16206.png,truck
16207.png,ship
16208.png,bird
16209.png,bird
16210.png,cat
16211.png,dog
16212.png,automobile
16213.png,dog
16214.png,airplane
16215.png,airplane
16216.png,bird
16217.png,deer
16218.png,ship
16219.png,frog
16220.png,airplane
16221.png,deer
16222.png,bird
16223.png,deer
16224.png,automobile
16225.png,horse
16226.png,airplane
16227.png,truck
16228.png,horse
16229.png,cat
16230.png,horse
16231.png,airplane
16232.png,cat
16233.png,bird
16234.png,automobile
16235.png,truck
16236.png,airplane
16237.png,dog
16238.png,truck
16239.png,airplane
16240.png,ship
16241.png,deer
16242.png,deer
16243.png,frog
16244.png,cat
16245.png,deer
16246.png,airplane
16247.png,ship
16248.png,dog
16249.png,automobile
16250.png,bird
16251.png,automobile
16252.png,horse
16253.png,automobile
16254.png,airplane
16255.png,deer
16256.png,truck
16257.png,automobile
16258.png,ship
16259.png,automobile
16260.png,ship
16261.png,horse
16262.png,automobile
16263.png,truck
16264.png,deer
16265.png,deer
16266.png,horse
16267.png,bird
16268.png,truck
16269.png,automobile
16270.png,dog
16271.png,dog
16272.png,cat
16273.png,automobile
16274.png,cat
16275.png,bird
16276.png,automobile
16277.png,automobile
16278.png,dog
16279.png,automobile
16280.png,bird
16281.png,dog
16282.png,ship
16283.png,dog
16284.png,frog
16285.png,cat
16286.png,frog
16287.png,automobile
16288.png,frog
16289.png,bird
16290.png,cat
16291.png,bird
16292.png,dog
16293.png,airplane
16294.png,truck
16295.png,deer
16296.png,cat
16297.png,cat
16298.png,airplane
16299.png,horse
16300.png,automobile
16301.png,horse
16302.png,cat
16303.png,truck
16304.png,bird
16305.png,ship
16306.png,airplane
16307.png,bird
16308.png,truck
16309.png,cat
16310.png,automobile
16311.png,automobile
16312.png,dog
16313.png,bird
16314.png,airplane
16315.png,bird
16316.png,ship
16317.png,airplane
16318.png,truck
16319.png,bird
16320.png,bird
16321.png,automobile
16322.png,dog
16323.png,cat
16324.png,deer
16325.png,horse
16326.png,automobile
16327.png,bird
16328.png,bird
16329.png,deer
16330.png,truck
16331.png,ship
16332.png,automobile
16333.png,automobile
16334.png,frog
16335.png,horse
16336.png,cat
16337.png,ship
16338.png,frog
16339.png,automobile
16340.png,cat
16341.png,ship
16342.png,cat
16343.png,ship
16344.png,truck
16345.png,horse
16346.png,cat
16347.png,airplane
16348.png,truck
16349.png,horse
16350.png,bird
16351.png,horse
16352.png,dog
16353.png,bird
16354.png,frog
16355.png,truck
16356.png,horse
16357.png,deer
16358.png,bird
16359.png,dog
16360.png,truck
16361.png,cat
16362.png,dog
16363.png,truck
16364.png,cat
16365.png,cat
16366.png,automobile
16367.png,cat
16368.png,frog
16369.png,automobile
16370.png,truck
16371.png,airplane
16372.png,airplane
16373.png,bird
16374.png,truck
16375.png,dog
16376.png,airplane
16377.png,horse
16378.png,dog
16379.png,truck
16380.png,bird
16381.png,airplane
16382.png,ship
16383.png,truck
16384.png,deer
16385.png,deer
16386.png,automobile
16387.png,frog
16388.png,frog
16389.png,ship
16390.png,frog
16391.png,frog
16392.png,airplane
16393.png,airplane
16394.png,frog
16395.png,truck
16396.png,ship
16397.png,truck
16398.png,airplane
16399.png,frog
16400.png,horse
16401.png,automobile
16402.png,cat
16403.png,bird
16404.png,dog
16405.png,frog
16406.png,cat
16407.png,bird
16408.png,truck
16409.png,dog
16410.png,frog
16411.png,automobile
16412.png,cat
16413.png,automobile
16414.png,truck
16415.png,ship
16416.png,bird
16417.png,bird
16418.png,horse
16419.png,cat
16420.png,dog
16421.png,airplane
16422.png,cat
16423.png,ship
16424.png,airplane
16425.png,frog
16426.png,ship
16427.png,deer
16428.png,cat
16429.png,automobile
16430.png,frog
16431.png,ship
16432.png,dog
16433.png,cat
16434.png,deer
16435.png,deer
16436.png,ship
16437.png,dog
16438.png,automobile
16439.png,cat
16440.png,bird
16441.png,frog
16442.png,bird
16443.png,frog
16444.png,ship
16445.png,dog
16446.png,deer
16447.png,bird
16448.png,truck
16449.png,airplane
16450.png,cat
16451.png,airplane
16452.png,frog
16453.png,cat
16454.png,dog
16455.png,truck
16456.png,frog
16457.png,airplane
16458.png,ship
16459.png,truck
16460.png,dog
16461.png,airplane
16462.png,deer
16463.png,bird
16464.png,deer
16465.png,horse
16466.png,deer
16467.png,ship
16468.png,horse
16469.png,horse
16470.png,dog
16471.png,dog
16472.png,automobile
16473.png,bird
16474.png,ship
16475.png,automobile
16476.png,frog
16477.png,ship
16478.png,horse
16479.png,frog
16480.png,ship
16481.png,truck
16482.png,deer
16483.png,truck
16484.png,ship
16485.png,horse
16486.png,deer
16487.png,deer
16488.png,airplane
16489.png,truck
16490.png,frog
16491.png,automobile
16492.png,truck
16493.png,deer
16494.png,frog
16495.png,dog
16496.png,cat
16497.png,dog
16498.png,airplane
16499.png,bird
16500.png,frog
16501.png,frog
16502.png,airplane
16503.png,cat
16504.png,deer
16505.png,horse
16506.png,deer
16507.png,horse
16508.png,frog
16509.png,frog
16510.png,ship
16511.png,dog
16512.png,airplane
16513.png,ship
16514.png,airplane
16515.png,deer
16516.png,deer
16517.png,horse
16518.png,truck
16519.png,deer
16520.png,truck
16521.png,ship
16522.png,airplane
16523.png,cat
16524.png,truck
16525.png,dog
16526.png,deer
16527.png,cat
16528.png,deer
16529.png,cat
16530.png,airplane
16531.png,bird
16532.png,airplane
16533.png,ship
16534.png,truck
16535.png,dog
16536.png,truck
16537.png,cat
16538.png,horse
16539.png,cat
16540.png,frog
16541.png,dog
16542.png,airplane
16543.png,deer
16544.png,automobile
16545.png,dog
16546.png,frog
16547.png,frog
16548.png,cat
16549.png,airplane
16550.png,automobile
16551.png,horse
16552.png,truck
16553.png,airplane
16554.png,airplane
16555.png,airplane
16556.png,automobile
16557.png,dog
16558.png,horse
16559.png,ship
16560.png,airplane
16561.png,dog
16562.png,cat
16563.png,frog
16564.png,automobile
16565.png,airplane
16566.png,horse
16567.png,dog
16568.png,airplane
16569.png,truck
16570.png,bird
16571.png,bird
16572.png,bird
16573.png,ship
16574.png,cat
16575.png,frog
16576.png,automobile
16577.png,automobile
16578.png,automobile
16579.png,dog
16580.png,airplane
16581.png,dog
16582.png,bird
16583.png,horse
16584.png,cat
16585.png,frog
16586.png,frog
16587.png,cat
16588.png,deer
16589.png,automobile
16590.png,horse
16591.png,frog
16592.png,truck
16593.png,truck
16594.png,bird
16595.png,automobile
16596.png,truck
16597.png,airplane
16598.png,ship
16599.png,automobile
16600.png,truck
16601.png,horse
16602.png,truck
16603.png,truck
16604.png,frog
16605.png,cat
16606.png,deer
16607.png,frog
16608.png,ship
16609.png,ship
16610.png,bird
16611.png,dog
16612.png,frog
16613.png,truck
16614.png,automobile
16615.png,truck
16616.png,deer
16617.png,bird
16618.png,truck
16619.png,horse
16620.png,cat
16621.png,ship
16622.png,frog
16623.png,bird
16624.png,dog
16625.png,airplane
16626.png,airplane
16627.png,dog
16628.png,cat
16629.png,cat
16630.png,automobile
16631.png,ship
16632.png,truck
16633.png,airplane
16634.png,horse
16635.png,airplane
16636.png,cat
16637.png,deer
16638.png,airplane
16639.png,automobile
16640.png,frog
16641.png,deer
16642.png,truck
16643.png,truck
16644.png,dog
16645.png,bird
16646.png,horse
16647.png,cat
16648.png,airplane
16649.png,deer
16650.png,ship
16651.png,ship
16652.png,ship
16653.png,horse
16654.png,dog
16655.png,horse
16656.png,truck
16657.png,cat
16658.png,ship
16659.png,dog
16660.png,deer
16661.png,bird
16662.png,cat
16663.png,bird
16664.png,frog
16665.png,truck
16666.png,horse
16667.png,horse
16668.png,horse
16669.png,frog
16670.png,deer
16671.png,frog
16672.png,bird
16673.png,deer
16674.png,automobile
16675.png,deer
16676.png,frog
16677.png,ship
16678.png,airplane
16679.png,bird
16680.png,automobile
16681.png,cat
16682.png,truck
16683.png,automobile
16684.png,bird
16685.png,truck
16686.png,frog
16687.png,airplane
16688.png,frog
16689.png,truck
16690.png,deer
16691.png,bird
16692.png,bird
16693.png,ship
16694.png,bird
16695.png,bird
16696.png,bird
16697.png,frog
16698.png,ship
16699.png,dog
16700.png,truck
16701.png,ship
16702.png,dog
16703.png,deer
16704.png,cat
16705.png,airplane
16706.png,cat
16707.png,horse
16708.png,truck
16709.png,truck
16710.png,deer
16711.png,automobile
16712.png,automobile
16713.png,bird
16714.png,frog
16715.png,cat
16716.png,bird
16717.png,ship
16718.png,truck
16719.png,truck
16720.png,horse
16721.png,truck
16722.png,airplane
16723.png,cat
16724.png,automobile
16725.png,ship
16726.png,truck
16727.png,automobile
16728.png,ship
16729.png,truck
16730.png,ship
16731.png,ship
16732.png,cat
16733.png,bird
16734.png,airplane
16735.png,airplane
16736.png,truck
16737.png,automobile
16738.png,truck
16739.png,ship
16740.png,bird
16741.png,cat
16742.png,dog
16743.png,bird
16744.png,bird
16745.png,truck
16746.png,automobile
16747.png,cat
16748.png,bird
16749.png,dog
16750.png,deer
16751.png,horse
16752.png,cat
16753.png,airplane
16754.png,automobile
16755.png,cat
16756.png,automobile
16757.png,frog
16758.png,bird
16759.png,cat
16760.png,cat
16761.png,frog
16762.png,bird
16763.png,frog
16764.png,airplane
16765.png,horse
16766.png,automobile
16767.png,automobile
16768.png,dog
16769.png,frog
16770.png,truck
16771.png,automobile
16772.png,dog
16773.png,deer
16774.png,truck
16775.png,automobile
16776.png,ship
16777.png,airplane
16778.png,automobile
16779.png,frog
16780.png,ship
16781.png,cat
16782.png,dog
16783.png,frog
16784.png,bird
16785.png,frog
16786.png,airplane
16787.png,bird
16788.png,cat
16789.png,horse
16790.png,frog
16791.png,bird
16792.png,cat
16793.png,ship
16794.png,airplane
16795.png,frog
16796.png,dog
16797.png,cat
16798.png,dog
16799.png,dog
16800.png,dog
16801.png,automobile
16802.png,airplane
16803.png,deer
16804.png,truck
16805.png,bird
16806.png,cat
16807.png,deer
16808.png,bird
16809.png,cat
16810.png,truck
16811.png,automobile
16812.png,horse
16813.png,dog
16814.png,automobile
16815.png,cat
16816.png,horse
16817.png,ship
16818.png,cat
16819.png,truck
16820.png,bird
16821.png,ship
16822.png,truck
16823.png,frog
16824.png,dog
16825.png,horse
16826.png,airplane
16827.png,horse
16828.png,cat
16829.png,horse
16830.png,automobile
16831.png,ship
16832.png,airplane
16833.png,ship
16834.png,bird
16835.png,automobile
16836.png,dog
16837.png,airplane
16838.png,cat
16839.png,airplane
16840.png,horse
16841.png,airplane
16842.png,frog
16843.png,deer
16844.png,horse
16845.png,frog
16846.png,deer
16847.png,ship
16848.png,ship
16849.png,automobile
16850.png,truck
16851.png,automobile
16852.png,cat
16853.png,dog
16854.png,automobile
16855.png,horse
16856.png,automobile
16857.png,ship
16858.png,deer
16859.png,deer
16860.png,dog
16861.png,ship
16862.png,ship
16863.png,frog
16864.png,frog
16865.png,cat
16866.png,deer
16867.png,airplane
16868.png,bird
16869.png,horse
16870.png,cat
16871.png,horse
16872.png,cat
16873.png,cat
16874.png,dog
16875.png,frog
16876.png,bird
16877.png,horse
16878.png,horse
16879.png,deer
16880.png,horse
16881.png,deer
16882.png,horse
16883.png,automobile
16884.png,frog
16885.png,truck
16886.png,truck
16887.png,dog
16888.png,frog
16889.png,deer
16890.png,deer
16891.png,deer
16892.png,deer
16893.png,airplane
16894.png,deer
16895.png,airplane
16896.png,bird
16897.png,dog
16898.png,deer
16899.png,ship
16900.png,dog
16901.png,bird
16902.png,truck
16903.png,ship
16904.png,airplane
16905.png,cat
16906.png,deer
16907.png,bird
16908.png,cat
16909.png,deer
16910.png,truck
16911.png,truck
16912.png,truck
16913.png,airplane
16914.png,frog
16915.png,horse
16916.png,frog
16917.png,frog
16918.png,truck
16919.png,airplane
16920.png,bird
16921.png,airplane
16922.png,horse
16923.png,deer
16924.png,truck
16925.png,deer
16926.png,automobile
16927.png,deer
16928.png,frog
16929.png,cat
16930.png,automobile
16931.png,ship
16932.png,dog
16933.png,cat
16934.png,dog
16935.png,dog
16936.png,dog
16937.png,deer
16938.png,automobile
16939.png,automobile
16940.png,airplane
16941.png,frog
16942.png,horse
16943.png,ship
16944.png,truck
16945.png,horse
16946.png,frog
16947.png,cat
16948.png,automobile
16949.png,deer
16950.png,dog
16951.png,cat
16952.png,deer
16953.png,airplane
16954.png,automobile
16955.png,airplane
16956.png,dog
16957.png,automobile
16958.png,dog
16959.png,automobile
16960.png,deer
16961.png,frog
16962.png,deer
16963.png,automobile
16964.png,airplane
16965.png,automobile
16966.png,airplane
16967.png,truck
16968.png,deer
16969.png,deer
16970.png,dog
16971.png,frog
16972.png,cat
16973.png,horse
16974.png,truck
16975.png,bird
16976.png,truck
16977.png,dog
16978.png,truck
16979.png,ship
16980.png,dog
16981.png,bird
16982.png,automobile
16983.png,frog
16984.png,cat
16985.png,truck
16986.png,automobile
16987.png,automobile
16988.png,cat
16989.png,ship
16990.png,automobile
16991.png,automobile
16992.png,ship
16993.png,automobile
16994.png,truck
16995.png,deer
16996.png,horse
16997.png,horse
16998.png,automobile
16999.png,frog
17000.png,truck
17001.png,frog
17002.png,horse
17003.png,automobile
17004.png,cat
17005.png,ship
17006.png,horse
17007.png,dog
17008.png,ship
17009.png,automobile
17010.png,dog
17011.png,ship
17012.png,airplane
17013.png,ship
17014.png,ship
17015.png,automobile
17016.png,airplane
17017.png,bird
17018.png,automobile
17019.png,cat
17020.png,frog
17021.png,ship
17022.png,truck
17023.png,ship
17024.png,horse
17025.png,cat
17026.png,frog
17027.png,airplane
17028.png,dog
17029.png,ship
17030.png,frog
17031.png,automobile
17032.png,automobile
17033.png,automobile
17034.png,deer
17035.png,ship
17036.png,frog
17037.png,cat
17038.png,horse
17039.png,deer
17040.png,deer
17041.png,horse
17042.png,cat
17043.png,truck
17044.png,bird
17045.png,deer
17046.png,deer
17047.png,cat
17048.png,cat
17049.png,ship
17050.png,deer
17051.png,horse
17052.png,cat
17053.png,truck
17054.png,cat
17055.png,airplane
17056.png,dog
17057.png,airplane
17058.png,bird
17059.png,cat
17060.png,horse
17061.png,frog
17062.png,truck
17063.png,cat
17064.png,ship
17065.png,bird
17066.png,dog
17067.png,ship
17068.png,cat
17069.png,truck
17070.png,horse
17071.png,bird
17072.png,airplane
17073.png,frog
17074.png,ship
17075.png,cat
17076.png,frog
17077.png,airplane
17078.png,deer
17079.png,deer
17080.png,dog
17081.png,airplane
17082.png,horse
17083.png,airplane
17084.png,deer
17085.png,airplane
17086.png,bird
17087.png,bird
17088.png,frog
17089.png,airplane
17090.png,bird
17091.png,truck
17092.png,automobile
17093.png,bird
17094.png,airplane
17095.png,dog
17096.png,horse
17097.png,cat
17098.png,truck
17099.png,cat
17100.png,truck
17101.png,airplane
17102.png,airplane
17103.png,dog
17104.png,airplane
17105.png,cat
17106.png,frog
17107.png,automobile
17108.png,airplane
17109.png,truck
17110.png,truck
17111.png,horse
17112.png,automobile
17113.png,automobile
17114.png,horse
17115.png,bird
17116.png,airplane
17117.png,ship
17118.png,bird
17119.png,frog
17120.png,horse
17121.png,ship
17122.png,dog
17123.png,bird
17124.png,deer
17125.png,cat
17126.png,ship
17127.png,automobile
17128.png,bird
17129.png,automobile
17130.png,horse
17131.png,ship
17132.png,deer
17133.png,frog
17134.png,airplane
17135.png,bird
17136.png,automobile
17137.png,automobile
17138.png,cat
17139.png,bird
17140.png,truck
17141.png,airplane
17142.png,dog
17143.png,truck
17144.png,frog
17145.png,cat
17146.png,deer
17147.png,deer
17148.png,deer
17149.png,dog
17150.png,ship
17151.png,deer
17152.png,frog
17153.png,dog
17154.png,frog
17155.png,airplane
17156.png,cat
17157.png,airplane
17158.png,horse
17159.png,truck
17160.png,horse
17161.png,horse
17162.png,deer
17163.png,ship
17164.png,truck
17165.png,cat
17166.png,dog
17167.png,airplane
17168.png,ship
17169.png,ship
17170.png,automobile
17171.png,ship
17172.png,truck
17173.png,frog
17174.png,frog
17175.png,airplane
17176.png,dog
17177.png,truck
17178.png,horse
17179.png,airplane
17180.png,deer
17181.png,ship
17182.png,horse
17183.png,horse
17184.png,airplane
17185.png,cat
17186.png,bird
17187.png,dog
17188.png,truck
17189.png,bird
17190.png,dog
17191.png,dog
17192.png,frog
17193.png,truck
17194.png,deer
17195.png,bird
17196.png,cat
17197.png,airplane
17198.png,deer
17199.png,horse
17200.png,deer
17201.png,airplane
17202.png,truck
17203.png,horse
17204.png,airplane
17205.png,frog
17206.png,automobile
17207.png,bird
17208.png,bird
17209.png,frog
17210.png,automobile
17211.png,ship
17212.png,deer
17213.png,bird
17214.png,truck
17215.png,cat
17216.png,truck
17217.png,truck
17218.png,bird
17219.png,truck
17220.png,automobile
17221.png,ship
17222.png,airplane
17223.png,airplane
17224.png,automobile
17225.png,airplane
17226.png,ship
17227.png,airplane
17228.png,bird
17229.png,truck
17230.png,truck
17231.png,horse
17232.png,frog
17233.png,airplane
17234.png,airplane
17235.png,frog
17236.png,frog
17237.png,dog
17238.png,airplane
17239.png,frog
17240.png,bird
17241.png,truck
17242.png,truck
17243.png,horse
17244.png,cat
17245.png,automobile
17246.png,frog
17247.png,ship
17248.png,airplane
17249.png,frog
17250.png,bird
17251.png,ship
17252.png,cat
17253.png,ship
17254.png,airplane
17255.png,horse
17256.png,automobile
17257.png,horse
17258.png,airplane
17259.png,truck
17260.png,dog
17261.png,deer
17262.png,truck
17263.png,bird
17264.png,truck
17265.png,truck
17266.png,dog
17267.png,deer
17268.png,bird
17269.png,automobile
17270.png,automobile
17271.png,truck
17272.png,ship
17273.png,frog
17274.png,bird
17275.png,automobile
17276.png,automobile
17277.png,truck
17278.png,ship
17279.png,dog
17280.png,automobile
17281.png,truck
17282.png,ship
17283.png,frog
17284.png,frog
17285.png,automobile
17286.png,frog
17287.png,deer
17288.png,frog
17289.png,deer
17290.png,truck
17291.png,ship
17292.png,bird
17293.png,cat
17294.png,dog
17295.png,automobile
17296.png,frog
17297.png,truck
17298.png,dog
17299.png,horse
17300.png,deer
17301.png,cat
17302.png,frog
17303.png,bird
17304.png,airplane
17305.png,bird
17306.png,dog
17307.png,dog
17308.png,deer
17309.png,bird
17310.png,automobile
17311.png,frog
17312.png,airplane
17313.png,automobile
17314.png,truck
17315.png,horse
17316.png,dog
17317.png,airplane
17318.png,frog
17319.png,ship
17320.png,automobile
17321.png,bird
17322.png,cat
17323.png,cat
17324.png,deer
17325.png,horse
17326.png,bird
17327.png,frog
17328.png,ship
17329.png,airplane
17330.png,bird
17331.png,ship
17332.png,automobile
17333.png,dog
17334.png,cat
17335.png,automobile
17336.png,ship
17337.png,truck
17338.png,cat
17339.png,deer
17340.png,bird
17341.png,cat
17342.png,truck
17343.png,frog
17344.png,dog
17345.png,bird
17346.png,ship
17347.png,dog
17348.png,bird
17349.png,ship
17350.png,airplane
17351.png,deer
17352.png,frog
17353.png,airplane
17354.png,airplane
17355.png,dog
17356.png,airplane
17357.png,truck
17358.png,airplane
17359.png,dog
17360.png,truck
17361.png,ship
17362.png,automobile
17363.png,bird
17364.png,bird
17365.png,horse
17366.png,cat
17367.png,automobile
17368.png,truck
17369.png,dog
17370.png,cat
17371.png,frog
17372.png,truck
17373.png,frog
17374.png,bird
17375.png,horse
17376.png,dog
17377.png,dog
17378.png,horse
17379.png,horse
17380.png,bird
17381.png,bird
17382.png,cat
17383.png,bird
17384.png,airplane
17385.png,automobile
17386.png,cat
17387.png,ship
17388.png,airplane
17389.png,dog
17390.png,frog
17391.png,ship
17392.png,cat
17393.png,dog
17394.png,truck
17395.png,ship
17396.png,airplane
17397.png,airplane
17398.png,automobile
17399.png,horse
17400.png,dog
17401.png,dog
17402.png,cat
17403.png,deer
17404.png,bird
17405.png,truck
17406.png,ship
17407.png,truck
17408.png,bird
17409.png,horse
17410.png,automobile
17411.png,cat
17412.png,horse
17413.png,deer
17414.png,cat
17415.png,cat
17416.png,bird
17417.png,ship
17418.png,frog
17419.png,ship
17420.png,bird
17421.png,deer
17422.png,bird
17423.png,airplane
17424.png,ship
17425.png,frog
17426.png,dog
17427.png,frog
17428.png,frog
17429.png,truck
17430.png,truck
17431.png,cat
17432.png,dog
17433.png,airplane
17434.png,truck
17435.png,truck
17436.png,truck
17437.png,horse
17438.png,deer
17439.png,airplane
17440.png,horse
17441.png,cat
17442.png,cat
17443.png,ship
17444.png,horse
17445.png,ship
17446.png,dog
17447.png,cat
17448.png,truck
17449.png,frog
17450.png,cat
17451.png,deer
17452.png,cat
17453.png,truck
17454.png,airplane
17455.png,automobile
17456.png,cat
17457.png,airplane
17458.png,automobile
17459.png,airplane
17460.png,ship
17461.png,automobile
17462.png,automobile
17463.png,horse
17464.png,horse
17465.png,horse
17466.png,airplane
17467.png,truck
17468.png,horse
17469.png,truck
17470.png,horse
17471.png,truck
17472.png,automobile
17473.png,horse
17474.png,horse
17475.png,automobile
17476.png,automobile
17477.png,frog
17478.png,horse
17479.png,cat
17480.png,automobile
17481.png,frog
17482.png,bird
17483.png,ship
17484.png,deer
17485.png,frog
17486.png,airplane
17487.png,airplane
17488.png,bird
17489.png,airplane
17490.png,horse
17491.png,airplane
17492.png,frog
17493.png,automobile
17494.png,dog
17495.png,horse
17496.png,dog
17497.png,cat
17498.png,cat
17499.png,deer
17500.png,horse
17501.png,deer
17502.png,dog
17503.png,horse
17504.png,horse
17505.png,bird
17506.png,cat
17507.png,bird
17508.png,deer
17509.png,dog
17510.png,airplane
17511.png,deer
17512.png,airplane
17513.png,bird
17514.png,deer
17515.png,airplane
17516.png,automobile
17517.png,ship
17518.png,airplane
17519.png,dog
17520.png,ship
17521.png,airplane
17522.png,horse
17523.png,bird
17524.png,frog
17525.png,horse
17526.png,airplane
17527.png,truck
17528.png,dog
17529.png,dog
17530.png,cat
17531.png,cat
17532.png,ship
17533.png,horse
17534.png,ship
17535.png,automobile
17536.png,truck
17537.png,frog
17538.png,horse
17539.png,bird
17540.png,automobile
17541.png,cat
17542.png,cat
17543.png,horse
17544.png,cat
17545.png,truck
17546.png,cat
17547.png,deer
17548.png,dog
17549.png,automobile
17550.png,horse
17551.png,deer
17552.png,truck
17553.png,deer
17554.png,automobile
17555.png,frog
17556.png,frog
17557.png,deer
17558.png,cat
17559.png,automobile
17560.png,bird
17561.png,ship
17562.png,bird
17563.png,frog
17564.png,horse
17565.png,horse
17566.png,cat
17567.png,frog
17568.png,cat
17569.png,airplane
17570.png,horse
17571.png,deer
17572.png,bird
17573.png,cat
17574.png,airplane
17575.png,frog
17576.png,horse
17577.png,deer
17578.png,frog
17579.png,cat
17580.png,truck
17581.png,automobile
17582.png,horse
17583.png,bird
17584.png,frog
17585.png,deer
17586.png,deer
17587.png,automobile
17588.png,horse
17589.png,ship
17590.png,horse
17591.png,truck
17592.png,dog
17593.png,ship
17594.png,automobile
17595.png,deer
17596.png,dog
17597.png,frog
17598.png,frog
17599.png,bird
17600.png,dog
17601.png,truck
17602.png,ship
17603.png,frog
17604.png,frog
17605.png,frog
17606.png,horse
17607.png,automobile
17608.png,truck
17609.png,deer
17610.png,automobile
17611.png,ship
17612.png,dog
17613.png,dog
17614.png,deer
17615.png,cat
17616.png,cat
17617.png,horse
17618.png,ship
17619.png,horse
17620.png,dog
17621.png,airplane
17622.png,automobile
17623.png,horse
17624.png,deer
17625.png,ship
17626.png,ship
17627.png,automobile
17628.png,horse
17629.png,ship
17630.png,truck
17631.png,ship
17632.png,cat
17633.png,deer
17634.png,airplane
17635.png,deer
17636.png,deer
17637.png,horse
17638.png,ship
17639.png,dog
17640.png,truck
17641.png,horse
17642.png,cat
17643.png,dog
17644.png,horse
17645.png,cat
17646.png,dog
17647.png,cat
17648.png,automobile
17649.png,horse
17650.png,horse
17651.png,cat
17652.png,bird
17653.png,horse
17654.png,ship
17655.png,ship
17656.png,cat
17657.png,dog
17658.png,bird
17659.png,cat
17660.png,dog
17661.png,cat
17662.png,cat
17663.png,automobile
17664.png,frog
17665.png,cat
17666.png,dog
17667.png,automobile
17668.png,deer
17669.png,horse
17670.png,bird
17671.png,dog
17672.png,deer
17673.png,cat
17674.png,automobile
17675.png,deer
17676.png,frog
17677.png,frog
17678.png,airplane
17679.png,horse
17680.png,truck
17681.png,frog
17682.png,deer
17683.png,bird
17684.png,ship
17685.png,frog
17686.png,ship
17687.png,deer
17688.png,truck
17689.png,frog
17690.png,bird
17691.png,bird
17692.png,frog
17693.png,airplane
17694.png,bird
17695.png,automobile
17696.png,bird
17697.png,ship
17698.png,frog
17699.png,cat
17700.png,cat
17701.png,automobile
17702.png,automobile
17703.png,bird
17704.png,truck
17705.png,truck
17706.png,ship
17707.png,truck
17708.png,deer
17709.png,dog
17710.png,truck
17711.png,dog
17712.png,dog
17713.png,bird
17714.png,deer
17715.png,horse
17716.png,frog
17717.png,truck
17718.png,airplane
17719.png,automobile
17720.png,deer
17721.png,horse
17722.png,dog
17723.png,automobile
17724.png,frog
17725.png,frog
17726.png,deer
17727.png,automobile
17728.png,deer
17729.png,deer
17730.png,ship
17731.png,ship
17732.png,truck
17733.png,automobile
17734.png,dog
17735.png,automobile
17736.png,bird
17737.png,ship
17738.png,horse
17739.png,frog
17740.png,bird
17741.png,dog
17742.png,bird
17743.png,frog
17744.png,airplane
17745.png,frog
17746.png,bird
17747.png,automobile
17748.png,truck
17749.png,frog
17750.png,bird
17751.png,automobile
17752.png,frog
17753.png,automobile
17754.png,ship
17755.png,horse
17756.png,automobile
17757.png,dog
17758.png,bird
17759.png,ship
17760.png,frog
17761.png,automobile
17762.png,bird
17763.png,airplane
17764.png,airplane
17765.png,airplane
17766.png,truck
17767.png,frog
17768.png,bird
17769.png,cat
17770.png,bird
17771.png,deer
17772.png,automobile
17773.png,automobile
17774.png,dog
17775.png,bird
17776.png,horse
17777.png,frog
17778.png,deer
17779.png,dog
17780.png,bird
17781.png,dog
17782.png,automobile
17783.png,horse
17784.png,ship
17785.png,truck
17786.png,cat
17787.png,bird
17788.png,deer
17789.png,frog
17790.png,ship
17791.png,frog
17792.png,deer
17793.png,airplane
17794.png,frog
17795.png,dog
17796.png,dog
17797.png,frog
17798.png,dog
17799.png,truck
17800.png,ship
17801.png,deer
17802.png,deer
17803.png,automobile
17804.png,cat
17805.png,horse
17806.png,horse
17807.png,ship
17808.png,horse
17809.png,bird
17810.png,dog
17811.png,frog
17812.png,dog
17813.png,horse
17814.png,ship
17815.png,cat
17816.png,automobile
17817.png,truck
17818.png,bird
17819.png,bird
17820.png,deer
17821.png,ship
17822.png,cat
17823.png,horse
17824.png,deer
17825.png,ship
17826.png,dog
17827.png,bird
17828.png,truck
17829.png,cat
17830.png,airplane
17831.png,dog
17832.png,cat
17833.png,bird
17834.png,dog
17835.png,bird
17836.png,cat
17837.png,cat
17838.png,horse
17839.png,airplane
17840.png,deer
17841.png,horse
17842.png,cat
17843.png,airplane
17844.png,automobile
17845.png,bird
17846.png,deer
17847.png,truck
17848.png,frog
17849.png,horse
17850.png,truck
17851.png,bird
17852.png,bird
17853.png,deer
17854.png,ship
17855.png,ship
17856.png,dog
17857.png,automobile
17858.png,frog
17859.png,frog
17860.png,bird
17861.png,automobile
17862.png,automobile
17863.png,airplane
17864.png,cat
17865.png,cat
17866.png,airplane
17867.png,airplane
17868.png,automobile
17869.png,dog
17870.png,truck
17871.png,deer
17872.png,dog
17873.png,horse
17874.png,frog
17875.png,ship
17876.png,truck
17877.png,horse
17878.png,deer
17879.png,deer
17880.png,cat
17881.png,dog
17882.png,ship
17883.png,dog
17884.png,bird
17885.png,airplane
17886.png,truck
17887.png,horse
17888.png,bird
17889.png,truck
17890.png,dog
17891.png,ship
17892.png,ship
17893.png,bird
17894.png,automobile
17895.png,ship
17896.png,truck
17897.png,truck
17898.png,cat
17899.png,dog
17900.png,ship
17901.png,bird
17902.png,automobile
17903.png,bird
17904.png,truck
17905.png,cat
17906.png,truck
17907.png,truck
17908.png,truck
17909.png,frog
17910.png,cat
17911.png,horse
17912.png,horse
17913.png,cat
17914.png,horse
17915.png,deer
17916.png,bird
17917.png,dog
17918.png,airplane
17919.png,truck
17920.png,cat
17921.png,cat
17922.png,dog
17923.png,ship
17924.png,ship
17925.png,automobile
17926.png,frog
17927.png,cat
17928.png,truck
17929.png,truck
17930.png,horse
17931.png,cat
17932.png,dog
17933.png,airplane
17934.png,ship
17935.png,dog
17936.png,ship
17937.png,frog
17938.png,deer
17939.png,frog
17940.png,cat
17941.png,frog
17942.png,truck
17943.png,horse
17944.png,horse
17945.png,horse
17946.png,truck
17947.png,horse
17948.png,airplane
17949.png,airplane
17950.png,bird
17951.png,automobile
17952.png,horse
17953.png,frog
17954.png,deer
17955.png,bird
17956.png,bird
17957.png,horse
17958.png,frog
17959.png,deer
17960.png,airplane
17961.png,frog
17962.png,truck
17963.png,ship
17964.png,airplane
17965.png,automobile
17966.png,airplane
17967.png,frog
17968.png,deer
17969.png,truck
17970.png,airplane
17971.png,automobile
17972.png,dog
17973.png,bird
17974.png,truck
17975.png,truck
17976.png,truck
17977.png,airplane
17978.png,truck
17979.png,cat
17980.png,horse
17981.png,bird
17982.png,bird
17983.png,truck
17984.png,airplane
17985.png,automobile
17986.png,horse
17987.png,automobile
17988.png,truck
17989.png,frog
17990.png,horse
17991.png,truck
17992.png,truck
17993.png,deer
17994.png,horse
17995.png,airplane
17996.png,automobile
17997.png,frog
17998.png,horse
17999.png,airplane
18000.png,frog
18001.png,truck
18002.png,dog
18003.png,frog
18004.png,dog
18005.png,dog
18006.png,frog
18007.png,cat
18008.png,automobile
18009.png,deer
18010.png,airplane
18011.png,horse
18012.png,deer
18013.png,airplane
18014.png,airplane
18015.png,deer
18016.png,cat
18017.png,dog
18018.png,horse
18019.png,airplane
18020.png,truck
18021.png,truck
18022.png,frog
18023.png,horse
18024.png,horse
18025.png,frog
18026.png,frog
18027.png,bird
18028.png,bird
18029.png,deer
18030.png,frog
18031.png,truck
18032.png,horse
18033.png,deer
18034.png,frog
18035.png,deer
18036.png,automobile
18037.png,ship
18038.png,horse
18039.png,dog
18040.png,frog
18041.png,bird
18042.png,horse
18043.png,deer
18044.png,deer
18045.png,deer
18046.png,ship
18047.png,frog
18048.png,airplane
18049.png,automobile
18050.png,bird
18051.png,frog
18052.png,horse
18053.png,deer
18054.png,bird
18055.png,deer
18056.png,ship
18057.png,deer
18058.png,automobile
18059.png,horse
18060.png,dog
18061.png,deer
18062.png,dog
18063.png,automobile
18064.png,automobile
18065.png,dog
18066.png,deer
18067.png,automobile
18068.png,ship
18069.png,truck
18070.png,automobile
18071.png,frog
18072.png,truck
18073.png,cat
18074.png,airplane
18075.png,dog
18076.png,bird
18077.png,ship
18078.png,dog
18079.png,automobile
18080.png,horse
18081.png,airplane
18082.png,ship
18083.png,dog
18084.png,dog
18085.png,bird
18086.png,frog
18087.png,bird
18088.png,dog
18089.png,bird
18090.png,cat
18091.png,frog
18092.png,horse
18093.png,bird
18094.png,automobile
18095.png,truck
18096.png,horse
18097.png,dog
18098.png,automobile
18099.png,frog
18100.png,deer
18101.png,airplane
18102.png,bird
18103.png,airplane
18104.png,frog
18105.png,ship
18106.png,airplane
18107.png,airplane
18108.png,ship
18109.png,horse
18110.png,cat
18111.png,deer
18112.png,cat
18113.png,ship
18114.png,truck
18115.png,deer
18116.png,deer
18117.png,truck
18118.png,automobile
18119.png,ship
18120.png,cat
18121.png,truck
18122.png,dog
18123.png,ship
18124.png,automobile
18125.png,horse
18126.png,ship
18127.png,frog
18128.png,cat
18129.png,dog
18130.png,frog
18131.png,deer
18132.png,dog
18133.png,ship
18134.png,airplane
18135.png,automobile
18136.png,deer
18137.png,deer
18138.png,dog
18139.png,bird
18140.png,horse
18141.png,ship
18142.png,ship
18143.png,deer
18144.png,bird
18145.png,horse
18146.png,ship
18147.png,bird
18148.png,cat
18149.png,cat
18150.png,bird
18151.png,dog
18152.png,dog
18153.png,horse
18154.png,ship
18155.png,ship
18156.png,deer
18157.png,dog
18158.png,cat
18159.png,frog
18160.png,ship
18161.png,automobile
18162.png,deer
18163.png,bird
18164.png,bird
18165.png,bird
18166.png,horse
18167.png,truck
18168.png,dog
18169.png,ship
18170.png,cat
18171.png,dog
18172.png,ship
18173.png,frog
18174.png,frog
18175.png,dog
18176.png,truck
18177.png,dog
18178.png,ship
18179.png,automobile
18180.png,frog
18181.png,cat
18182.png,automobile
18183.png,ship
18184.png,truck
18185.png,bird
18186.png,deer
18187.png,cat
18188.png,cat
18189.png,cat
18190.png,dog
18191.png,ship
18192.png,bird
18193.png,airplane
18194.png,ship
18195.png,dog
18196.png,horse
18197.png,deer
18198.png,deer
18199.png,bird
18200.png,dog
18201.png,airplane
18202.png,ship
18203.png,dog
18204.png,airplane
18205.png,bird
18206.png,truck
18207.png,automobile
18208.png,deer
18209.png,frog
18210.png,truck
18211.png,bird
18212.png,airplane
18213.png,dog
18214.png,truck
18215.png,airplane
18216.png,airplane
18217.png,cat
18218.png,frog
18219.png,airplane
18220.png,horse
18221.png,ship
18222.png,ship
18223.png,cat
18224.png,automobile
18225.png,frog
18226.png,bird
18227.png,truck
18228.png,horse
18229.png,automobile
18230.png,dog
18231.png,dog
18232.png,airplane
18233.png,ship
18234.png,cat
18235.png,bird
18236.png,truck
18237.png,ship
18238.png,dog
18239.png,automobile
18240.png,bird
18241.png,cat
18242.png,bird
18243.png,bird
18244.png,dog
18245.png,truck
18246.png,dog
18247.png,automobile
18248.png,automobile
18249.png,bird
18250.png,airplane
18251.png,frog
18252.png,deer
18253.png,truck
18254.png,ship
18255.png,frog
18256.png,horse
18257.png,frog
18258.png,frog
18259.png,horse
18260.png,cat
18261.png,truck
18262.png,frog
18263.png,dog
18264.png,automobile
18265.png,deer
18266.png,frog
18267.png,ship
18268.png,dog
18269.png,horse
18270.png,bird
18271.png,frog
18272.png,airplane
18273.png,deer
18274.png,airplane
18275.png,ship
18276.png,bird
18277.png,automobile
18278.png,dog
18279.png,dog
18280.png,deer
18281.png,dog
18282.png,dog
18283.png,frog
18284.png,cat
18285.png,frog
18286.png,bird
18287.png,cat
18288.png,bird
18289.png,dog
18290.png,deer
18291.png,deer
18292.png,airplane
18293.png,horse
18294.png,deer
18295.png,dog
18296.png,ship
18297.png,bird
18298.png,truck
18299.png,airplane
18300.png,airplane
18301.png,deer
18302.png,truck
18303.png,airplane
18304.png,automobile
18305.png,deer
18306.png,ship
18307.png,airplane
18308.png,ship
18309.png,frog
18310.png,frog
18311.png,truck
18312.png,automobile
18313.png,ship
18314.png,horse
18315.png,deer
18316.png,airplane
18317.png,automobile
18318.png,dog
18319.png,dog
18320.png,dog
18321.png,deer
18322.png,automobile
18323.png,bird
18324.png,horse
18325.png,cat
18326.png,frog
18327.png,horse
18328.png,ship
18329.png,bird
18330.png,cat
18331.png,frog
18332.png,automobile
18333.png,automobile
18334.png,automobile
18335.png,frog
18336.png,cat
18337.png,frog
18338.png,truck
18339.png,frog
18340.png,horse
18341.png,deer
18342.png,deer
18343.png,frog
18344.png,truck
18345.png,truck
18346.png,automobile
18347.png,dog
18348.png,dog
18349.png,cat
18350.png,ship
18351.png,horse
18352.png,frog
18353.png,horse
18354.png,frog
18355.png,automobile
18356.png,truck
18357.png,cat
18358.png,truck
18359.png,airplane
18360.png,frog
18361.png,bird
18362.png,truck
18363.png,cat
18364.png,deer
18365.png,bird
18366.png,deer
18367.png,cat
18368.png,ship
18369.png,airplane
18370.png,truck
18371.png,frog
18372.png,cat
18373.png,bird
18374.png,cat
18375.png,deer
18376.png,bird
18377.png,bird
18378.png,automobile
18379.png,ship
18380.png,ship
18381.png,frog
18382.png,airplane
18383.png,ship
18384.png,airplane
18385.png,deer
18386.png,bird
18387.png,airplane
18388.png,cat
18389.png,automobile
18390.png,cat
18391.png,airplane
18392.png,airplane
18393.png,truck
18394.png,cat
18395.png,truck
18396.png,ship
18397.png,frog
18398.png,ship
18399.png,deer
18400.png,dog
18401.png,cat
18402.png,horse
18403.png,airplane
18404.png,deer
18405.png,deer
18406.png,horse
18407.png,airplane
18408.png,frog
18409.png,cat
18410.png,deer
18411.png,cat
18412.png,horse
18413.png,cat
18414.png,automobile
18415.png,cat
18416.png,automobile
18417.png,dog
18418.png,horse
18419.png,deer
18420.png,bird
18421.png,frog
18422.png,ship
18423.png,cat
18424.png,truck
18425.png,airplane
18426.png,automobile
18427.png,frog
18428.png,dog
18429.png,horse
18430.png,truck
18431.png,truck
18432.png,horse
18433.png,ship
18434.png,frog
18435.png,deer
18436.png,horse
18437.png,airplane
18438.png,deer
18439.png,automobile
18440.png,truck
18441.png,dog
18442.png,dog
18443.png,cat
18444.png,horse
18445.png,ship
18446.png,airplane
18447.png,cat
18448.png,horse
18449.png,horse
18450.png,cat
18451.png,deer
18452.png,airplane
18453.png,cat
18454.png,truck
18455.png,frog
18456.png,deer
18457.png,automobile
18458.png,bird
18459.png,automobile
18460.png,dog
18461.png,bird
18462.png,ship
18463.png,cat
18464.png,dog
18465.png,bird
18466.png,deer
18467.png,bird
18468.png,truck
18469.png,horse
18470.png,cat
18471.png,dog
18472.png,automobile
18473.png,dog
18474.png,deer
18475.png,cat
18476.png,dog
18477.png,deer
18478.png,bird
18479.png,dog
18480.png,cat
18481.png,automobile
18482.png,horse
18483.png,cat
18484.png,automobile
18485.png,horse
18486.png,bird
18487.png,cat
18488.png,cat
18489.png,truck
18490.png,bird
18491.png,deer
18492.png,horse
18493.png,ship
18494.png,deer
18495.png,frog
18496.png,automobile
18497.png,bird
18498.png,cat
18499.png,truck
18500.png,cat
18501.png,horse
18502.png,ship
18503.png,deer
18504.png,bird
18505.png,horse
18506.png,airplane
18507.png,cat
18508.png,deer
18509.png,airplane
18510.png,frog
18511.png,bird
18512.png,dog
18513.png,deer
18514.png,truck
18515.png,ship
18516.png,ship
18517.png,dog
18518.png,horse
18519.png,automobile
18520.png,horse
18521.png,cat
18522.png,dog
18523.png,ship
18524.png,deer
18525.png,horse
18526.png,airplane
18527.png,automobile
18528.png,automobile
18529.png,horse
18530.png,bird
18531.png,ship
18532.png,cat
18533.png,frog
18534.png,frog
18535.png,horse
18536.png,ship
18537.png,deer
18538.png,horse
18539.png,airplane
18540.png,truck
18541.png,frog
18542.png,dog
18543.png,frog
18544.png,frog
18545.png,deer
18546.png,airplane
18547.png,ship
18548.png,truck
18549.png,ship
18550.png,horse
18551.png,deer
18552.png,automobile
18553.png,dog
18554.png,deer
18555.png,frog
18556.png,automobile
18557.png,horse
18558.png,truck
18559.png,ship
18560.png,deer
18561.png,deer
18562.png,ship
18563.png,automobile
18564.png,dog
18565.png,bird
18566.png,ship
18567.png,deer
18568.png,truck
18569.png,dog
18570.png,dog
18571.png,cat
18572.png,frog
18573.png,airplane
18574.png,bird
18575.png,dog
18576.png,dog
18577.png,dog
18578.png,horse
18579.png,airplane
18580.png,horse
18581.png,truck
18582.png,dog
18583.png,cat
18584.png,automobile
18585.png,cat
18586.png,frog
18587.png,bird
18588.png,dog
18589.png,bird
18590.png,horse
18591.png,horse
18592.png,airplane
18593.png,deer
18594.png,ship
18595.png,automobile
18596.png,frog
18597.png,frog
18598.png,frog
18599.png,dog
18600.png,airplane
18601.png,dog
18602.png,horse
18603.png,deer
18604.png,airplane
18605.png,frog
18606.png,airplane
18607.png,deer
18608.png,ship
18609.png,dog
18610.png,ship
18611.png,frog
18612.png,frog
18613.png,bird
18614.png,dog
18615.png,airplane
18616.png,frog
18617.png,ship
18618.png,ship
18619.png,frog
18620.png,cat
18621.png,horse
18622.png,frog
18623.png,deer
18624.png,ship
18625.png,airplane
18626.png,automobile
18627.png,dog
18628.png,deer
18629.png,deer
18630.png,dog
18631.png,airplane
18632.png,ship
18633.png,dog
18634.png,deer
18635.png,dog
18636.png,bird
18637.png,horse
18638.png,deer
18639.png,cat
18640.png,automobile
18641.png,truck
18642.png,horse
18643.png,truck
18644.png,dog
18645.png,ship
18646.png,ship
18647.png,bird
18648.png,cat
18649.png,truck
18650.png,automobile
18651.png,bird
18652.png,cat
18653.png,bird
18654.png,frog
18655.png,automobile
18656.png,frog
18657.png,frog
18658.png,airplane
18659.png,deer
18660.png,airplane
18661.png,ship
18662.png,bird
18663.png,cat
18664.png,cat
18665.png,deer
18666.png,frog
18667.png,truck
18668.png,horse
18669.png,truck
18670.png,deer
18671.png,automobile
18672.png,automobile
18673.png,ship
18674.png,cat
18675.png,bird
18676.png,ship
18677.png,frog
18678.png,airplane
18679.png,bird
18680.png,cat
18681.png,airplane
18682.png,truck
18683.png,frog
18684.png,automobile
18685.png,cat
18686.png,dog
18687.png,horse
18688.png,dog
18689.png,horse
18690.png,truck
18691.png,deer
18692.png,ship
18693.png,truck
18694.png,ship
18695.png,airplane
18696.png,horse
18697.png,automobile
18698.png,airplane
18699.png,automobile
18700.png,deer
18701.png,ship
18702.png,horse
18703.png,automobile
18704.png,truck
18705.png,airplane
18706.png,deer
18707.png,airplane
18708.png,ship
18709.png,dog
18710.png,ship
18711.png,airplane
18712.png,horse
18713.png,horse
18714.png,airplane
18715.png,dog
18716.png,truck
18717.png,automobile
18718.png,bird
18719.png,ship
18720.png,automobile
18721.png,bird
18722.png,dog
18723.png,frog
18724.png,horse
18725.png,frog
18726.png,ship
18727.png,ship
18728.png,bird
18729.png,ship
18730.png,dog
18731.png,deer
18732.png,dog
18733.png,dog
18734.png,bird
18735.png,deer
18736.png,airplane
18737.png,frog
18738.png,airplane
18739.png,deer
18740.png,deer
18741.png,truck
18742.png,ship
18743.png,frog
18744.png,dog
18745.png,automobile
18746.png,airplane
18747.png,bird
18748.png,bird
18749.png,dog
18750.png,truck
18751.png,truck
18752.png,horse
18753.png,automobile
18754.png,bird
18755.png,automobile
18756.png,cat
18757.png,bird
18758.png,bird
18759.png,dog
18760.png,truck
18761.png,truck
18762.png,truck
18763.png,dog
18764.png,airplane
18765.png,dog
18766.png,airplane
18767.png,deer
18768.png,airplane
18769.png,airplane
18770.png,cat
18771.png,dog
18772.png,cat
18773.png,dog
18774.png,dog
18775.png,ship
18776.png,horse
18777.png,automobile
18778.png,ship
18779.png,truck
18780.png,truck
18781.png,cat
18782.png,horse
18783.png,airplane
18784.png,ship
18785.png,automobile
18786.png,truck
18787.png,truck
18788.png,cat
18789.png,bird
18790.png,truck
18791.png,bird
18792.png,horse
18793.png,truck
18794.png,horse
18795.png,frog
18796.png,ship
18797.png,truck
18798.png,ship
18799.png,cat
18800.png,dog
18801.png,truck
18802.png,frog
18803.png,horse
18804.png,airplane
18805.png,horse
18806.png,truck
18807.png,ship
18808.png,deer
18809.png,airplane
18810.png,frog
18811.png,automobile
18812.png,deer
18813.png,ship
18814.png,deer
18815.png,cat
18816.png,dog
18817.png,frog
18818.png,truck
18819.png,deer
18820.png,bird
18821.png,frog
18822.png,deer
18823.png,ship
18824.png,horse
18825.png,deer
18826.png,automobile
18827.png,frog
18828.png,ship
18829.png,horse
18830.png,deer
18831.png,dog
18832.png,airplane
18833.png,automobile
18834.png,cat
18835.png,deer
18836.png,horse
18837.png,deer
18838.png,bird
18839.png,cat
18840.png,airplane
18841.png,ship
18842.png,deer
18843.png,ship
18844.png,horse
18845.png,automobile
18846.png,dog
18847.png,truck
18848.png,airplane
18849.png,ship
18850.png,airplane
18851.png,truck
18852.png,frog
18853.png,dog
18854.png,ship
18855.png,airplane
18856.png,bird
18857.png,dog
18858.png,airplane
18859.png,cat
18860.png,automobile
18861.png,truck
18862.png,airplane
18863.png,cat
18864.png,bird
18865.png,airplane
18866.png,cat
18867.png,frog
18868.png,cat
18869.png,frog
18870.png,horse
18871.png,frog
18872.png,frog
18873.png,bird
18874.png,dog
18875.png,horse
18876.png,deer
18877.png,deer
18878.png,truck
18879.png,truck
18880.png,automobile
18881.png,bird
18882.png,horse
18883.png,bird
18884.png,dog
18885.png,frog
18886.png,automobile
18887.png,bird
18888.png,cat
18889.png,bird
18890.png,cat
18891.png,automobile
18892.png,deer
18893.png,ship
18894.png,airplane
18895.png,dog
18896.png,frog
18897.png,cat
18898.png,ship
18899.png,truck
18900.png,truck
18901.png,airplane
18902.png,bird
18903.png,automobile
18904.png,frog
18905.png,frog
18906.png,airplane
18907.png,airplane
18908.png,automobile
18909.png,automobile
18910.png,frog
18911.png,frog
18912.png,horse
18913.png,deer
18914.png,dog
18915.png,horse
18916.png,dog
18917.png,horse
18918.png,ship
18919.png,deer
18920.png,dog
18921.png,airplane
18922.png,dog
18923.png,horse
18924.png,horse
18925.png,frog
18926.png,airplane
18927.png,automobile
18928.png,automobile
18929.png,dog
18930.png,truck
18931.png,truck
18932.png,deer
18933.png,automobile
18934.png,ship
18935.png,dog
18936.png,airplane
18937.png,frog
18938.png,truck
18939.png,horse
18940.png,dog
18941.png,airplane
18942.png,horse
18943.png,cat
18944.png,truck
18945.png,frog
18946.png,dog
18947.png,dog
18948.png,truck
18949.png,bird
18950.png,cat
18951.png,ship
18952.png,airplane
18953.png,bird
18954.png,airplane
18955.png,cat
18956.png,airplane
18957.png,horse
18958.png,truck
18959.png,dog
18960.png,ship
18961.png,cat
18962.png,automobile
18963.png,dog
18964.png,truck
18965.png,bird
18966.png,frog
18967.png,dog
18968.png,truck
18969.png,truck
18970.png,cat
18971.png,cat
18972.png,dog
18973.png,horse
18974.png,horse
18975.png,frog
18976.png,horse
18977.png,frog
18978.png,deer
18979.png,frog
18980.png,airplane
18981.png,ship
18982.png,dog
18983.png,truck
18984.png,dog
18985.png,deer
18986.png,dog
18987.png,dog
18988.png,bird
18989.png,frog
18990.png,truck
18991.png,frog
18992.png,ship
18993.png,frog
18994.png,cat
18995.png,automobile
18996.png,bird
18997.png,ship
18998.png,horse
18999.png,cat
19000.png,airplane
19001.png,frog
19002.png,bird
19003.png,automobile
19004.png,dog
19005.png,airplane
19006.png,cat
19007.png,deer
19008.png,dog
19009.png,horse
19010.png,airplane
19011.png,horse
19012.png,airplane
19013.png,dog
19014.png,frog
19015.png,deer
19016.png,airplane
19017.png,ship
19018.png,airplane
19019.png,automobile
19020.png,frog
19021.png,ship
19022.png,dog
19023.png,dog
19024.png,dog
19025.png,dog
19026.png,cat
19027.png,horse
19028.png,airplane
19029.png,ship
19030.png,dog
19031.png,airplane
19032.png,automobile
19033.png,deer
19034.png,deer
19035.png,truck
19036.png,ship
19037.png,ship
19038.png,horse
19039.png,frog
19040.png,bird
19041.png,frog
19042.png,airplane
19043.png,dog
19044.png,deer
19045.png,bird
19046.png,deer
19047.png,automobile
19048.png,deer
19049.png,truck
19050.png,cat
19051.png,truck
19052.png,ship
19053.png,bird
19054.png,truck
19055.png,automobile
19056.png,truck
19057.png,bird
19058.png,bird
19059.png,horse
19060.png,deer
19061.png,cat
19062.png,cat
19063.png,horse
19064.png,automobile
19065.png,horse
19066.png,airplane
19067.png,airplane
19068.png,airplane
19069.png,cat
19070.png,ship
19071.png,bird
19072.png,dog
19073.png,truck
19074.png,truck
19075.png,horse
19076.png,cat
19077.png,truck
19078.png,frog
19079.png,truck
19080.png,automobile
19081.png,cat
19082.png,ship
19083.png,airplane
19084.png,dog
19085.png,airplane
19086.png,horse
19087.png,truck
19088.png,frog
19089.png,cat
19090.png,horse
19091.png,ship
19092.png,bird
19093.png,frog
19094.png,cat
19095.png,airplane
19096.png,automobile
19097.png,dog
19098.png,ship
19099.png,deer
19100.png,cat
19101.png,truck
19102.png,cat
19103.png,ship
19104.png,airplane
19105.png,airplane
19106.png,dog
19107.png,airplane
19108.png,frog
19109.png,bird
19110.png,frog
19111.png,bird
19112.png,truck
19113.png,deer
19114.png,cat
19115.png,truck
19116.png,airplane
19117.png,airplane
19118.png,cat
19119.png,deer
19120.png,horse
19121.png,truck
19122.png,horse
19123.png,truck
19124.png,ship
19125.png,ship
19126.png,automobile
19127.png,cat
19128.png,airplane
19129.png,frog
19130.png,ship
19131.png,bird
19132.png,ship
19133.png,ship
19134.png,ship
19135.png,deer
19136.png,frog
19137.png,deer
19138.png,bird
19139.png,frog
19140.png,frog
19141.png,cat
19142.png,ship
19143.png,deer
19144.png,automobile
19145.png,automobile
19146.png,deer
19147.png,truck
19148.png,ship
19149.png,frog
19150.png,ship
19151.png,dog
19152.png,cat
19153.png,ship
19154.png,bird
19155.png,dog
19156.png,horse
19157.png,dog
19158.png,bird
19159.png,bird
19160.png,horse
19161.png,dog
19162.png,deer
19163.png,horse
19164.png,bird
19165.png,automobile
19166.png,automobile
19167.png,automobile
19168.png,ship
19169.png,deer
19170.png,dog
19171.png,deer
19172.png,ship
19173.png,ship
19174.png,airplane
19175.png,truck
19176.png,ship
19177.png,dog
19178.png,dog
19179.png,deer
19180.png,horse
19181.png,deer
19182.png,automobile
19183.png,dog
19184.png,cat
19185.png,frog
19186.png,automobile
19187.png,ship
19188.png,cat
19189.png,airplane
19190.png,frog
19191.png,truck
19192.png,dog
19193.png,horse
19194.png,truck
19195.png,deer
19196.png,ship
19197.png,airplane
19198.png,deer
19199.png,horse
19200.png,truck
19201.png,horse
19202.png,dog
19203.png,automobile
19204.png,truck
19205.png,bird
19206.png,bird
19207.png,horse
19208.png,bird
19209.png,deer
19210.png,dog
19211.png,airplane
19212.png,dog
19213.png,horse
19214.png,bird
19215.png,ship
19216.png,deer
19217.png,airplane
19218.png,bird
19219.png,bird
19220.png,ship
19221.png,bird
19222.png,cat
19223.png,dog
19224.png,bird
19225.png,bird
19226.png,bird
19227.png,automobile
19228.png,ship
19229.png,frog
19230.png,cat
19231.png,frog
19232.png,bird
19233.png,airplane
19234.png,frog
19235.png,cat
19236.png,horse
19237.png,bird
19238.png,airplane
19239.png,ship
19240.png,frog
19241.png,dog
19242.png,bird
19243.png,automobile
19244.png,truck
19245.png,horse
19246.png,cat
19247.png,cat
19248.png,horse
19249.png,truck
19250.png,cat
19251.png,horse
19252.png,ship
19253.png,dog
19254.png,ship
19255.png,ship
19256.png,cat
19257.png,deer
19258.png,bird
19259.png,bird
19260.png,horse
19261.png,truck
19262.png,deer
19263.png,deer
19264.png,horse
19265.png,deer
19266.png,automobile
19267.png,truck
19268.png,bird
19269.png,frog
19270.png,ship
19271.png,bird
19272.png,dog
19273.png,frog
19274.png,airplane
19275.png,dog
19276.png,frog
19277.png,cat
19278.png,airplane
19279.png,horse
19280.png,truck
19281.png,bird
19282.png,frog
19283.png,airplane
19284.png,ship
19285.png,deer
19286.png,deer
19287.png,airplane
19288.png,bird
19289.png,horse
19290.png,truck
19291.png,truck
19292.png,cat
19293.png,automobile
19294.png,dog
19295.png,airplane
19296.png,bird
19297.png,bird
19298.png,ship
19299.png,bird
19300.png,truck
19301.png,horse
19302.png,automobile
19303.png,truck
19304.png,frog
19305.png,horse
19306.png,airplane
19307.png,horse
19308.png,deer
19309.png,frog
19310.png,ship
19311.png,automobile
19312.png,truck
19313.png,cat
19314.png,automobile
19315.png,ship
19316.png,deer
19317.png,dog
19318.png,airplane
19319.png,airplane
19320.png,dog
19321.png,dog
19322.png,horse
19323.png,frog
19324.png,truck
19325.png,automobile
19326.png,horse
19327.png,horse
19328.png,cat
19329.png,bird
19330.png,airplane
19331.png,bird
19332.png,deer
19333.png,airplane
19334.png,truck
19335.png,dog
19336.png,dog
19337.png,ship
19338.png,bird
19339.png,dog
19340.png,airplane
19341.png,deer
19342.png,automobile
19343.png,ship
19344.png,bird
19345.png,cat
19346.png,deer
19347.png,horse
19348.png,airplane
19349.png,horse
19350.png,horse
19351.png,dog
19352.png,automobile
19353.png,cat
19354.png,truck
19355.png,automobile
19356.png,truck
19357.png,truck
19358.png,ship
19359.png,deer
19360.png,bird
19361.png,deer
19362.png,horse
19363.png,dog
19364.png,automobile
19365.png,bird
19366.png,truck
19367.png,frog
19368.png,truck
19369.png,dog
19370.png,truck
19371.png,airplane
19372.png,airplane
19373.png,horse
19374.png,bird
19375.png,ship
19376.png,cat
19377.png,bird
19378.png,truck
19379.png,deer
19380.png,ship
19381.png,truck
19382.png,cat
19383.png,automobile
19384.png,horse
19385.png,bird
19386.png,deer
19387.png,airplane
19388.png,cat
19389.png,cat
19390.png,horse
19391.png,airplane
19392.png,horse
19393.png,bird
19394.png,horse
19395.png,horse
19396.png,airplane
19397.png,horse
19398.png,dog
19399.png,ship
19400.png,automobile
19401.png,deer
19402.png,dog
19403.png,ship
19404.png,frog
19405.png,dog
19406.png,automobile
19407.png,deer
19408.png,deer
19409.png,horse
19410.png,airplane
19411.png,truck
19412.png,truck
19413.png,cat
19414.png,ship
19415.png,cat
19416.png,ship
19417.png,ship
19418.png,horse
19419.png,horse
19420.png,frog
19421.png,frog
19422.png,frog
19423.png,cat
19424.png,dog
19425.png,truck
19426.png,bird
19427.png,deer
19428.png,cat
19429.png,bird
19430.png,truck
19431.png,frog
19432.png,horse
19433.png,truck
19434.png,cat
19435.png,dog
19436.png,bird
19437.png,horse
19438.png,dog
19439.png,airplane
19440.png,bird
19441.png,bird
19442.png,deer
19443.png,truck
19444.png,horse
19445.png,airplane
19446.png,airplane
19447.png,automobile
19448.png,cat
19449.png,automobile
19450.png,cat
19451.png,automobile
19452.png,frog
19453.png,deer
19454.png,bird
19455.png,automobile
19456.png,cat
19457.png,frog
19458.png,automobile
19459.png,deer
19460.png,dog
19461.png,deer
19462.png,horse
19463.png,deer
19464.png,bird
19465.png,ship
19466.png,cat
19467.png,horse
19468.png,horse
19469.png,cat
19470.png,truck
19471.png,truck
19472.png,deer
19473.png,ship
19474.png,bird
19475.png,truck
19476.png,deer
19477.png,dog
19478.png,frog
19479.png,horse
19480.png,ship
19481.png,airplane
19482.png,automobile
19483.png,frog
19484.png,dog
19485.png,automobile
19486.png,automobile
19487.png,truck
19488.png,dog
19489.png,truck
19490.png,frog
19491.png,automobile
19492.png,dog
19493.png,airplane
19494.png,airplane
19495.png,deer
19496.png,frog
19497.png,cat
19498.png,cat
19499.png,truck
19500.png,automobile
19501.png,automobile
19502.png,frog
19503.png,ship
19504.png,airplane
19505.png,bird
19506.png,truck
19507.png,dog
19508.png,horse
19509.png,frog
19510.png,ship
19511.png,deer
19512.png,frog
19513.png,deer
19514.png,ship
19515.png,cat
19516.png,dog
19517.png,deer
19518.png,truck
19519.png,cat
19520.png,horse
19521.png,deer
19522.png,deer
19523.png,automobile
19524.png,truck
19525.png,dog
19526.png,truck
19527.png,automobile
19528.png,airplane
19529.png,deer
19530.png,airplane
19531.png,ship
19532.png,ship
19533.png,deer
19534.png,automobile
19535.png,truck
19536.png,horse
19537.png,bird
19538.png,dog
19539.png,truck
19540.png,automobile
19541.png,dog
19542.png,airplane
19543.png,horse
19544.png,deer
19545.png,cat
19546.png,frog
19547.png,automobile
19548.png,ship
19549.png,deer
19550.png,truck
19551.png,automobile
19552.png,bird
19553.png,frog
19554.png,horse
19555.png,airplane
19556.png,horse
19557.png,frog
19558.png,ship
19559.png,bird
19560.png,frog
19561.png,horse
19562.png,dog
19563.png,frog
19564.png,truck
19565.png,automobile
19566.png,automobile
19567.png,cat
19568.png,ship
19569.png,deer
19570.png,deer
19571.png,automobile
19572.png,automobile
19573.png,automobile
19574.png,airplane
19575.png,automobile
19576.png,automobile
19577.png,bird
19578.png,cat
19579.png,cat
19580.png,bird
19581.png,cat
19582.png,automobile
19583.png,horse
19584.png,dog
19585.png,deer
19586.png,deer
19587.png,frog
19588.png,ship
19589.png,frog
19590.png,cat
19591.png,truck
19592.png,horse
19593.png,ship
19594.png,truck
19595.png,automobile
19596.png,dog
19597.png,dog
19598.png,truck
19599.png,automobile
19600.png,horse
19601.png,horse
19602.png,truck
19603.png,dog
19604.png,ship
19605.png,frog
19606.png,ship
19607.png,dog
19608.png,cat
19609.png,frog
19610.png,automobile
19611.png,dog
19612.png,bird
19613.png,dog
19614.png,cat
19615.png,deer
19616.png,bird
19617.png,automobile
19618.png,cat
19619.png,ship
19620.png,automobile
19621.png,truck
19622.png,ship
19623.png,ship
19624.png,dog
19625.png,dog
19626.png,truck
19627.png,automobile
19628.png,deer
19629.png,automobile
19630.png,horse
19631.png,airplane
19632.png,cat
19633.png,airplane
19634.png,airplane
19635.png,airplane
19636.png,dog
19637.png,horse
19638.png,bird
19639.png,horse
19640.png,airplane
19641.png,truck
19642.png,frog
19643.png,horse
19644.png,deer
19645.png,airplane
19646.png,frog
19647.png,frog
19648.png,cat
19649.png,ship
19650.png,cat
19651.png,deer
19652.png,horse
19653.png,dog
19654.png,frog
19655.png,deer
19656.png,bird
19657.png,ship
19658.png,deer
19659.png,ship
19660.png,truck
19661.png,truck
19662.png,truck
19663.png,airplane
19664.png,dog
19665.png,airplane
19666.png,frog
19667.png,ship
19668.png,automobile
19669.png,automobile
19670.png,truck
19671.png,truck
19672.png,truck
19673.png,bird
19674.png,cat
19675.png,truck
19676.png,frog
19677.png,frog
19678.png,airplane
19679.png,automobile
19680.png,truck
19681.png,truck
19682.png,cat
19683.png,airplane
19684.png,dog
19685.png,deer
19686.png,frog
19687.png,bird
19688.png,truck
19689.png,truck
19690.png,deer
19691.png,dog
19692.png,horse
19693.png,frog
19694.png,dog
19695.png,bird
19696.png,bird
19697.png,ship
19698.png,airplane
19699.png,dog
19700.png,automobile
19701.png,bird
19702.png,frog
19703.png,deer
19704.png,truck
19705.png,deer
19706.png,frog
19707.png,ship
19708.png,frog
19709.png,dog
19710.png,truck
19711.png,automobile
19712.png,deer
19713.png,horse
19714.png,ship
19715.png,bird
19716.png,frog
19717.png,airplane
19718.png,cat
19719.png,ship
19720.png,truck
19721.png,ship
19722.png,deer
19723.png,truck
19724.png,dog
19725.png,truck
19726.png,ship
19727.png,cat
19728.png,cat
19729.png,airplane
19730.png,bird
19731.png,airplane
19732.png,frog
19733.png,frog
19734.png,ship
19735.png,bird
19736.png,dog
19737.png,automobile
19738.png,bird
19739.png,cat
19740.png,horse
19741.png,airplane
19742.png,airplane
19743.png,deer
19744.png,bird
19745.png,horse
19746.png,automobile
19747.png,deer
19748.png,horse
19749.png,ship
19750.png,airplane
19751.png,cat
19752.png,truck
19753.png,cat
19754.png,airplane
19755.png,dog
19756.png,horse
19757.png,dog
19758.png,dog
19759.png,deer
19760.png,horse
19761.png,automobile
19762.png,airplane
19763.png,frog
19764.png,frog
19765.png,automobile
19766.png,automobile
19767.png,truck
19768.png,frog
19769.png,ship
19770.png,automobile
19771.png,frog
19772.png,cat
19773.png,horse
19774.png,automobile
19775.png,deer
19776.png,ship
19777.png,truck
19778.png,horse
19779.png,airplane
19780.png,horse
19781.png,cat
19782.png,cat
19783.png,cat
19784.png,automobile
19785.png,deer
19786.png,bird
19787.png,dog
19788.png,cat
19789.png,ship
19790.png,bird
19791.png,deer
19792.png,horse
19793.png,automobile
19794.png,automobile
19795.png,horse
19796.png,cat
19797.png,truck
19798.png,deer
19799.png,frog
19800.png,cat
19801.png,dog
19802.png,truck
19803.png,horse
19804.png,deer
19805.png,airplane
19806.png,truck
19807.png,bird
19808.png,airplane
19809.png,cat
19810.png,dog
19811.png,automobile
19812.png,bird
19813.png,airplane
19814.png,deer
19815.png,airplane
19816.png,bird
19817.png,horse
19818.png,ship
19819.png,airplane
19820.png,dog
19821.png,cat
19822.png,horse
19823.png,deer
19824.png,frog
19825.png,truck
19826.png,dog
19827.png,truck
19828.png,cat
19829.png,airplane
19830.png,ship
19831.png,cat
19832.png,truck
19833.png,horse
19834.png,deer
19835.png,frog
19836.png,dog
19837.png,ship
19838.png,cat
19839.png,cat
19840.png,cat
19841.png,truck
19842.png,truck
19843.png,truck
19844.png,ship
19845.png,horse
19846.png,bird
19847.png,deer
19848.png,cat
19849.png,deer
19850.png,horse
19851.png,horse
19852.png,ship
19853.png,deer
19854.png,cat
19855.png,ship
19856.png,frog
19857.png,dog
19858.png,deer
19859.png,airplane
19860.png,airplane
19861.png,airplane
19862.png,dog
19863.png,automobile
19864.png,dog
19865.png,cat
19866.png,automobile
19867.png,automobile
19868.png,automobile
19869.png,bird
19870.png,automobile
19871.png,frog
19872.png,cat
19873.png,cat
19874.png,truck
19875.png,bird
19876.png,cat
19877.png,truck
19878.png,frog
19879.png,airplane
19880.png,horse
19881.png,automobile
19882.png,cat
19883.png,deer
19884.png,horse
19885.png,airplane
19886.png,deer
19887.png,automobile
19888.png,ship
19889.png,bird
19890.png,dog
19891.png,automobile
19892.png,truck
19893.png,dog
19894.png,truck
19895.png,airplane
19896.png,cat
19897.png,dog
19898.png,deer
19899.png,automobile
19900.png,bird
19901.png,dog
19902.png,bird
19903.png,cat
19904.png,deer
19905.png,airplane
19906.png,horse
19907.png,deer
19908.png,frog
19909.png,dog
19910.png,horse
19911.png,ship
19912.png,automobile
19913.png,deer
19914.png,cat
19915.png,bird
19916.png,bird
19917.png,bird
19918.png,deer
19919.png,bird
19920.png,truck
19921.png,cat
19922.png,ship
19923.png,cat
19924.png,truck
19925.png,frog
19926.png,dog
19927.png,frog
19928.png,frog
19929.png,airplane
19930.png,cat
19931.png,automobile
19932.png,horse
19933.png,bird
19934.png,dog
19935.png,truck
19936.png,automobile
19937.png,deer
19938.png,ship
19939.png,dog
19940.png,automobile
19941.png,horse
19942.png,frog
19943.png,airplane
19944.png,deer
19945.png,bird
19946.png,airplane
19947.png,automobile
19948.png,automobile
19949.png,ship
19950.png,frog
19951.png,bird
19952.png,horse
19953.png,deer
19954.png,truck
19955.png,ship
19956.png,frog
19957.png,horse
19958.png,deer
19959.png,dog
19960.png,frog
19961.png,horse
19962.png,airplane
19963.png,horse
19964.png,bird
19965.png,bird
19966.png,dog
19967.png,frog
19968.png,frog
19969.png,horse
19970.png,bird
19971.png,frog
19972.png,automobile
19973.png,dog
19974.png,horse
19975.png,airplane
19976.png,ship
19977.png,truck
19978.png,bird
19979.png,horse
19980.png,ship
19981.png,deer
19982.png,bird
19983.png,airplane
19984.png,automobile
19985.png,frog
19986.png,bird
19987.png,horse
19988.png,ship
19989.png,airplane
19990.png,automobile
19991.png,deer
19992.png,ship
19993.png,truck
19994.png,dog
19995.png,cat
19996.png,ship
19997.png,ship
19998.png,horse
19999.png,bird
20000.png,dog
20001.png,ship
20002.png,dog
20003.png,airplane
20004.png,frog
20005.png,truck
20006.png,bird
20007.png,ship
20008.png,cat
20009.png,frog
20010.png,bird
20011.png,horse
20012.png,deer
20013.png,frog
20014.png,truck
20015.png,airplane
20016.png,airplane
20017.png,horse
20018.png,cat
20019.png,horse
20020.png,bird
20021.png,dog
20022.png,frog
20023.png,frog
20024.png,airplane
20025.png,truck
20026.png,frog
20027.png,ship
20028.png,frog
20029.png,horse
20030.png,bird
20031.png,horse
20032.png,dog
20033.png,cat
20034.png,cat
20035.png,cat
20036.png,airplane
20037.png,frog
20038.png,dog
20039.png,bird
20040.png,airplane
20041.png,ship
20042.png,ship
20043.png,automobile
20044.png,dog
20045.png,deer
20046.png,airplane
20047.png,deer
20048.png,automobile
20049.png,bird
20050.png,deer
20051.png,cat
20052.png,bird
20053.png,ship
20054.png,dog
20055.png,deer
20056.png,bird
20057.png,automobile
20058.png,automobile
20059.png,cat
20060.png,dog
20061.png,deer
20062.png,bird
20063.png,horse
20064.png,horse
20065.png,ship
20066.png,bird
20067.png,dog
20068.png,cat
20069.png,truck
20070.png,truck
20071.png,airplane
20072.png,frog
20073.png,horse
20074.png,bird
20075.png,automobile
20076.png,dog
20077.png,dog
20078.png,bird
20079.png,horse
20080.png,automobile
20081.png,cat
20082.png,ship
20083.png,ship
20084.png,dog
20085.png,dog
20086.png,deer
20087.png,airplane
20088.png,dog
20089.png,automobile
20090.png,ship
20091.png,dog
20092.png,cat
20093.png,dog
20094.png,frog
20095.png,horse
20096.png,truck
20097.png,deer
20098.png,airplane
20099.png,frog
20100.png,horse
20101.png,ship
20102.png,dog
20103.png,bird
20104.png,deer
20105.png,frog
20106.png,airplane
20107.png,frog
20108.png,automobile
20109.png,deer
20110.png,horse
20111.png,ship
20112.png,cat
20113.png,bird
20114.png,frog
20115.png,automobile
20116.png,frog
20117.png,deer
20118.png,cat
20119.png,ship
20120.png,automobile
20121.png,deer
20122.png,cat
20123.png,dog
20124.png,deer
20125.png,airplane
20126.png,bird
20127.png,dog
20128.png,airplane
20129.png,ship
20130.png,truck
20131.png,bird
20132.png,cat
20133.png,airplane
20134.png,deer
20135.png,truck
20136.png,frog
20137.png,deer
20138.png,deer
20139.png,bird
20140.png,cat
20141.png,dog
20142.png,frog
20143.png,deer
20144.png,cat
20145.png,cat
20146.png,bird
20147.png,frog
20148.png,deer
20149.png,frog
20150.png,bird
20151.png,ship
20152.png,cat
20153.png,cat
20154.png,cat
20155.png,deer
20156.png,automobile
20157.png,dog
20158.png,deer
20159.png,horse
20160.png,cat
20161.png,frog
20162.png,ship
20163.png,automobile
20164.png,cat
20165.png,dog
20166.png,truck
20167.png,horse
20168.png,truck
20169.png,automobile
20170.png,airplane
20171.png,horse
20172.png,dog
20173.png,truck
20174.png,deer
20175.png,cat
20176.png,horse
20177.png,truck
20178.png,frog
20179.png,dog
20180.png,horse
20181.png,airplane
20182.png,truck
20183.png,ship
20184.png,bird
20185.png,cat
20186.png,dog
20187.png,horse
20188.png,truck
20189.png,airplane
20190.png,bird
20191.png,airplane
20192.png,horse
20193.png,deer
20194.png,frog
20195.png,cat
20196.png,automobile
20197.png,cat
20198.png,automobile
20199.png,ship
20200.png,automobile
20201.png,dog
20202.png,dog
20203.png,horse
20204.png,cat
20205.png,cat
20206.png,airplane
20207.png,deer
20208.png,dog
20209.png,cat
20210.png,ship
20211.png,cat
20212.png,truck
20213.png,bird
20214.png,truck
20215.png,automobile
20216.png,cat
20217.png,bird
20218.png,airplane
20219.png,horse
20220.png,ship
20221.png,bird
20222.png,ship
20223.png,automobile
20224.png,horse
20225.png,truck
20226.png,frog
20227.png,bird
20228.png,ship
20229.png,ship
20230.png,truck
20231.png,horse
20232.png,truck
20233.png,truck
20234.png,airplane
20235.png,cat
20236.png,horse
20237.png,airplane
20238.png,ship
20239.png,frog
20240.png,ship
20241.png,frog
20242.png,truck
20243.png,airplane
20244.png,deer
20245.png,automobile
20246.png,automobile
20247.png,ship
20248.png,horse
20249.png,truck
20250.png,horse
20251.png,truck
20252.png,horse
20253.png,cat
20254.png,deer
20255.png,frog
20256.png,cat
20257.png,airplane
20258.png,airplane
20259.png,frog
20260.png,ship
20261.png,bird
20262.png,cat
20263.png,airplane
20264.png,frog
20265.png,truck
20266.png,airplane
20267.png,bird
20268.png,airplane
20269.png,frog
20270.png,cat
20271.png,deer
20272.png,cat
20273.png,bird
20274.png,automobile
20275.png,deer
20276.png,airplane
20277.png,deer
20278.png,dog
20279.png,frog
20280.png,dog
20281.png,deer
20282.png,cat
20283.png,deer
20284.png,bird
20285.png,bird
20286.png,bird
20287.png,bird
20288.png,airplane
20289.png,ship
20290.png,cat
20291.png,ship
20292.png,horse
20293.png,dog
20294.png,frog
20295.png,deer
20296.png,airplane
20297.png,truck
20298.png,frog
20299.png,ship
20300.png,horse
20301.png,ship
20302.png,cat
20303.png,airplane
20304.png,deer
20305.png,automobile
20306.png,truck
20307.png,deer
20308.png,automobile
20309.png,bird
20310.png,horse
20311.png,frog
20312.png,automobile
20313.png,automobile
20314.png,automobile
20315.png,horse
20316.png,dog
20317.png,frog
20318.png,bird
20319.png,bird
20320.png,airplane
20321.png,dog
20322.png,deer
20323.png,dog
20324.png,bird
20325.png,frog
20326.png,deer
20327.png,cat
20328.png,automobile
20329.png,airplane
20330.png,cat
20331.png,cat
20332.png,automobile
20333.png,frog
20334.png,frog
20335.png,airplane
20336.png,cat
20337.png,automobile
20338.png,cat
20339.png,cat
20340.png,cat
20341.png,deer
20342.png,deer
20343.png,deer
20344.png,deer
20345.png,cat
20346.png,cat
20347.png,cat
20348.png,horse
20349.png,dog
20350.png,airplane
20351.png,ship
20352.png,automobile
20353.png,ship
20354.png,automobile
20355.png,truck
20356.png,airplane
20357.png,horse
20358.png,horse
20359.png,ship
20360.png,ship
20361.png,ship
20362.png,dog
20363.png,frog
20364.png,deer
20365.png,horse
20366.png,dog
20367.png,automobile
20368.png,cat
20369.png,automobile
20370.png,horse
20371.png,ship
20372.png,cat
20373.png,frog
20374.png,deer
20375.png,deer
20376.png,ship
20377.png,automobile
20378.png,frog
20379.png,cat
20380.png,airplane
20381.png,truck
20382.png,automobile
20383.png,dog
20384.png,airplane
20385.png,frog
20386.png,truck
20387.png,frog
20388.png,dog
20389.png,truck
20390.png,horse
20391.png,cat
20392.png,automobile
20393.png,horse
20394.png,airplane
20395.png,dog
20396.png,ship
20397.png,airplane
20398.png,cat
20399.png,airplane
20400.png,horse
20401.png,ship
20402.png,cat
20403.png,truck
20404.png,bird
20405.png,airplane
20406.png,ship
20407.png,deer
20408.png,deer
20409.png,frog
20410.png,deer
20411.png,cat
20412.png,deer
20413.png,deer
20414.png,cat
20415.png,dog
20416.png,dog
20417.png,dog
20418.png,horse
20419.png,cat
20420.png,ship
20421.png,truck
20422.png,dog
20423.png,dog
20424.png,horse
20425.png,airplane
20426.png,cat
20427.png,bird
20428.png,truck
20429.png,truck
20430.png,horse
20431.png,truck
20432.png,cat
20433.png,frog
20434.png,horse
20435.png,airplane
20436.png,deer
20437.png,horse
20438.png,frog
20439.png,automobile
20440.png,deer
20441.png,automobile
20442.png,truck
20443.png,automobile
20444.png,horse
20445.png,automobile
20446.png,dog
20447.png,deer
20448.png,cat
20449.png,cat
20450.png,airplane
20451.png,deer
20452.png,dog
20453.png,airplane
20454.png,automobile
20455.png,airplane
20456.png,ship
20457.png,truck
20458.png,bird
20459.png,airplane
20460.png,ship
20461.png,dog
20462.png,ship
20463.png,truck
20464.png,automobile
20465.png,horse
20466.png,cat
20467.png,ship
20468.png,ship
20469.png,bird
20470.png,cat
20471.png,deer
20472.png,airplane
20473.png,truck
20474.png,airplane
20475.png,airplane
20476.png,automobile
20477.png,horse
20478.png,dog
20479.png,dog
20480.png,ship
20481.png,frog
20482.png,truck
20483.png,frog
20484.png,dog
20485.png,dog
20486.png,deer
20487.png,automobile
20488.png,frog
20489.png,cat
20490.png,horse
20491.png,bird
20492.png,ship
20493.png,ship
20494.png,dog
20495.png,automobile
20496.png,dog
20497.png,cat
20498.png,automobile
20499.png,deer
20500.png,horse
20501.png,ship
20502.png,frog
20503.png,ship
20504.png,frog
20505.png,frog
20506.png,cat
20507.png,frog
20508.png,cat
20509.png,ship
20510.png,ship
20511.png,automobile
20512.png,deer
20513.png,dog
20514.png,automobile
20515.png,frog
20516.png,deer
20517.png,truck
20518.png,truck
20519.png,truck
20520.png,truck
20521.png,cat
20522.png,deer
20523.png,cat
20524.png,airplane
20525.png,cat
20526.png,cat
20527.png,bird
20528.png,frog
20529.png,cat
20530.png,cat
20531.png,ship
20532.png,cat
20533.png,airplane
20534.png,bird
20535.png,cat
20536.png,frog
20537.png,automobile
20538.png,airplane
20539.png,bird
20540.png,airplane
20541.png,ship
20542.png,frog
20543.png,dog
20544.png,deer
20545.png,horse
20546.png,bird
20547.png,automobile
20548.png,bird
20549.png,frog
20550.png,automobile
20551.png,horse
20552.png,bird
20553.png,truck
20554.png,deer
20555.png,automobile
20556.png,airplane
20557.png,bird
20558.png,automobile
20559.png,bird
20560.png,truck
20561.png,bird
20562.png,frog
20563.png,dog
20564.png,bird
20565.png,deer
20566.png,horse
20567.png,airplane
20568.png,horse
20569.png,airplane
20570.png,cat
20571.png,bird
20572.png,cat
20573.png,bird
20574.png,deer
20575.png,airplane
20576.png,deer
20577.png,horse
20578.png,cat
20579.png,truck
20580.png,bird
20581.png,bird
20582.png,horse
20583.png,frog
20584.png,cat
20585.png,airplane
20586.png,deer
20587.png,frog
20588.png,truck
20589.png,deer
20590.png,bird
20591.png,horse
20592.png,cat
20593.png,automobile
20594.png,cat
20595.png,ship
20596.png,automobile
20597.png,ship
20598.png,frog
20599.png,ship
20600.png,truck
20601.png,truck
20602.png,cat
20603.png,airplane
20604.png,dog
20605.png,ship
20606.png,automobile
20607.png,airplane
20608.png,horse
20609.png,deer
20610.png,frog
20611.png,deer
20612.png,airplane
20613.png,ship
20614.png,truck
20615.png,horse
20616.png,dog
20617.png,automobile
20618.png,ship
20619.png,horse
20620.png,automobile
20621.png,ship
20622.png,bird
20623.png,airplane
20624.png,frog
20625.png,cat
20626.png,cat
20627.png,cat
20628.png,dog
20629.png,frog
20630.png,deer
20631.png,cat
20632.png,cat
20633.png,cat
20634.png,bird
20635.png,truck
20636.png,truck
20637.png,truck
20638.png,automobile
20639.png,cat
20640.png,cat
20641.png,deer
20642.png,frog
20643.png,deer
20644.png,automobile
20645.png,dog
20646.png,bird
20647.png,horse
20648.png,dog
20649.png,cat
20650.png,automobile
20651.png,ship
20652.png,bird
20653.png,ship
20654.png,truck
20655.png,deer
20656.png,deer
20657.png,bird
20658.png,truck
20659.png,airplane
20660.png,deer
20661.png,bird
20662.png,automobile
20663.png,ship
20664.png,frog
20665.png,ship
20666.png,truck
20667.png,frog
20668.png,automobile
20669.png,ship
20670.png,dog
20671.png,truck
20672.png,bird
20673.png,dog
20674.png,bird
20675.png,automobile
20676.png,truck
20677.png,truck
20678.png,ship
20679.png,horse
20680.png,truck
20681.png,automobile
20682.png,horse
20683.png,airplane
20684.png,truck
20685.png,dog
20686.png,cat
20687.png,airplane
20688.png,frog
20689.png,dog
20690.png,frog
20691.png,horse
20692.png,cat
20693.png,dog
20694.png,truck
20695.png,airplane
20696.png,bird
20697.png,bird
20698.png,truck
20699.png,deer
20700.png,horse
20701.png,bird
20702.png,horse
20703.png,ship
20704.png,bird
20705.png,cat
20706.png,ship
20707.png,frog
20708.png,horse
20709.png,airplane
20710.png,airplane
20711.png,airplane
20712.png,ship
20713.png,bird
20714.png,truck
20715.png,cat
20716.png,dog
20717.png,ship
20718.png,frog
20719.png,truck
20720.png,ship
20721.png,truck
20722.png,cat
20723.png,airplane
20724.png,airplane
20725.png,bird
20726.png,automobile
20727.png,ship
20728.png,ship
20729.png,ship
20730.png,truck
20731.png,deer
20732.png,automobile
20733.png,dog
20734.png,dog
20735.png,frog
20736.png,truck
20737.png,automobile
20738.png,bird
20739.png,horse
20740.png,ship
20741.png,ship
20742.png,horse
20743.png,automobile
20744.png,airplane
20745.png,horse
20746.png,automobile
20747.png,automobile
20748.png,dog
20749.png,horse
20750.png,ship
20751.png,automobile
20752.png,airplane
20753.png,automobile
20754.png,automobile
20755.png,bird
20756.png,frog
20757.png,ship
20758.png,horse
20759.png,airplane
20760.png,airplane
20761.png,cat
20762.png,automobile
20763.png,ship
20764.png,airplane
20765.png,automobile
20766.png,truck
20767.png,frog
20768.png,frog
20769.png,dog
20770.png,deer
20771.png,cat
20772.png,frog
20773.png,deer
20774.png,horse
20775.png,automobile
20776.png,frog
20777.png,dog
20778.png,automobile
20779.png,deer
20780.png,bird
20781.png,horse
20782.png,automobile
20783.png,deer
20784.png,automobile
20785.png,cat
20786.png,deer
20787.png,ship
20788.png,truck
20789.png,frog
20790.png,frog
20791.png,airplane
20792.png,horse
20793.png,horse
20794.png,bird
20795.png,dog
20796.png,airplane
20797.png,automobile
20798.png,bird
20799.png,deer
20800.png,truck
20801.png,frog
20802.png,dog
20803.png,frog
20804.png,frog
20805.png,truck
20806.png,bird
20807.png,cat
20808.png,dog
20809.png,horse
20810.png,dog
20811.png,deer
20812.png,automobile
20813.png,ship
20814.png,airplane
20815.png,frog
20816.png,deer
20817.png,airplane
20818.png,airplane
20819.png,bird
20820.png,horse
20821.png,cat
20822.png,frog
20823.png,ship
20824.png,deer
20825.png,airplane
20826.png,truck
20827.png,deer
20828.png,truck
20829.png,deer
20830.png,automobile
20831.png,frog
20832.png,airplane
20833.png,deer
20834.png,deer
20835.png,airplane
20836.png,automobile
20837.png,dog
20838.png,dog
20839.png,bird
20840.png,bird
20841.png,automobile
20842.png,ship
20843.png,bird
20844.png,automobile
20845.png,automobile
20846.png,bird
20847.png,horse
20848.png,frog
20849.png,horse
20850.png,cat
20851.png,bird
20852.png,truck
20853.png,airplane
20854.png,frog
20855.png,truck
20856.png,truck
20857.png,automobile
20858.png,automobile
20859.png,automobile
20860.png,bird
20861.png,dog
20862.png,dog
20863.png,airplane
20864.png,ship
20865.png,bird
20866.png,automobile
20867.png,automobile
20868.png,ship
20869.png,cat
20870.png,truck
20871.png,deer
20872.png,deer
20873.png,cat
20874.png,ship
20875.png,automobile
20876.png,ship
20877.png,bird
20878.png,cat
20879.png,frog
20880.png,horse
20881.png,bird
20882.png,frog
20883.png,cat
20884.png,horse
20885.png,horse
20886.png,frog
20887.png,horse
20888.png,frog
20889.png,deer
20890.png,ship
20891.png,deer
20892.png,airplane
20893.png,cat
20894.png,horse
20895.png,truck
20896.png,automobile
20897.png,automobile
20898.png,automobile
20899.png,ship
20900.png,dog
20901.png,horse
20902.png,truck
20903.png,airplane
20904.png,horse
20905.png,deer
20906.png,dog
20907.png,deer
20908.png,automobile
20909.png,bird
20910.png,ship
20911.png,airplane
20912.png,automobile
20913.png,truck
20914.png,ship
20915.png,automobile
20916.png,truck
20917.png,airplane
20918.png,cat
20919.png,cat
20920.png,frog
20921.png,cat
20922.png,frog
20923.png,dog
20924.png,deer
20925.png,airplane
20926.png,truck
20927.png,frog
20928.png,frog
20929.png,airplane
20930.png,cat
20931.png,frog
20932.png,automobile
20933.png,cat
20934.png,automobile
20935.png,frog
20936.png,frog
20937.png,ship
20938.png,automobile
20939.png,dog
20940.png,dog
20941.png,dog
20942.png,bird
20943.png,ship
20944.png,truck
20945.png,truck
20946.png,frog
20947.png,ship
20948.png,truck
20949.png,deer
20950.png,ship
20951.png,frog
20952.png,automobile
20953.png,dog
20954.png,cat
20955.png,ship
20956.png,truck
20957.png,deer
20958.png,bird
20959.png,ship
20960.png,bird
20961.png,horse
20962.png,cat
20963.png,ship
20964.png,cat
20965.png,deer
20966.png,cat
20967.png,deer
20968.png,deer
20969.png,cat
20970.png,airplane
20971.png,automobile
20972.png,horse
20973.png,frog
20974.png,airplane
20975.png,truck
20976.png,frog
20977.png,airplane
20978.png,frog
20979.png,deer
20980.png,horse
20981.png,airplane
20982.png,frog
20983.png,dog
20984.png,airplane
20985.png,ship
20986.png,airplane
20987.png,frog
20988.png,deer
20989.png,automobile
20990.png,horse
20991.png,bird
20992.png,dog
20993.png,horse
20994.png,frog
20995.png,automobile
20996.png,truck
20997.png,bird
20998.png,airplane
20999.png,horse
21000.png,ship
21001.png,airplane
21002.png,horse
21003.png,deer
21004.png,automobile
21005.png,frog
21006.png,ship
21007.png,dog
21008.png,horse
21009.png,truck
21010.png,dog
21011.png,truck
21012.png,dog
21013.png,airplane
21014.png,ship
21015.png,automobile
21016.png,cat
21017.png,deer
21018.png,cat
21019.png,bird
21020.png,frog
21021.png,automobile
21022.png,deer
21023.png,cat
21024.png,airplane
21025.png,frog
21026.png,horse
21027.png,ship
21028.png,automobile
21029.png,ship
21030.png,dog
21031.png,frog
21032.png,bird
21033.png,frog
21034.png,deer
21035.png,bird
21036.png,dog
21037.png,ship
21038.png,frog
21039.png,frog
21040.png,bird
21041.png,bird
21042.png,deer
21043.png,ship
21044.png,airplane
21045.png,airplane
21046.png,truck
21047.png,dog
21048.png,frog
21049.png,deer
21050.png,cat
21051.png,ship
21052.png,horse
21053.png,deer
21054.png,cat
21055.png,airplane
21056.png,cat
21057.png,automobile
21058.png,bird
21059.png,ship
21060.png,dog
21061.png,horse
21062.png,dog
21063.png,dog
21064.png,bird
21065.png,airplane
21066.png,truck
21067.png,deer
21068.png,truck
21069.png,deer
21070.png,horse
21071.png,cat
21072.png,airplane
21073.png,frog
21074.png,automobile
21075.png,airplane
21076.png,dog
21077.png,bird
21078.png,dog
21079.png,deer
21080.png,frog
21081.png,automobile
21082.png,deer
21083.png,horse
21084.png,horse
21085.png,frog
21086.png,cat
21087.png,horse
21088.png,airplane
21089.png,automobile
21090.png,dog
21091.png,bird
21092.png,frog
21093.png,airplane
21094.png,truck
21095.png,automobile
21096.png,airplane
21097.png,horse
21098.png,frog
21099.png,truck
21100.png,bird
21101.png,horse
21102.png,horse
21103.png,bird
21104.png,cat
21105.png,automobile
21106.png,airplane
21107.png,cat
21108.png,horse
21109.png,horse
21110.png,horse
21111.png,truck
21112.png,ship
21113.png,automobile
21114.png,horse
21115.png,truck
21116.png,bird
21117.png,cat
21118.png,deer
21119.png,automobile
21120.png,airplane
21121.png,horse
21122.png,truck
21123.png,cat
21124.png,ship
21125.png,dog
21126.png,frog
21127.png,dog
21128.png,dog
21129.png,dog
21130.png,truck
21131.png,dog
21132.png,bird
21133.png,frog
21134.png,truck
21135.png,ship
21136.png,bird
21137.png,horse
21138.png,automobile
21139.png,truck
21140.png,bird
21141.png,ship
21142.png,automobile
21143.png,automobile
21144.png,airplane
21145.png,airplane
21146.png,bird
21147.png,frog
21148.png,cat
21149.png,dog
21150.png,automobile
21151.png,automobile
21152.png,automobile
21153.png,automobile
21154.png,automobile
21155.png,automobile
21156.png,frog
21157.png,cat
21158.png,ship
21159.png,airplane
21160.png,truck
21161.png,ship
21162.png,deer
21163.png,bird
21164.png,bird
21165.png,ship
21166.png,ship
21167.png,airplane
21168.png,bird
21169.png,bird
21170.png,ship
21171.png,truck
21172.png,deer
21173.png,ship
21174.png,deer
21175.png,cat
21176.png,ship
21177.png,deer
21178.png,frog
21179.png,automobile
21180.png,dog
21181.png,automobile
21182.png,automobile
21183.png,truck
21184.png,frog
21185.png,truck
21186.png,horse
21187.png,dog
21188.png,deer
21189.png,deer
21190.png,bird
21191.png,dog
21192.png,deer
21193.png,frog
21194.png,cat
21195.png,deer
21196.png,airplane
21197.png,automobile
21198.png,deer
21199.png,dog
21200.png,automobile
21201.png,frog
21202.png,deer
21203.png,ship
21204.png,truck
21205.png,airplane
21206.png,bird
21207.png,automobile
21208.png,cat
21209.png,bird
21210.png,truck
21211.png,bird
21212.png,horse
21213.png,truck
21214.png,truck
21215.png,dog
21216.png,automobile
21217.png,frog
21218.png,airplane
21219.png,automobile
21220.png,truck
21221.png,dog
21222.png,truck
21223.png,deer
21224.png,bird
21225.png,bird
21226.png,horse
21227.png,ship
21228.png,airplane
21229.png,frog
21230.png,deer
21231.png,automobile
21232.png,airplane
21233.png,airplane
21234.png,dog
21235.png,automobile
21236.png,dog
21237.png,truck
21238.png,truck
21239.png,automobile
21240.png,cat
21241.png,bird
21242.png,ship
21243.png,truck
21244.png,airplane
21245.png,horse
21246.png,automobile
21247.png,ship
21248.png,bird
21249.png,airplane
21250.png,ship
21251.png,cat
21252.png,deer
21253.png,deer
21254.png,ship
21255.png,deer
21256.png,horse
21257.png,cat
21258.png,ship
21259.png,dog
21260.png,airplane
21261.png,deer
21262.png,dog
21263.png,bird
21264.png,ship
21265.png,frog
21266.png,dog
21267.png,dog
21268.png,ship
21269.png,horse
21270.png,horse
21271.png,automobile
21272.png,dog
21273.png,airplane
21274.png,truck
21275.png,cat
21276.png,airplane
21277.png,horse
21278.png,cat
21279.png,dog
21280.png,dog
21281.png,automobile
21282.png,deer
21283.png,truck
21284.png,automobile
21285.png,bird
21286.png,bird
21287.png,dog
21288.png,cat
21289.png,airplane
21290.png,truck
21291.png,truck
21292.png,truck
21293.png,frog
21294.png,automobile
21295.png,ship
21296.png,ship
21297.png,ship
21298.png,airplane
21299.png,ship
21300.png,cat
21301.png,truck
21302.png,horse
21303.png,horse
21304.png,deer
21305.png,deer
21306.png,airplane
21307.png,airplane
21308.png,deer
21309.png,airplane
21310.png,automobile
21311.png,airplane
21312.png,frog
21313.png,ship
21314.png,frog
21315.png,horse
21316.png,cat
21317.png,bird
21318.png,horse
21319.png,dog
21320.png,ship
21321.png,dog
21322.png,bird
21323.png,airplane
21324.png,deer
21325.png,horse
21326.png,dog
21327.png,cat
21328.png,deer
21329.png,automobile
21330.png,horse
21331.png,truck
21332.png,automobile
21333.png,bird
21334.png,automobile
21335.png,truck
21336.png,horse
21337.png,truck
21338.png,ship
21339.png,airplane
21340.png,ship
21341.png,horse
21342.png,deer
21343.png,ship
21344.png,horse
21345.png,horse
21346.png,airplane
21347.png,deer
21348.png,cat
21349.png,bird
21350.png,frog
21351.png,truck
21352.png,cat
21353.png,dog
21354.png,horse
21355.png,deer
21356.png,truck
21357.png,dog
21358.png,frog
21359.png,frog
21360.png,frog
21361.png,airplane
21362.png,ship
21363.png,frog
21364.png,bird
21365.png,deer
21366.png,bird
21367.png,cat
21368.png,horse
21369.png,cat
21370.png,automobile
21371.png,dog
21372.png,horse
21373.png,truck
21374.png,cat
21375.png,ship
21376.png,truck
21377.png,truck
21378.png,ship
21379.png,horse
21380.png,dog
21381.png,truck
21382.png,horse
21383.png,deer
21384.png,ship
21385.png,automobile
21386.png,deer
21387.png,airplane
21388.png,airplane
21389.png,horse
21390.png,deer
21391.png,truck
21392.png,deer
21393.png,bird
21394.png,airplane
21395.png,horse
21396.png,ship
21397.png,horse
21398.png,automobile
21399.png,automobile
21400.png,bird
21401.png,cat
21402.png,truck
21403.png,cat
21404.png,bird
21405.png,airplane
21406.png,deer
21407.png,truck
21408.png,automobile
21409.png,truck
21410.png,horse
21411.png,horse
21412.png,truck
21413.png,bird
21414.png,airplane
21415.png,ship
21416.png,cat
21417.png,automobile
21418.png,deer
21419.png,automobile
21420.png,deer
21421.png,cat
21422.png,dog
21423.png,automobile
21424.png,automobile
21425.png,frog
21426.png,deer
21427.png,bird
21428.png,ship
21429.png,dog
21430.png,automobile
21431.png,horse
21432.png,ship
21433.png,ship
21434.png,bird
21435.png,ship
21436.png,frog
21437.png,dog
21438.png,automobile
21439.png,frog
21440.png,airplane
21441.png,airplane
21442.png,horse
21443.png,bird
21444.png,ship
21445.png,ship
21446.png,truck
21447.png,bird
21448.png,frog
21449.png,automobile
21450.png,dog
21451.png,dog
21452.png,ship
21453.png,bird
21454.png,deer
21455.png,deer
21456.png,automobile
21457.png,ship
21458.png,ship
21459.png,airplane
21460.png,cat
21461.png,deer
21462.png,truck
21463.png,cat
21464.png,frog
21465.png,ship
21466.png,dog
21467.png,airplane
21468.png,airplane
21469.png,cat
21470.png,airplane
21471.png,truck
21472.png,truck
21473.png,airplane
21474.png,deer
21475.png,automobile
21476.png,frog
21477.png,bird
21478.png,ship
21479.png,truck
21480.png,ship
21481.png,deer
21482.png,frog
21483.png,horse
21484.png,ship
21485.png,ship
21486.png,truck
21487.png,bird
21488.png,bird
21489.png,airplane
21490.png,truck
21491.png,bird
21492.png,bird
21493.png,deer
21494.png,horse
21495.png,dog
21496.png,deer
21497.png,truck
21498.png,frog
21499.png,automobile
21500.png,ship
21501.png,bird
21502.png,cat
21503.png,dog
21504.png,ship
21505.png,bird
21506.png,ship
21507.png,truck
21508.png,truck
21509.png,horse
21510.png,frog
21511.png,cat
21512.png,truck
21513.png,horse
21514.png,bird
21515.png,frog
21516.png,ship
21517.png,truck
21518.png,cat
21519.png,truck
21520.png,truck
21521.png,truck
21522.png,bird
21523.png,airplane
21524.png,truck
21525.png,cat
21526.png,deer
21527.png,bird
21528.png,cat
21529.png,automobile
21530.png,automobile
21531.png,automobile
21532.png,airplane
21533.png,bird
21534.png,airplane
21535.png,dog
21536.png,horse
21537.png,cat
21538.png,truck
21539.png,automobile
21540.png,airplane
21541.png,automobile
21542.png,ship
21543.png,truck
21544.png,dog
21545.png,cat
21546.png,ship
21547.png,ship
21548.png,automobile
21549.png,dog
21550.png,cat
21551.png,bird
21552.png,cat
21553.png,cat
21554.png,horse
21555.png,dog
21556.png,truck
21557.png,dog
21558.png,horse
21559.png,automobile
21560.png,truck
21561.png,frog
21562.png,dog
21563.png,truck
21564.png,automobile
21565.png,airplane
21566.png,ship
21567.png,deer
21568.png,cat
21569.png,ship
21570.png,dog
21571.png,deer
21572.png,truck
21573.png,frog
21574.png,airplane
21575.png,cat
21576.png,truck
21577.png,horse
21578.png,bird
21579.png,cat
21580.png,ship
21581.png,frog
21582.png,frog
21583.png,deer
21584.png,truck
21585.png,truck
21586.png,automobile
21587.png,dog
21588.png,bird
21589.png,frog
21590.png,horse
21591.png,bird
21592.png,bird
21593.png,truck
21594.png,automobile
21595.png,airplane
21596.png,dog
21597.png,ship
21598.png,deer
21599.png,dog
21600.png,horse
21601.png,truck
21602.png,horse
21603.png,airplane
21604.png,deer
21605.png,automobile
21606.png,airplane
21607.png,cat
21608.png,deer
21609.png,ship
21610.png,truck
21611.png,dog
21612.png,ship
21613.png,frog
21614.png,horse
21615.png,truck
21616.png,automobile
21617.png,dog
21618.png,horse
21619.png,truck
21620.png,deer
21621.png,frog
21622.png,frog
21623.png,horse
21624.png,bird
21625.png,automobile
21626.png,cat
21627.png,deer
21628.png,automobile
21629.png,truck
21630.png,deer
21631.png,bird
21632.png,automobile
21633.png,truck
21634.png,airplane
21635.png,airplane
21636.png,ship
21637.png,frog
21638.png,bird
21639.png,ship
21640.png,airplane
21641.png,cat
21642.png,horse
21643.png,deer
21644.png,bird
21645.png,frog
21646.png,truck
21647.png,ship
21648.png,airplane
21649.png,truck
21650.png,deer
21651.png,bird
21652.png,automobile
21653.png,cat
21654.png,automobile
21655.png,bird
21656.png,cat
21657.png,bird
21658.png,horse
21659.png,truck
21660.png,deer
21661.png,horse
21662.png,automobile
21663.png,automobile
21664.png,bird
21665.png,ship
21666.png,ship
21667.png,deer
21668.png,ship
21669.png,bird
21670.png,dog
21671.png,dog
21672.png,ship
21673.png,cat
21674.png,frog
21675.png,airplane
21676.png,automobile
21677.png,deer
21678.png,dog
21679.png,dog
21680.png,ship
21681.png,truck
21682.png,ship
21683.png,dog
21684.png,truck
21685.png,deer
21686.png,automobile
21687.png,cat
21688.png,cat
21689.png,truck
21690.png,dog
21691.png,truck
21692.png,horse
21693.png,horse
21694.png,deer
21695.png,deer
21696.png,horse
21697.png,truck
21698.png,cat
21699.png,frog
21700.png,ship
21701.png,truck
21702.png,bird
21703.png,deer
21704.png,cat
21705.png,frog
21706.png,dog
21707.png,automobile
21708.png,dog
21709.png,deer
21710.png,dog
21711.png,ship
21712.png,bird
21713.png,cat
21714.png,truck
21715.png,truck
21716.png,horse
21717.png,ship
21718.png,frog
21719.png,horse
21720.png,frog
21721.png,automobile
21722.png,airplane
21723.png,frog
21724.png,airplane
21725.png,cat
21726.png,bird
21727.png,dog
21728.png,cat
21729.png,cat
21730.png,truck
21731.png,frog
21732.png,cat
21733.png,airplane
21734.png,deer
21735.png,dog
21736.png,horse
21737.png,cat
21738.png,dog
21739.png,truck
21740.png,cat
21741.png,dog
21742.png,ship
21743.png,horse
21744.png,airplane
21745.png,cat
21746.png,truck
21747.png,bird
21748.png,frog
21749.png,bird
21750.png,cat
21751.png,bird
21752.png,horse
21753.png,automobile
21754.png,deer
21755.png,horse
21756.png,ship
21757.png,frog
21758.png,deer
21759.png,airplane
21760.png,ship
21761.png,airplane
21762.png,airplane
21763.png,ship
21764.png,frog
21765.png,ship
21766.png,bird
21767.png,truck
21768.png,dog
21769.png,deer
21770.png,cat
21771.png,ship
21772.png,deer
21773.png,deer
21774.png,horse
21775.png,airplane
21776.png,truck
21777.png,dog
21778.png,airplane
21779.png,bird
21780.png,deer
21781.png,dog
21782.png,deer
21783.png,airplane
21784.png,cat
21785.png,horse
21786.png,ship
21787.png,truck
21788.png,horse
21789.png,deer
21790.png,deer
21791.png,frog
21792.png,frog
21793.png,dog
21794.png,truck
21795.png,deer
21796.png,automobile
21797.png,automobile
21798.png,dog
21799.png,airplane
21800.png,truck
21801.png,frog
21802.png,truck
21803.png,ship
21804.png,airplane
21805.png,dog
21806.png,bird
21807.png,frog
21808.png,frog
21809.png,automobile
21810.png,dog
21811.png,dog
21812.png,frog
21813.png,ship
21814.png,automobile
21815.png,horse
21816.png,airplane
21817.png,horse
21818.png,truck
21819.png,cat
21820.png,bird
21821.png,horse
21822.png,horse
21823.png,horse
21824.png,ship
21825.png,bird
21826.png,airplane
21827.png,cat
21828.png,cat
21829.png,frog
21830.png,automobile
21831.png,ship
21832.png,frog
21833.png,cat
21834.png,horse
21835.png,dog
21836.png,cat
21837.png,bird
21838.png,truck
21839.png,deer
21840.png,dog
21841.png,ship
21842.png,bird
21843.png,ship
21844.png,horse
21845.png,ship
21846.png,deer
21847.png,frog
21848.png,truck
21849.png,automobile
21850.png,bird
21851.png,automobile
21852.png,cat
21853.png,horse
21854.png,deer
21855.png,truck
21856.png,dog
21857.png,ship
21858.png,horse
21859.png,dog
21860.png,bird
21861.png,bird
21862.png,automobile
21863.png,ship
21864.png,airplane
21865.png,cat
21866.png,airplane
21867.png,truck
21868.png,bird
21869.png,deer
21870.png,airplane
21871.png,automobile
21872.png,automobile
21873.png,frog
21874.png,cat
21875.png,airplane
21876.png,horse
21877.png,horse
21878.png,automobile
21879.png,airplane
21880.png,dog
21881.png,ship
21882.png,airplane
21883.png,cat
21884.png,truck
21885.png,ship
21886.png,bird
21887.png,bird
21888.png,truck
21889.png,automobile
21890.png,dog
21891.png,automobile
21892.png,horse
21893.png,airplane
21894.png,automobile
21895.png,truck
21896.png,truck
21897.png,deer
21898.png,bird
21899.png,cat
21900.png,deer
21901.png,bird
21902.png,ship
21903.png,horse
21904.png,airplane
21905.png,horse
21906.png,ship
21907.png,bird
21908.png,truck
21909.png,frog
21910.png,cat
21911.png,dog
21912.png,dog
21913.png,deer
21914.png,cat
21915.png,cat
21916.png,dog
21917.png,dog
21918.png,frog
21919.png,horse
21920.png,ship
21921.png,dog
21922.png,cat
21923.png,bird
21924.png,truck
21925.png,airplane
21926.png,bird
21927.png,truck
21928.png,horse
21929.png,dog
21930.png,deer
21931.png,airplane
21932.png,ship
21933.png,airplane
21934.png,automobile
21935.png,frog
21936.png,frog
21937.png,ship
21938.png,frog
21939.png,automobile
21940.png,truck
21941.png,bird
21942.png,frog
21943.png,bird
21944.png,ship
21945.png,dog
21946.png,airplane
21947.png,deer
21948.png,automobile
21949.png,cat
21950.png,deer
21951.png,deer
21952.png,deer
21953.png,cat
21954.png,ship
21955.png,truck
21956.png,deer
21957.png,frog
21958.png,dog
21959.png,frog
21960.png,automobile
21961.png,truck
21962.png,dog
21963.png,cat
21964.png,horse
21965.png,airplane
21966.png,frog
21967.png,deer
21968.png,horse
21969.png,truck
21970.png,cat
21971.png,frog
21972.png,automobile
21973.png,ship
21974.png,bird
21975.png,airplane
21976.png,airplane
21977.png,automobile
21978.png,dog
21979.png,deer
21980.png,frog
21981.png,deer
21982.png,bird
21983.png,cat
21984.png,airplane
21985.png,automobile
21986.png,automobile
21987.png,dog
21988.png,bird
21989.png,truck
21990.png,frog
21991.png,cat
21992.png,cat
21993.png,automobile
21994.png,truck
21995.png,horse
21996.png,horse
21997.png,dog
21998.png,airplane
21999.png,ship
22000.png,truck
22001.png,ship
22002.png,automobile
22003.png,frog
22004.png,dog
22005.png,frog
22006.png,deer
22007.png,bird
22008.png,cat
22009.png,cat
22010.png,truck
22011.png,ship
22012.png,cat
22013.png,bird
22014.png,automobile
22015.png,bird
22016.png,horse
22017.png,truck
22018.png,truck
22019.png,deer
22020.png,horse
22021.png,bird
22022.png,dog
22023.png,ship
22024.png,ship
22025.png,truck
22026.png,cat
22027.png,airplane
22028.png,frog
22029.png,cat
22030.png,frog
22031.png,cat
22032.png,horse
22033.png,bird
22034.png,truck
22035.png,airplane
22036.png,bird
22037.png,horse
22038.png,automobile
22039.png,truck
22040.png,frog
22041.png,airplane
22042.png,automobile
22043.png,cat
22044.png,automobile
22045.png,frog
22046.png,bird
22047.png,horse
22048.png,dog
22049.png,automobile
22050.png,cat
22051.png,deer
22052.png,truck
22053.png,horse
22054.png,deer
22055.png,automobile
22056.png,automobile
22057.png,ship
22058.png,deer
22059.png,frog
22060.png,dog
22061.png,automobile
22062.png,dog
22063.png,airplane
22064.png,automobile
22065.png,ship
22066.png,frog
22067.png,frog
22068.png,automobile
22069.png,frog
22070.png,horse
22071.png,automobile
22072.png,cat
22073.png,automobile
22074.png,dog
22075.png,bird
22076.png,truck
22077.png,horse
22078.png,truck
22079.png,horse
22080.png,dog
22081.png,airplane
22082.png,frog
22083.png,frog
22084.png,dog
22085.png,airplane
22086.png,frog
22087.png,dog
22088.png,frog
22089.png,automobile
22090.png,automobile
22091.png,automobile
22092.png,truck
22093.png,frog
22094.png,automobile
22095.png,ship
22096.png,truck
22097.png,ship
22098.png,horse
22099.png,deer
22100.png,dog
22101.png,frog
22102.png,frog
22103.png,truck
22104.png,dog
22105.png,bird
22106.png,cat
22107.png,horse
22108.png,bird
22109.png,automobile
22110.png,airplane
22111.png,cat
22112.png,automobile
22113.png,airplane
22114.png,frog
22115.png,bird
22116.png,horse
22117.png,horse
22118.png,truck
22119.png,airplane
22120.png,dog
22121.png,horse
22122.png,horse
22123.png,bird
22124.png,airplane
22125.png,deer
22126.png,cat
22127.png,horse
22128.png,truck
22129.png,horse
22130.png,airplane
22131.png,horse
22132.png,dog
22133.png,ship
22134.png,deer
22135.png,truck
22136.png,cat
22137.png,horse
22138.png,deer
22139.png,horse
22140.png,deer
22141.png,truck
22142.png,ship
22143.png,airplane
22144.png,cat
22145.png,deer
22146.png,automobile
22147.png,airplane
22148.png,ship
22149.png,deer
22150.png,deer
22151.png,truck
22152.png,automobile
22153.png,truck
22154.png,deer
22155.png,automobile
22156.png,bird
22157.png,truck
22158.png,frog
22159.png,dog
22160.png,airplane
22161.png,truck
22162.png,cat
22163.png,truck
22164.png,automobile
22165.png,airplane
22166.png,automobile
22167.png,truck
22168.png,airplane
22169.png,bird
22170.png,horse
22171.png,bird
22172.png,cat
22173.png,ship
22174.png,deer
22175.png,dog
22176.png,automobile
22177.png,frog
22178.png,ship
22179.png,airplane
22180.png,horse
22181.png,horse
22182.png,truck
22183.png,truck
22184.png,deer
22185.png,dog
22186.png,deer
22187.png,truck
22188.png,truck
22189.png,dog
22190.png,airplane
22191.png,airplane
22192.png,frog
22193.png,deer
22194.png,cat
22195.png,airplane
22196.png,deer
22197.png,truck
22198.png,truck
22199.png,horse
22200.png,truck
22201.png,airplane
22202.png,horse
22203.png,deer
22204.png,deer
22205.png,horse
22206.png,deer
22207.png,truck
22208.png,horse
22209.png,truck
22210.png,cat
22211.png,deer
22212.png,bird
22213.png,automobile
22214.png,deer
22215.png,ship
22216.png,bird
22217.png,cat
22218.png,automobile
22219.png,ship
22220.png,horse
22221.png,truck
22222.png,automobile
22223.png,horse
22224.png,cat
22225.png,dog
22226.png,dog
22227.png,cat
22228.png,automobile
22229.png,bird
22230.png,dog
22231.png,deer
22232.png,cat
22233.png,dog
22234.png,truck
22235.png,ship
22236.png,dog
22237.png,frog
22238.png,frog
22239.png,airplane
22240.png,cat
22241.png,truck
22242.png,deer
22243.png,frog
22244.png,deer
22245.png,cat
22246.png,cat
22247.png,deer
22248.png,deer
22249.png,bird
22250.png,airplane
22251.png,bird
22252.png,cat
22253.png,truck
22254.png,cat
22255.png,airplane
22256.png,ship
22257.png,frog
22258.png,airplane
22259.png,airplane
22260.png,deer
22261.png,frog
22262.png,automobile
22263.png,ship
22264.png,frog
22265.png,airplane
22266.png,automobile
22267.png,frog
22268.png,horse
22269.png,ship
22270.png,automobile
22271.png,automobile
22272.png,airplane
22273.png,horse
22274.png,cat
22275.png,deer
22276.png,bird
22277.png,airplane
22278.png,frog
22279.png,cat
22280.png,bird
22281.png,bird
22282.png,bird
22283.png,frog
22284.png,frog
22285.png,deer
22286.png,truck
22287.png,airplane
22288.png,bird
22289.png,deer
22290.png,dog
22291.png,frog
22292.png,horse
22293.png,automobile
22294.png,airplane
22295.png,cat
22296.png,frog
22297.png,truck
22298.png,bird
22299.png,automobile
22300.png,airplane
22301.png,ship
22302.png,dog
22303.png,cat
22304.png,automobile
22305.png,airplane
22306.png,dog
22307.png,automobile
22308.png,bird
22309.png,airplane
22310.png,horse
22311.png,bird
22312.png,truck
22313.png,horse
22314.png,bird
22315.png,automobile
22316.png,truck
22317.png,automobile
22318.png,airplane
22319.png,deer
22320.png,horse
22321.png,airplane
22322.png,dog
22323.png,bird
22324.png,horse
22325.png,horse
22326.png,horse
22327.png,airplane
22328.png,horse
22329.png,frog
22330.png,airplane
22331.png,truck
22332.png,bird
22333.png,frog
22334.png,truck
22335.png,automobile
22336.png,automobile
22337.png,dog
22338.png,frog
22339.png,dog
22340.png,frog
22341.png,ship
22342.png,horse
22343.png,dog
22344.png,deer
22345.png,horse
22346.png,frog
22347.png,truck
22348.png,frog
22349.png,truck
22350.png,automobile
22351.png,airplane
22352.png,frog
22353.png,deer
22354.png,frog
22355.png,frog
22356.png,dog
22357.png,frog
22358.png,dog
22359.png,automobile
22360.png,horse
22361.png,deer
22362.png,deer
22363.png,frog
22364.png,frog
22365.png,cat
22366.png,automobile
22367.png,truck
22368.png,truck
22369.png,cat
22370.png,deer
22371.png,airplane
22372.png,deer
22373.png,automobile
22374.png,bird
22375.png,ship
22376.png,bird
22377.png,bird
22378.png,cat
22379.png,deer
22380.png,automobile
22381.png,horse
22382.png,horse
22383.png,automobile
22384.png,airplane
22385.png,frog
22386.png,deer
22387.png,deer
22388.png,dog
22389.png,automobile
22390.png,frog
22391.png,dog
22392.png,deer
22393.png,dog
22394.png,frog
22395.png,automobile
22396.png,automobile
22397.png,automobile
22398.png,bird
22399.png,horse
22400.png,automobile
22401.png,ship
22402.png,ship
22403.png,cat
22404.png,horse
22405.png,frog
22406.png,horse
22407.png,cat
22408.png,dog
22409.png,airplane
22410.png,ship
22411.png,airplane
22412.png,cat
22413.png,dog
22414.png,cat
22415.png,horse
22416.png,truck
22417.png,dog
22418.png,deer
22419.png,airplane
22420.png,automobile
22421.png,cat
22422.png,automobile
22423.png,automobile
22424.png,dog
22425.png,dog
22426.png,cat
22427.png,ship
22428.png,dog
22429.png,frog
22430.png,horse
22431.png,dog
22432.png,deer
22433.png,bird
22434.png,truck
22435.png,dog
22436.png,airplane
22437.png,dog
22438.png,automobile
22439.png,deer
22440.png,frog
22441.png,ship
22442.png,bird
22443.png,truck
22444.png,deer
22445.png,horse
22446.png,dog
22447.png,bird
22448.png,truck
22449.png,bird
22450.png,airplane
22451.png,automobile
22452.png,automobile
22453.png,truck
22454.png,cat
22455.png,horse
22456.png,ship
22457.png,cat
22458.png,horse
22459.png,airplane
22460.png,bird
22461.png,cat
22462.png,deer
22463.png,ship
22464.png,cat
22465.png,truck
22466.png,ship
22467.png,truck
22468.png,cat
22469.png,deer
22470.png,dog
22471.png,dog
22472.png,ship
22473.png,automobile
22474.png,dog
22475.png,automobile
22476.png,truck
22477.png,frog
22478.png,ship
22479.png,dog
22480.png,automobile
22481.png,deer
22482.png,cat
22483.png,truck
22484.png,dog
22485.png,cat
22486.png,horse
22487.png,bird
22488.png,dog
22489.png,frog
22490.png,cat
22491.png,automobile
22492.png,deer
22493.png,ship
22494.png,dog
22495.png,truck
22496.png,bird
22497.png,ship
22498.png,truck
22499.png,deer
22500.png,automobile
22501.png,automobile
22502.png,horse
22503.png,frog
22504.png,automobile
22505.png,ship
22506.png,cat
22507.png,airplane
22508.png,cat
22509.png,bird
22510.png,deer
22511.png,bird
22512.png,bird
22513.png,cat
22514.png,deer
22515.png,ship
22516.png,bird
22517.png,automobile
22518.png,cat
22519.png,ship
22520.png,deer
22521.png,horse
22522.png,airplane
22523.png,automobile
22524.png,cat
22525.png,ship
22526.png,frog
22527.png,horse
22528.png,horse
22529.png,frog
22530.png,automobile
22531.png,frog
22532.png,ship
22533.png,automobile
22534.png,automobile
22535.png,frog
22536.png,bird
22537.png,deer
22538.png,ship
22539.png,truck
22540.png,bird
22541.png,airplane
22542.png,horse
22543.png,cat
22544.png,truck
22545.png,deer
22546.png,automobile
22547.png,deer
22548.png,dog
22549.png,cat
22550.png,cat
22551.png,frog
22552.png,ship
22553.png,automobile
22554.png,automobile
22555.png,horse
22556.png,cat
22557.png,truck
22558.png,airplane
22559.png,dog
22560.png,frog
22561.png,cat
22562.png,bird
22563.png,cat
22564.png,bird
22565.png,automobile
22566.png,cat
22567.png,horse
22568.png,frog
22569.png,cat
22570.png,horse
22571.png,bird
22572.png,bird
22573.png,frog
22574.png,truck
22575.png,horse
22576.png,deer
22577.png,ship
22578.png,cat
22579.png,ship
22580.png,airplane
22581.png,deer
22582.png,ship
22583.png,deer
22584.png,ship
22585.png,ship
22586.png,horse
22587.png,automobile
22588.png,bird
22589.png,airplane
22590.png,ship
22591.png,dog
22592.png,bird
22593.png,horse
22594.png,cat
22595.png,bird
22596.png,horse
22597.png,automobile
22598.png,ship
22599.png,truck
22600.png,horse
22601.png,ship
22602.png,horse
22603.png,bird
22604.png,bird
22605.png,airplane
22606.png,truck
22607.png,deer
22608.png,automobile
22609.png,airplane
22610.png,airplane
22611.png,frog
22612.png,cat
22613.png,horse
22614.png,dog
22615.png,truck
22616.png,horse
22617.png,ship
22618.png,deer
22619.png,bird
22620.png,deer
22621.png,cat
22622.png,deer
22623.png,airplane
22624.png,truck
22625.png,horse
22626.png,horse
22627.png,horse
22628.png,automobile
22629.png,airplane
22630.png,truck
22631.png,dog
22632.png,frog
22633.png,dog
22634.png,truck
22635.png,cat
22636.png,ship
22637.png,automobile
22638.png,truck
22639.png,cat
22640.png,bird
22641.png,frog
22642.png,airplane
22643.png,deer
22644.png,truck
22645.png,ship
22646.png,airplane
22647.png,deer
22648.png,horse
22649.png,airplane
22650.png,ship
22651.png,dog
22652.png,truck
22653.png,truck
22654.png,horse
22655.png,frog
22656.png,horse
22657.png,automobile
22658.png,dog
22659.png,automobile
22660.png,automobile
22661.png,cat
22662.png,ship
22663.png,cat
22664.png,truck
22665.png,cat
22666.png,airplane
22667.png,dog
22668.png,bird
22669.png,ship
22670.png,horse
22671.png,frog
22672.png,dog
22673.png,bird
22674.png,deer
22675.png,airplane
22676.png,automobile
22677.png,bird
22678.png,deer
22679.png,horse
22680.png,dog
22681.png,airplane
22682.png,dog
22683.png,ship
22684.png,deer
22685.png,airplane
22686.png,truck
22687.png,frog
22688.png,horse
22689.png,airplane
22690.png,automobile
22691.png,airplane
22692.png,bird
22693.png,airplane
22694.png,airplane
22695.png,truck
22696.png,cat
22697.png,ship
22698.png,automobile
22699.png,deer
22700.png,airplane
22701.png,cat
22702.png,cat
22703.png,bird
22704.png,horse
22705.png,horse
22706.png,ship
22707.png,horse
22708.png,dog
22709.png,bird
22710.png,frog
22711.png,automobile
22712.png,deer
22713.png,ship
22714.png,airplane
22715.png,ship
22716.png,dog
22717.png,airplane
22718.png,deer
22719.png,truck
22720.png,truck
22721.png,deer
22722.png,frog
22723.png,dog
22724.png,horse
22725.png,airplane
22726.png,horse
22727.png,bird
22728.png,deer
22729.png,bird
22730.png,bird
22731.png,horse
22732.png,dog
22733.png,bird
22734.png,bird
22735.png,bird
22736.png,frog
22737.png,ship
22738.png,dog
22739.png,bird
22740.png,horse
22741.png,deer
22742.png,horse
22743.png,dog
22744.png,deer
22745.png,deer
22746.png,automobile
22747.png,frog
22748.png,automobile
22749.png,cat
22750.png,deer
22751.png,deer
22752.png,ship
22753.png,frog
22754.png,truck
22755.png,automobile
22756.png,bird
22757.png,truck
22758.png,dog
22759.png,ship
22760.png,cat
22761.png,ship
22762.png,cat
22763.png,automobile
22764.png,automobile
22765.png,frog
22766.png,deer
22767.png,dog
22768.png,frog
22769.png,cat
22770.png,airplane
22771.png,bird
22772.png,dog
22773.png,horse
22774.png,airplane
22775.png,ship
22776.png,dog
22777.png,ship
22778.png,airplane
22779.png,cat
22780.png,dog
22781.png,bird
22782.png,bird
22783.png,horse
22784.png,deer
22785.png,ship
22786.png,frog
22787.png,frog
22788.png,frog
22789.png,automobile
22790.png,horse
22791.png,automobile
22792.png,ship
22793.png,horse
22794.png,cat
22795.png,cat
22796.png,frog
22797.png,airplane
22798.png,bird
22799.png,deer
22800.png,airplane
22801.png,airplane
22802.png,frog
22803.png,truck
22804.png,bird
22805.png,frog
22806.png,truck
22807.png,horse
22808.png,truck
22809.png,bird
22810.png,cat
22811.png,bird
22812.png,ship
22813.png,horse
22814.png,ship
22815.png,dog
22816.png,truck
22817.png,automobile
22818.png,automobile
22819.png,automobile
22820.png,dog
22821.png,deer
22822.png,horse
22823.png,automobile
22824.png,deer
22825.png,automobile
22826.png,deer
22827.png,cat
22828.png,ship
22829.png,frog
22830.png,automobile
22831.png,dog
22832.png,bird
22833.png,cat
22834.png,automobile
22835.png,dog
22836.png,bird
22837.png,frog
22838.png,deer
22839.png,deer
22840.png,frog
22841.png,dog
22842.png,bird
22843.png,cat
22844.png,bird
22845.png,airplane
22846.png,bird
22847.png,horse
22848.png,airplane
22849.png,dog
22850.png,ship
22851.png,cat
22852.png,cat
22853.png,horse
22854.png,dog
22855.png,horse
22856.png,cat
22857.png,truck
22858.png,deer
22859.png,airplane
22860.png,automobile
22861.png,frog
22862.png,cat
22863.png,ship
22864.png,frog
22865.png,bird
22866.png,cat
22867.png,cat
22868.png,automobile
22869.png,cat
22870.png,bird
22871.png,dog
22872.png,horse
22873.png,frog
22874.png,airplane
22875.png,bird
22876.png,airplane
22877.png,dog
22878.png,bird
22879.png,frog
22880.png,dog
22881.png,truck
22882.png,airplane
22883.png,automobile
22884.png,horse
22885.png,automobile
22886.png,frog
22887.png,deer
22888.png,horse
22889.png,ship
22890.png,frog
22891.png,dog
22892.png,cat
22893.png,horse
22894.png,dog
22895.png,horse
22896.png,dog
22897.png,horse
22898.png,bird
22899.png,truck
22900.png,automobile
22901.png,automobile
22902.png,horse
22903.png,deer
22904.png,bird
22905.png,airplane
22906.png,cat
22907.png,automobile
22908.png,airplane
22909.png,dog
22910.png,frog
22911.png,frog
22912.png,dog
22913.png,dog
22914.png,cat
22915.png,cat
22916.png,truck
22917.png,cat
22918.png,truck
22919.png,truck
22920.png,cat
22921.png,ship
22922.png,truck
22923.png,cat
22924.png,cat
22925.png,airplane
22926.png,truck
22927.png,frog
22928.png,horse
22929.png,horse
22930.png,cat
22931.png,automobile
22932.png,bird
22933.png,dog
22934.png,cat
22935.png,horse
22936.png,truck
22937.png,automobile
22938.png,dog
22939.png,automobile
22940.png,airplane
22941.png,frog
22942.png,dog
22943.png,horse
22944.png,automobile
22945.png,deer
22946.png,ship
22947.png,deer
22948.png,frog
22949.png,ship
22950.png,deer
22951.png,truck
22952.png,airplane
22953.png,automobile
22954.png,bird
22955.png,ship
22956.png,horse
22957.png,truck
22958.png,automobile
22959.png,horse
22960.png,truck
22961.png,bird
22962.png,dog
22963.png,airplane
22964.png,deer
22965.png,deer
22966.png,horse
22967.png,bird
22968.png,airplane
22969.png,frog
22970.png,deer
22971.png,airplane
22972.png,deer
22973.png,deer
22974.png,airplane
22975.png,bird
22976.png,automobile
22977.png,ship
22978.png,bird
22979.png,dog
22980.png,cat
22981.png,horse
22982.png,deer
22983.png,automobile
22984.png,automobile
22985.png,automobile
22986.png,deer
22987.png,frog
22988.png,bird
22989.png,bird
22990.png,truck
22991.png,deer
22992.png,airplane
22993.png,ship
22994.png,airplane
22995.png,cat
22996.png,truck
22997.png,deer
22998.png,airplane
22999.png,automobile
23000.png,dog
23001.png,horse
23002.png,truck
23003.png,airplane
23004.png,bird
23005.png,airplane
23006.png,frog
23007.png,automobile
23008.png,dog
23009.png,frog
23010.png,truck
23011.png,airplane
23012.png,ship
23013.png,automobile
23014.png,deer
23015.png,bird
23016.png,automobile
23017.png,airplane
23018.png,deer
23019.png,cat
23020.png,truck
23021.png,automobile
23022.png,airplane
23023.png,deer
23024.png,truck
23025.png,airplane
23026.png,frog
23027.png,frog
23028.png,cat
23029.png,truck
23030.png,deer
23031.png,frog
23032.png,ship
23033.png,automobile
23034.png,cat
23035.png,horse
23036.png,airplane
23037.png,frog
23038.png,horse
23039.png,bird
23040.png,dog
23041.png,frog
23042.png,bird
23043.png,dog
23044.png,airplane
23045.png,dog
23046.png,ship
23047.png,dog
23048.png,truck
23049.png,cat
23050.png,ship
23051.png,frog
23052.png,frog
23053.png,automobile
23054.png,horse
23055.png,frog
23056.png,dog
23057.png,airplane
23058.png,deer
23059.png,automobile
23060.png,dog
23061.png,automobile
23062.png,airplane
23063.png,bird
23064.png,cat
23065.png,bird
23066.png,cat
23067.png,frog
23068.png,dog
23069.png,cat
23070.png,bird
23071.png,bird
23072.png,deer
23073.png,deer
23074.png,ship
23075.png,bird
23076.png,truck
23077.png,deer
23078.png,airplane
23079.png,deer
23080.png,airplane
23081.png,ship
23082.png,ship
23083.png,frog
23084.png,cat
23085.png,frog
23086.png,ship
23087.png,frog
23088.png,frog
23089.png,automobile
23090.png,truck
23091.png,dog
23092.png,truck
23093.png,dog
23094.png,dog
23095.png,cat
23096.png,bird
23097.png,airplane
23098.png,frog
23099.png,horse
23100.png,airplane
23101.png,automobile
23102.png,frog
23103.png,bird
23104.png,truck
23105.png,cat
23106.png,frog
23107.png,airplane
23108.png,automobile
23109.png,frog
23110.png,ship
23111.png,ship
23112.png,truck
23113.png,cat
23114.png,airplane
23115.png,cat
23116.png,truck
23117.png,automobile
23118.png,ship
23119.png,bird
23120.png,dog
23121.png,cat
23122.png,dog
23123.png,cat
23124.png,bird
23125.png,horse
23126.png,ship
23127.png,airplane
23128.png,automobile
23129.png,bird
23130.png,truck
23131.png,frog
23132.png,horse
23133.png,horse
23134.png,deer
23135.png,deer
23136.png,frog
23137.png,cat
23138.png,truck
23139.png,bird
23140.png,automobile
23141.png,horse
23142.png,truck
23143.png,automobile
23144.png,frog
23145.png,frog
23146.png,cat
23147.png,dog
23148.png,bird
23149.png,ship
23150.png,ship
23151.png,dog
23152.png,automobile
23153.png,frog
23154.png,ship
23155.png,frog
23156.png,airplane
23157.png,automobile
23158.png,airplane
23159.png,bird
23160.png,bird
23161.png,automobile
23162.png,deer
23163.png,dog
23164.png,airplane
23165.png,automobile
23166.png,bird
23167.png,truck
23168.png,horse
23169.png,cat
23170.png,truck
23171.png,horse
23172.png,airplane
23173.png,ship
23174.png,dog
23175.png,dog
23176.png,airplane
23177.png,dog
23178.png,ship
23179.png,horse
23180.png,deer
23181.png,frog
23182.png,bird
23183.png,airplane
23184.png,ship
23185.png,dog
23186.png,dog
23187.png,horse
23188.png,deer
23189.png,bird
23190.png,cat
23191.png,automobile
23192.png,deer
23193.png,automobile
23194.png,frog
23195.png,airplane
23196.png,automobile
23197.png,horse
23198.png,cat
23199.png,automobile
23200.png,ship
23201.png,deer
23202.png,ship
23203.png,cat
23204.png,automobile
23205.png,horse
23206.png,ship
23207.png,dog
23208.png,dog
23209.png,frog
23210.png,bird
23211.png,automobile
23212.png,deer
23213.png,horse
23214.png,automobile
23215.png,ship
23216.png,ship
23217.png,frog
23218.png,bird
23219.png,cat
23220.png,ship
23221.png,automobile
23222.png,airplane
23223.png,bird
23224.png,deer
23225.png,airplane
23226.png,truck
23227.png,horse
23228.png,dog
23229.png,cat
23230.png,truck
23231.png,frog
23232.png,deer
23233.png,automobile
23234.png,dog
23235.png,dog
23236.png,cat
23237.png,horse
23238.png,bird
23239.png,dog
23240.png,cat
23241.png,airplane
23242.png,bird
23243.png,truck
23244.png,truck
23245.png,frog
23246.png,airplane
23247.png,horse
23248.png,deer
23249.png,automobile
23250.png,dog
23251.png,cat
23252.png,frog
23253.png,deer
23254.png,cat
23255.png,airplane
23256.png,deer
23257.png,cat
23258.png,frog
23259.png,ship
23260.png,horse
23261.png,automobile
23262.png,cat
23263.png,horse
23264.png,automobile
23265.png,bird
23266.png,horse
23267.png,cat
23268.png,ship
23269.png,dog
23270.png,frog
23271.png,cat
23272.png,truck
23273.png,ship
23274.png,dog
23275.png,truck
23276.png,automobile
23277.png,deer
23278.png,automobile
23279.png,cat
23280.png,deer
23281.png,automobile
23282.png,ship
23283.png,ship
23284.png,bird
23285.png,truck
23286.png,dog
23287.png,cat
23288.png,truck
23289.png,bird
23290.png,bird
23291.png,horse
23292.png,truck
23293.png,horse
23294.png,bird
23295.png,ship
23296.png,cat
23297.png,horse
23298.png,airplane
23299.png,horse
23300.png,truck
23301.png,automobile
23302.png,ship
23303.png,truck
23304.png,truck
23305.png,horse
23306.png,truck
23307.png,cat
23308.png,ship
23309.png,horse
23310.png,deer
23311.png,horse
23312.png,automobile
23313.png,ship
23314.png,automobile
23315.png,cat
23316.png,bird
23317.png,dog
23318.png,automobile
23319.png,dog
23320.png,ship
23321.png,airplane
23322.png,ship
23323.png,cat
23324.png,frog
23325.png,frog
23326.png,truck
23327.png,cat
23328.png,deer
23329.png,frog
23330.png,deer
23331.png,horse
23332.png,horse
23333.png,automobile
23334.png,truck
23335.png,deer
23336.png,dog
23337.png,truck
23338.png,deer
23339.png,automobile
23340.png,frog
23341.png,bird
23342.png,truck
23343.png,ship
23344.png,bird
23345.png,horse
23346.png,automobile
23347.png,bird
23348.png,bird
23349.png,cat
23350.png,dog
23351.png,deer
23352.png,ship
23353.png,airplane
23354.png,cat
23355.png,deer
23356.png,ship
23357.png,horse
23358.png,automobile
23359.png,truck
23360.png,truck
23361.png,dog
23362.png,automobile
23363.png,deer
23364.png,frog
23365.png,horse
23366.png,cat
23367.png,frog
23368.png,deer
23369.png,truck
23370.png,dog
23371.png,frog
23372.png,airplane
23373.png,cat
23374.png,frog
23375.png,ship
23376.png,frog
23377.png,cat
23378.png,airplane
23379.png,cat
23380.png,automobile
23381.png,cat
23382.png,horse
23383.png,cat
23384.png,truck
23385.png,ship
23386.png,dog
23387.png,airplane
23388.png,frog
23389.png,bird
23390.png,cat
23391.png,frog
23392.png,automobile
23393.png,dog
23394.png,deer
23395.png,deer
23396.png,bird
23397.png,automobile
23398.png,truck
23399.png,airplane
23400.png,ship
23401.png,truck
23402.png,cat
23403.png,horse
23404.png,truck
23405.png,dog
23406.png,ship
23407.png,frog
23408.png,automobile
23409.png,ship
23410.png,cat
23411.png,truck
23412.png,frog
23413.png,frog
23414.png,frog
23415.png,bird
23416.png,horse
23417.png,bird
23418.png,cat
23419.png,frog
23420.png,airplane
23421.png,deer
23422.png,deer
23423.png,truck
23424.png,automobile
23425.png,deer
23426.png,automobile
23427.png,truck
23428.png,truck
23429.png,automobile
23430.png,truck
23431.png,cat
23432.png,automobile
23433.png,dog
23434.png,truck
23435.png,ship
23436.png,horse
23437.png,ship
23438.png,dog
23439.png,ship
23440.png,automobile
23441.png,ship
23442.png,bird
23443.png,bird
23444.png,cat
23445.png,truck
23446.png,deer
23447.png,airplane
23448.png,deer
23449.png,dog
23450.png,airplane
23451.png,bird
23452.png,frog
23453.png,bird
23454.png,bird
23455.png,ship
23456.png,deer
23457.png,horse
23458.png,dog
23459.png,frog
23460.png,dog
23461.png,deer
23462.png,cat
23463.png,airplane
23464.png,automobile
23465.png,truck
23466.png,cat
23467.png,ship
23468.png,truck
23469.png,deer
23470.png,frog
23471.png,frog
23472.png,truck
23473.png,ship
23474.png,deer
23475.png,deer
23476.png,cat
23477.png,deer
23478.png,automobile
23479.png,airplane
23480.png,frog
23481.png,ship
23482.png,airplane
23483.png,dog
23484.png,cat
23485.png,horse
23486.png,airplane
23487.png,horse
23488.png,truck
23489.png,dog
23490.png,automobile
23491.png,horse
23492.png,airplane
23493.png,bird
23494.png,bird
23495.png,dog
23496.png,bird
23497.png,bird
23498.png,ship
23499.png,cat
23500.png,frog
23501.png,automobile
23502.png,horse
23503.png,frog
23504.png,dog
23505.png,automobile
23506.png,horse
23507.png,horse
23508.png,airplane
23509.png,bird
23510.png,ship
23511.png,dog
23512.png,deer
23513.png,deer
23514.png,ship
23515.png,automobile
23516.png,dog
23517.png,frog
23518.png,frog
23519.png,dog
23520.png,bird
23521.png,frog
23522.png,frog
23523.png,airplane
23524.png,dog
23525.png,automobile
23526.png,deer
23527.png,cat
23528.png,frog
23529.png,airplane
23530.png,automobile
23531.png,bird
23532.png,truck
23533.png,deer
23534.png,automobile
23535.png,ship
23536.png,ship
23537.png,cat
23538.png,bird
23539.png,ship
23540.png,frog
23541.png,ship
23542.png,cat
23543.png,frog
23544.png,horse
23545.png,dog
23546.png,deer
23547.png,automobile
23548.png,horse
23549.png,automobile
23550.png,frog
23551.png,truck
23552.png,truck
23553.png,bird
23554.png,cat
23555.png,dog
23556.png,truck
23557.png,dog
23558.png,dog
23559.png,bird
23560.png,bird
23561.png,ship
23562.png,horse
23563.png,truck
23564.png,frog
23565.png,automobile
23566.png,ship
23567.png,airplane
23568.png,ship
23569.png,ship
23570.png,truck
23571.png,frog
23572.png,horse
23573.png,ship
23574.png,ship
23575.png,deer
23576.png,truck
23577.png,horse
23578.png,horse
23579.png,automobile
23580.png,frog
23581.png,truck
23582.png,airplane
23583.png,frog
23584.png,ship
23585.png,cat
23586.png,horse
23587.png,bird
23588.png,dog
23589.png,bird
23590.png,cat
23591.png,cat
23592.png,deer
23593.png,frog
23594.png,frog
23595.png,cat
23596.png,ship
23597.png,frog
23598.png,bird
23599.png,automobile
23600.png,horse
23601.png,horse
23602.png,automobile
23603.png,airplane
23604.png,deer
23605.png,deer
23606.png,frog
23607.png,frog
23608.png,automobile
23609.png,truck
23610.png,horse
23611.png,airplane
23612.png,deer
23613.png,horse
23614.png,truck
23615.png,dog
23616.png,truck
23617.png,frog
23618.png,ship
23619.png,frog
23620.png,dog
23621.png,horse
23622.png,horse
23623.png,cat
23624.png,dog
23625.png,truck
23626.png,ship
23627.png,horse
23628.png,horse
23629.png,frog
23630.png,airplane
23631.png,frog
23632.png,ship
23633.png,bird
23634.png,truck
23635.png,deer
23636.png,automobile
23637.png,bird
23638.png,deer
23639.png,deer
23640.png,dog
23641.png,ship
23642.png,dog
23643.png,bird
23644.png,horse
23645.png,airplane
23646.png,truck
23647.png,automobile
23648.png,truck
23649.png,automobile
23650.png,horse
23651.png,bird
23652.png,truck
23653.png,airplane
23654.png,bird
23655.png,deer
23656.png,deer
23657.png,bird
23658.png,truck
23659.png,cat
23660.png,airplane
23661.png,airplane
23662.png,dog
23663.png,automobile
23664.png,dog
23665.png,truck
23666.png,dog
23667.png,ship
23668.png,airplane
23669.png,dog
23670.png,ship
23671.png,bird
23672.png,deer
23673.png,ship
23674.png,bird
23675.png,airplane
23676.png,horse
23677.png,horse
23678.png,bird
23679.png,frog
23680.png,truck
23681.png,frog
23682.png,ship
23683.png,horse
23684.png,frog
23685.png,airplane
23686.png,automobile
23687.png,frog
23688.png,truck
23689.png,cat
23690.png,dog
23691.png,cat
23692.png,frog
23693.png,bird
23694.png,ship
23695.png,dog
23696.png,cat
23697.png,bird
23698.png,frog
23699.png,frog
23700.png,horse
23701.png,cat
23702.png,truck
23703.png,cat
23704.png,automobile
23705.png,frog
23706.png,bird
23707.png,frog
23708.png,ship
23709.png,frog
23710.png,automobile
23711.png,horse
23712.png,automobile
23713.png,dog
23714.png,truck
23715.png,automobile
23716.png,cat
23717.png,bird
23718.png,truck
23719.png,horse
23720.png,bird
23721.png,truck
23722.png,dog
23723.png,truck
23724.png,ship
23725.png,dog
23726.png,ship
23727.png,truck
23728.png,horse
23729.png,ship
23730.png,deer
23731.png,truck
23732.png,ship
23733.png,airplane
23734.png,dog
23735.png,frog
23736.png,cat
23737.png,ship
23738.png,deer
23739.png,airplane
23740.png,deer
23741.png,ship
23742.png,dog
23743.png,bird
23744.png,deer
23745.png,horse
23746.png,frog
23747.png,airplane
23748.png,frog
23749.png,deer
23750.png,truck
23751.png,horse
23752.png,truck
23753.png,automobile
23754.png,horse
23755.png,airplane
23756.png,deer
23757.png,dog
23758.png,ship
23759.png,truck
23760.png,truck
23761.png,frog
23762.png,cat
23763.png,frog
23764.png,cat
23765.png,frog
23766.png,ship
23767.png,ship
23768.png,airplane
23769.png,automobile
23770.png,dog
23771.png,truck
23772.png,frog
23773.png,cat
23774.png,horse
23775.png,dog
23776.png,bird
23777.png,airplane
23778.png,dog
23779.png,horse
23780.png,deer
23781.png,frog
23782.png,airplane
23783.png,dog
23784.png,truck
23785.png,horse
23786.png,horse
23787.png,airplane
23788.png,frog
23789.png,bird
23790.png,automobile
23791.png,deer
23792.png,airplane
23793.png,deer
23794.png,ship
23795.png,horse
23796.png,frog
23797.png,airplane
23798.png,airplane
23799.png,truck
23800.png,ship
23801.png,dog
23802.png,dog
23803.png,dog
23804.png,dog
23805.png,airplane
23806.png,airplane
23807.png,automobile
23808.png,cat
23809.png,airplane
23810.png,truck
23811.png,dog
23812.png,horse
23813.png,automobile
23814.png,truck
23815.png,deer
23816.png,cat
23817.png,deer
23818.png,deer
23819.png,ship
23820.png,truck
23821.png,ship
23822.png,frog
23823.png,airplane
23824.png,deer
23825.png,cat
23826.png,airplane
23827.png,deer
23828.png,ship
23829.png,horse
23830.png,horse
23831.png,airplane
23832.png,dog
23833.png,automobile
23834.png,automobile
23835.png,horse
23836.png,horse
23837.png,airplane
23838.png,automobile
23839.png,ship
23840.png,ship
23841.png,truck
23842.png,truck
23843.png,horse
23844.png,bird
23845.png,horse
23846.png,ship
23847.png,truck
23848.png,airplane
23849.png,airplane
23850.png,dog
23851.png,automobile
23852.png,airplane
23853.png,horse
23854.png,deer
23855.png,airplane
23856.png,ship
23857.png,truck
23858.png,cat
23859.png,ship
23860.png,cat
23861.png,horse
23862.png,truck
23863.png,cat
23864.png,airplane
23865.png,automobile
23866.png,ship
23867.png,airplane
23868.png,horse
23869.png,truck
23870.png,deer
23871.png,ship
23872.png,ship
23873.png,ship
23874.png,horse
23875.png,dog
23876.png,truck
23877.png,frog
23878.png,truck
23879.png,frog
23880.png,deer
23881.png,horse
23882.png,frog
23883.png,deer
23884.png,ship
23885.png,cat
23886.png,cat
23887.png,truck
23888.png,automobile
23889.png,frog
23890.png,horse
23891.png,ship
23892.png,airplane
23893.png,horse
23894.png,ship
23895.png,truck
23896.png,automobile
23897.png,frog
23898.png,automobile
23899.png,dog
23900.png,airplane
23901.png,automobile
23902.png,automobile
23903.png,dog
23904.png,horse
23905.png,truck
23906.png,bird
23907.png,dog
23908.png,ship
23909.png,truck
23910.png,horse
23911.png,horse
23912.png,bird
23913.png,frog
23914.png,cat
23915.png,dog
23916.png,frog
23917.png,dog
23918.png,frog
23919.png,bird
23920.png,bird
23921.png,deer
23922.png,automobile
23923.png,cat
23924.png,automobile
23925.png,airplane
23926.png,horse
23927.png,truck
23928.png,frog
23929.png,horse
23930.png,automobile
23931.png,bird
23932.png,truck
23933.png,deer
23934.png,automobile
23935.png,frog
23936.png,cat
23937.png,automobile
23938.png,deer
23939.png,airplane
23940.png,frog
23941.png,horse
23942.png,dog
23943.png,cat
23944.png,deer
23945.png,bird
23946.png,frog
23947.png,ship
23948.png,dog
23949.png,cat
23950.png,dog
23951.png,bird
23952.png,bird
23953.png,airplane
23954.png,ship
23955.png,deer
23956.png,frog
23957.png,frog
23958.png,truck
23959.png,deer
23960.png,automobile
23961.png,ship
23962.png,truck
23963.png,ship
23964.png,cat
23965.png,airplane
23966.png,ship
23967.png,horse
23968.png,dog
23969.png,deer
23970.png,automobile
23971.png,horse
23972.png,dog
23973.png,airplane
23974.png,ship
23975.png,cat
23976.png,truck
23977.png,dog
23978.png,cat
23979.png,airplane
23980.png,truck
23981.png,cat
23982.png,dog
23983.png,automobile
23984.png,automobile
23985.png,airplane
23986.png,deer
23987.png,cat
23988.png,frog
23989.png,horse
23990.png,deer
23991.png,truck
23992.png,truck
23993.png,cat
23994.png,horse
23995.png,deer
23996.png,cat
23997.png,cat
23998.png,airplane
23999.png,cat
24000.png,airplane
24001.png,frog
24002.png,truck
24003.png,bird
24004.png,automobile
24005.png,horse
24006.png,cat
24007.png,dog
24008.png,bird
24009.png,automobile
24010.png,truck
24011.png,automobile
24012.png,truck
24013.png,horse
24014.png,horse
24015.png,horse
24016.png,dog
24017.png,bird
24018.png,cat
24019.png,automobile
24020.png,bird
24021.png,airplane
24022.png,airplane
24023.png,cat
24024.png,dog
24025.png,automobile
24026.png,horse
24027.png,horse
24028.png,truck
24029.png,dog
24030.png,truck
24031.png,bird
24032.png,cat
24033.png,truck
24034.png,bird
24035.png,deer
24036.png,deer
24037.png,cat
24038.png,dog
24039.png,automobile
24040.png,ship
24041.png,deer
24042.png,automobile
24043.png,truck
24044.png,automobile
24045.png,automobile
24046.png,ship
24047.png,deer
24048.png,cat
24049.png,truck
24050.png,frog
24051.png,horse
24052.png,airplane
24053.png,horse
24054.png,ship
24055.png,horse
24056.png,truck
24057.png,dog
24058.png,airplane
24059.png,airplane
24060.png,ship
24061.png,cat
24062.png,bird
24063.png,ship
24064.png,truck
24065.png,bird
24066.png,cat
24067.png,truck
24068.png,deer
24069.png,automobile
24070.png,bird
24071.png,truck
24072.png,cat
24073.png,airplane
24074.png,cat
24075.png,bird
24076.png,automobile
24077.png,truck
24078.png,cat
24079.png,truck
24080.png,airplane
24081.png,deer
24082.png,cat
24083.png,cat
24084.png,ship
24085.png,deer
24086.png,ship
24087.png,truck
24088.png,truck
24089.png,horse
24090.png,truck
24091.png,horse
24092.png,horse
24093.png,cat
24094.png,ship
24095.png,airplane
24096.png,ship
24097.png,airplane
24098.png,bird
24099.png,dog
24100.png,cat
24101.png,cat
24102.png,airplane
24103.png,ship
24104.png,frog
24105.png,airplane
24106.png,dog
24107.png,cat
24108.png,truck
24109.png,deer
24110.png,automobile
24111.png,automobile
24112.png,airplane
24113.png,cat
24114.png,airplane
24115.png,truck
24116.png,bird
24117.png,truck
24118.png,frog
24119.png,cat
24120.png,automobile
24121.png,dog
24122.png,automobile
24123.png,horse
24124.png,deer
24125.png,cat
24126.png,truck
24127.png,dog
24128.png,ship
24129.png,dog
24130.png,horse
24131.png,dog
24132.png,ship
24133.png,ship
24134.png,truck
24135.png,bird
24136.png,cat
24137.png,bird
24138.png,automobile
24139.png,ship
24140.png,ship
24141.png,ship
24142.png,horse
24143.png,ship
24144.png,frog
24145.png,airplane
24146.png,frog
24147.png,automobile
24148.png,cat
24149.png,cat
24150.png,truck
24151.png,ship
24152.png,automobile
24153.png,truck
24154.png,dog
24155.png,cat
24156.png,frog
24157.png,frog
24158.png,automobile
24159.png,airplane
24160.png,horse
24161.png,dog
24162.png,automobile
24163.png,truck
24164.png,airplane
24165.png,ship
24166.png,bird
24167.png,bird
24168.png,ship
24169.png,bird
24170.png,airplane
24171.png,bird
24172.png,deer
24173.png,horse
24174.png,truck
24175.png,cat
24176.png,truck
24177.png,frog
24178.png,cat
24179.png,ship
24180.png,airplane
24181.png,frog
24182.png,horse
24183.png,truck
24184.png,ship
24185.png,frog
24186.png,ship
24187.png,frog
24188.png,frog
24189.png,truck
24190.png,cat
24191.png,dog
24192.png,automobile
24193.png,cat
24194.png,cat
24195.png,automobile
24196.png,bird
24197.png,dog
24198.png,horse
24199.png,frog
24200.png,bird
24201.png,automobile
24202.png,bird
24203.png,ship
24204.png,truck
24205.png,frog
24206.png,deer
24207.png,automobile
24208.png,horse
24209.png,cat
24210.png,dog
24211.png,bird
24212.png,truck
24213.png,airplane
24214.png,frog
24215.png,truck
24216.png,frog
24217.png,ship
24218.png,automobile
24219.png,bird
24220.png,automobile
24221.png,automobile
24222.png,deer
24223.png,deer
24224.png,bird
24225.png,automobile
24226.png,frog
24227.png,dog
24228.png,horse
24229.png,automobile
24230.png,airplane
24231.png,deer
24232.png,frog
24233.png,frog
24234.png,horse
24235.png,truck
24236.png,horse
24237.png,deer
24238.png,horse
24239.png,dog
24240.png,deer
24241.png,automobile
24242.png,deer
24243.png,frog
24244.png,dog
24245.png,dog
24246.png,truck
24247.png,truck
24248.png,automobile
24249.png,truck
24250.png,frog
24251.png,deer
24252.png,ship
24253.png,airplane
24254.png,truck
24255.png,bird
24256.png,automobile
24257.png,airplane
24258.png,airplane
24259.png,airplane
24260.png,horse
24261.png,ship
24262.png,frog
24263.png,cat
24264.png,automobile
24265.png,bird
24266.png,deer
24267.png,frog
24268.png,horse
24269.png,automobile
24270.png,automobile
24271.png,ship
24272.png,ship
24273.png,bird
24274.png,truck
24275.png,dog
24276.png,frog
24277.png,cat
24278.png,ship
24279.png,truck
24280.png,frog
24281.png,automobile
24282.png,ship
24283.png,frog
24284.png,dog
24285.png,automobile
24286.png,airplane
24287.png,ship
24288.png,dog
24289.png,automobile
24290.png,frog
24291.png,deer
24292.png,airplane
24293.png,automobile
24294.png,horse
24295.png,automobile
24296.png,dog
24297.png,truck
24298.png,automobile
24299.png,frog
24300.png,truck
24301.png,airplane
24302.png,cat
24303.png,dog
24304.png,dog
24305.png,truck
24306.png,cat
24307.png,deer
24308.png,frog
24309.png,deer
24310.png,dog
24311.png,truck
24312.png,horse
24313.png,frog
24314.png,bird
24315.png,dog
24316.png,ship
24317.png,truck
24318.png,cat
24319.png,deer
24320.png,airplane
24321.png,truck
24322.png,frog
24323.png,bird
24324.png,dog
24325.png,truck
24326.png,airplane
24327.png,dog
24328.png,horse
24329.png,ship
24330.png,automobile
24331.png,cat
24332.png,truck
24333.png,cat
24334.png,airplane
24335.png,bird
24336.png,cat
24337.png,automobile
24338.png,cat
24339.png,automobile
24340.png,dog
24341.png,dog
24342.png,airplane
24343.png,automobile
24344.png,truck
24345.png,dog
24346.png,truck
24347.png,horse
24348.png,ship
24349.png,cat
24350.png,airplane
24351.png,ship
24352.png,airplane
24353.png,dog
24354.png,dog
24355.png,frog
24356.png,airplane
24357.png,airplane
24358.png,dog
24359.png,cat
24360.png,frog
24361.png,airplane
24362.png,airplane
24363.png,ship
24364.png,dog
24365.png,cat
24366.png,airplane
24367.png,bird
24368.png,airplane
24369.png,horse
24370.png,deer
24371.png,horse
24372.png,horse
24373.png,truck
24374.png,bird
24375.png,airplane
24376.png,automobile
24377.png,ship
24378.png,deer
24379.png,dog
24380.png,bird
24381.png,dog
24382.png,automobile
24383.png,frog
24384.png,airplane
24385.png,cat
24386.png,automobile
24387.png,ship
24388.png,airplane
24389.png,truck
24390.png,frog
24391.png,horse
24392.png,truck
24393.png,bird
24394.png,deer
24395.png,frog
24396.png,airplane
24397.png,deer
24398.png,frog
24399.png,automobile
24400.png,bird
24401.png,automobile
24402.png,frog
24403.png,cat
24404.png,bird
24405.png,airplane
24406.png,deer
24407.png,horse
24408.png,truck
24409.png,truck
24410.png,bird
24411.png,truck
24412.png,cat
24413.png,ship
24414.png,bird
24415.png,ship
24416.png,dog
24417.png,horse
24418.png,automobile
24419.png,frog
24420.png,deer
24421.png,airplane
24422.png,deer
24423.png,horse
24424.png,frog
24425.png,frog
24426.png,automobile
24427.png,ship
24428.png,horse
24429.png,automobile
24430.png,bird
24431.png,deer
24432.png,frog
24433.png,bird
24434.png,dog
24435.png,cat
24436.png,ship
24437.png,truck
24438.png,bird
24439.png,ship
24440.png,horse
24441.png,dog
24442.png,automobile
24443.png,dog
24444.png,cat
24445.png,ship
24446.png,airplane
24447.png,automobile
24448.png,airplane
24449.png,deer
24450.png,horse
24451.png,automobile
24452.png,ship
24453.png,dog
24454.png,truck
24455.png,deer
24456.png,ship
24457.png,ship
24458.png,bird
24459.png,truck
24460.png,dog
24461.png,cat
24462.png,bird
24463.png,automobile
24464.png,automobile
24465.png,deer
24466.png,bird
24467.png,automobile
24468.png,bird
24469.png,horse
24470.png,horse
24471.png,automobile
24472.png,ship
24473.png,horse
24474.png,dog
24475.png,truck
24476.png,frog
24477.png,airplane
24478.png,truck
24479.png,frog
24480.png,frog
24481.png,automobile
24482.png,ship
24483.png,dog
24484.png,truck
24485.png,automobile
24486.png,deer
24487.png,automobile
24488.png,dog
24489.png,airplane
24490.png,dog
24491.png,cat
24492.png,airplane
24493.png,airplane
24494.png,truck
24495.png,truck
24496.png,dog
24497.png,bird
24498.png,frog
24499.png,deer
24500.png,horse
24501.png,bird
24502.png,ship
24503.png,airplane
24504.png,dog
24505.png,deer
24506.png,horse
24507.png,dog
24508.png,airplane
24509.png,horse
24510.png,ship
24511.png,frog
24512.png,airplane
24513.png,automobile
24514.png,deer
24515.png,airplane
24516.png,automobile
24517.png,dog
24518.png,horse
24519.png,cat
24520.png,frog
24521.png,automobile
24522.png,airplane
24523.png,cat
24524.png,truck
24525.png,deer
24526.png,deer
24527.png,ship
24528.png,automobile
24529.png,automobile
24530.png,deer
24531.png,truck
24532.png,frog
24533.png,dog
24534.png,bird
24535.png,airplane
24536.png,bird
24537.png,horse
24538.png,truck
24539.png,cat
24540.png,automobile
24541.png,automobile
24542.png,automobile
24543.png,truck
24544.png,airplane
24545.png,automobile
24546.png,horse
24547.png,dog
24548.png,horse
24549.png,deer
24550.png,airplane
24551.png,truck
24552.png,cat
24553.png,frog
24554.png,dog
24555.png,ship
24556.png,bird
24557.png,frog
24558.png,airplane
24559.png,dog
24560.png,horse
24561.png,cat
24562.png,automobile
24563.png,cat
24564.png,ship
24565.png,ship
24566.png,cat
24567.png,automobile
24568.png,airplane
24569.png,horse
24570.png,bird
24571.png,truck
24572.png,cat
24573.png,deer
24574.png,horse
24575.png,horse
24576.png,dog
24577.png,bird
24578.png,frog
24579.png,ship
24580.png,automobile
24581.png,automobile
24582.png,airplane
24583.png,deer
24584.png,airplane
24585.png,deer
24586.png,dog
24587.png,ship
24588.png,airplane
24589.png,ship
24590.png,airplane
24591.png,automobile
24592.png,automobile
24593.png,airplane
24594.png,horse
24595.png,deer
24596.png,automobile
24597.png,horse
24598.png,cat
24599.png,cat
24600.png,horse
24601.png,airplane
24602.png,truck
24603.png,automobile
24604.png,truck
24605.png,truck
24606.png,airplane
24607.png,cat
24608.png,automobile
24609.png,ship
24610.png,truck
24611.png,bird
24612.png,cat
24613.png,horse
24614.png,horse
24615.png,truck
24616.png,truck
24617.png,automobile
24618.png,bird
24619.png,cat
24620.png,truck
24621.png,automobile
24622.png,horse
24623.png,airplane
24624.png,bird
24625.png,deer
24626.png,automobile
24627.png,frog
24628.png,truck
24629.png,dog
24630.png,ship
24631.png,deer
24632.png,ship
24633.png,ship
24634.png,bird
24635.png,cat
24636.png,frog
24637.png,bird
24638.png,dog
24639.png,truck
24640.png,airplane
24641.png,truck
24642.png,airplane
24643.png,airplane
24644.png,bird
24645.png,airplane
24646.png,horse
24647.png,frog
24648.png,truck
24649.png,dog
24650.png,frog
24651.png,dog
24652.png,dog
24653.png,cat
24654.png,deer
24655.png,automobile
24656.png,bird
24657.png,dog
24658.png,truck
24659.png,deer
24660.png,deer
24661.png,frog
24662.png,airplane
24663.png,dog
24664.png,dog
24665.png,deer
24666.png,automobile
24667.png,cat
24668.png,cat
24669.png,airplane
24670.png,cat
24671.png,bird
24672.png,frog
24673.png,frog
24674.png,frog
24675.png,deer
24676.png,horse
24677.png,airplane
24678.png,airplane
24679.png,automobile
24680.png,airplane
24681.png,automobile
24682.png,airplane
24683.png,horse
24684.png,truck
24685.png,bird
24686.png,airplane
24687.png,deer
24688.png,dog
24689.png,ship
24690.png,ship
24691.png,airplane
24692.png,cat
24693.png,ship
24694.png,truck
24695.png,bird
24696.png,airplane
24697.png,cat
24698.png,ship
24699.png,horse
24700.png,bird
24701.png,airplane
24702.png,frog
24703.png,dog
24704.png,dog
24705.png,cat
24706.png,cat
24707.png,bird
24708.png,cat
24709.png,horse
24710.png,truck
24711.png,bird
24712.png,dog
24713.png,truck
24714.png,airplane
24715.png,dog
24716.png,horse
24717.png,ship
24718.png,frog
24719.png,truck
24720.png,bird
24721.png,airplane
24722.png,airplane
24723.png,frog
24724.png,truck
24725.png,frog
24726.png,automobile
24727.png,cat
24728.png,cat
24729.png,frog
24730.png,horse
24731.png,truck
24732.png,truck
24733.png,frog
24734.png,cat
24735.png,bird
24736.png,airplane
24737.png,bird
24738.png,deer
24739.png,truck
24740.png,bird
24741.png,ship
24742.png,dog
24743.png,bird
24744.png,frog
24745.png,dog
24746.png,airplane
24747.png,automobile
24748.png,bird
24749.png,ship
24750.png,cat
24751.png,airplane
24752.png,cat
24753.png,ship
24754.png,airplane
24755.png,dog
24756.png,airplane
24757.png,bird
24758.png,cat
24759.png,horse
24760.png,ship
24761.png,ship
24762.png,ship
24763.png,automobile
24764.png,dog
24765.png,airplane
24766.png,ship
24767.png,ship
24768.png,automobile
24769.png,horse
24770.png,deer
24771.png,truck
24772.png,bird
24773.png,bird
24774.png,bird
24775.png,automobile
24776.png,cat
24777.png,deer
24778.png,bird
24779.png,deer
24780.png,cat
24781.png,bird
24782.png,frog
24783.png,horse
24784.png,frog
24785.png,horse
24786.png,deer
24787.png,horse
24788.png,ship
24789.png,truck
24790.png,bird
24791.png,deer
24792.png,airplane
24793.png,airplane
24794.png,airplane
24795.png,horse
24796.png,airplane
24797.png,dog
24798.png,deer
24799.png,bird
24800.png,deer
24801.png,frog
24802.png,cat
24803.png,airplane
24804.png,cat
24805.png,deer
24806.png,bird
24807.png,deer
24808.png,automobile
24809.png,frog
24810.png,frog
24811.png,deer
24812.png,ship
24813.png,horse
24814.png,dog
24815.png,airplane
24816.png,horse
24817.png,truck
24818.png,cat
24819.png,airplane
24820.png,dog
24821.png,horse
24822.png,ship
24823.png,dog
24824.png,deer
24825.png,horse
24826.png,ship
24827.png,dog
24828.png,deer
24829.png,automobile
24830.png,deer
24831.png,deer
24832.png,dog
24833.png,dog
24834.png,automobile
24835.png,airplane
24836.png,bird
24837.png,deer
24838.png,airplane
24839.png,dog
24840.png,cat
24841.png,dog
24842.png,ship
24843.png,cat
24844.png,frog
24845.png,airplane
24846.png,horse
24847.png,deer
24848.png,cat
24849.png,deer
24850.png,truck
24851.png,horse
24852.png,airplane
24853.png,frog
24854.png,horse
24855.png,frog
24856.png,ship
24857.png,horse
24858.png,bird
24859.png,horse
24860.png,airplane
24861.png,ship
24862.png,deer
24863.png,horse
24864.png,automobile
24865.png,frog
24866.png,bird
24867.png,deer
24868.png,dog
24869.png,cat
24870.png,cat
24871.png,frog
24872.png,cat
24873.png,frog
24874.png,automobile
24875.png,deer
24876.png,dog
24877.png,ship
24878.png,dog
24879.png,ship
24880.png,frog
24881.png,truck
24882.png,airplane
24883.png,frog
24884.png,deer
24885.png,deer
24886.png,bird
24887.png,frog
24888.png,airplane
24889.png,frog
24890.png,deer
24891.png,dog
24892.png,automobile
24893.png,horse
24894.png,truck
24895.png,ship
24896.png,frog
24897.png,cat
24898.png,frog
24899.png,horse
24900.png,dog
24901.png,deer
24902.png,horse
24903.png,bird
24904.png,cat
24905.png,bird
24906.png,ship
24907.png,cat
24908.png,ship
24909.png,horse
24910.png,dog
24911.png,cat
24912.png,bird
24913.png,frog
24914.png,horse
24915.png,dog
24916.png,horse
24917.png,horse
24918.png,horse
24919.png,frog
24920.png,bird
24921.png,deer
24922.png,frog
24923.png,cat
24924.png,automobile
24925.png,truck
24926.png,deer
24927.png,bird
24928.png,bird
24929.png,frog
24930.png,ship
24931.png,horse
24932.png,airplane
24933.png,automobile
24934.png,deer
24935.png,ship
24936.png,bird
24937.png,automobile
24938.png,dog
24939.png,truck
24940.png,airplane
24941.png,horse
24942.png,horse
24943.png,deer
24944.png,airplane
24945.png,horse
24946.png,ship
24947.png,frog
24948.png,dog
24949.png,horse
24950.png,cat
24951.png,frog
24952.png,dog
24953.png,dog
24954.png,dog
24955.png,horse
24956.png,frog
24957.png,frog
24958.png,airplane
24959.png,cat
24960.png,dog
24961.png,truck
24962.png,cat
24963.png,bird
24964.png,automobile
24965.png,truck
24966.png,automobile
24967.png,frog
24968.png,deer
24969.png,automobile
24970.png,dog
24971.png,horse
24972.png,airplane
24973.png,frog
24974.png,frog
24975.png,horse
24976.png,automobile
24977.png,ship
24978.png,bird
24979.png,bird
24980.png,automobile
24981.png,bird
24982.png,dog
24983.png,horse
24984.png,airplane
24985.png,ship
24986.png,truck
24987.png,automobile
24988.png,truck
24989.png,horse
24990.png,frog
24991.png,ship
24992.png,cat
24993.png,frog
24994.png,bird
24995.png,bird
24996.png,horse
24997.png,deer
24998.png,deer
24999.png,dog
25000.png,automobile
25001.png,frog
25002.png,truck
25003.png,ship
25004.png,deer
25005.png,airplane
25006.png,frog
25007.png,cat
25008.png,automobile
25009.png,cat
25010.png,truck
25011.png,truck
25012.png,ship
25013.png,dog
25014.png,ship
25015.png,deer
25016.png,dog
25017.png,airplane
25018.png,deer
25019.png,bird
25020.png,cat
25021.png,automobile
25022.png,truck
25023.png,bird
25024.png,airplane
25025.png,deer
25026.png,frog
25027.png,dog
25028.png,airplane
25029.png,cat
25030.png,ship
25031.png,bird
25032.png,ship
25033.png,frog
25034.png,horse
25035.png,bird
25036.png,frog
25037.png,truck
25038.png,airplane
25039.png,bird
25040.png,frog
25041.png,ship
25042.png,bird
25043.png,ship
25044.png,horse
25045.png,automobile
25046.png,horse
25047.png,automobile
25048.png,ship
25049.png,automobile
25050.png,bird
25051.png,automobile
25052.png,truck
25053.png,bird
25054.png,dog
25055.png,ship
25056.png,cat
25057.png,dog
25058.png,dog
25059.png,cat
25060.png,frog
25061.png,truck
25062.png,automobile
25063.png,cat
25064.png,automobile
25065.png,bird
25066.png,dog
25067.png,airplane
25068.png,frog
25069.png,horse
25070.png,automobile
25071.png,airplane
25072.png,automobile
25073.png,ship
25074.png,cat
25075.png,cat
25076.png,dog
25077.png,frog
25078.png,cat
25079.png,ship
25080.png,horse
25081.png,horse
25082.png,cat
25083.png,airplane
25084.png,airplane
25085.png,cat
25086.png,frog
25087.png,bird
25088.png,dog
25089.png,ship
25090.png,bird
25091.png,horse
25092.png,truck
25093.png,airplane
25094.png,ship
25095.png,truck
25096.png,bird
25097.png,ship
25098.png,airplane
25099.png,deer
25100.png,deer
25101.png,automobile
25102.png,bird
25103.png,horse
25104.png,cat
25105.png,ship
25106.png,automobile
25107.png,airplane
25108.png,horse
25109.png,horse
25110.png,horse
25111.png,airplane
25112.png,ship
25113.png,truck
25114.png,deer
25115.png,deer
25116.png,bird
25117.png,horse
25118.png,automobile
25119.png,ship
25120.png,ship
25121.png,truck
25122.png,frog
25123.png,horse
25124.png,ship
25125.png,ship
25126.png,bird
25127.png,ship
25128.png,dog
25129.png,ship
25130.png,truck
25131.png,bird
25132.png,horse
25133.png,horse
25134.png,ship
25135.png,frog
25136.png,automobile
25137.png,cat
25138.png,automobile
25139.png,cat
25140.png,frog
25141.png,airplane
25142.png,dog
25143.png,deer
25144.png,truck
25145.png,airplane
25146.png,bird
25147.png,frog
25148.png,deer
25149.png,bird
25150.png,bird
25151.png,automobile
25152.png,automobile
25153.png,frog
25154.png,deer
25155.png,horse
25156.png,frog
25157.png,horse
25158.png,dog
25159.png,horse
25160.png,truck
25161.png,airplane
25162.png,bird
25163.png,automobile
25164.png,ship
25165.png,horse
25166.png,automobile
25167.png,bird
25168.png,airplane
25169.png,frog
25170.png,frog
25171.png,dog
25172.png,dog
25173.png,bird
25174.png,truck
25175.png,bird
25176.png,bird
25177.png,ship
25178.png,airplane
25179.png,airplane
25180.png,cat
25181.png,dog
25182.png,automobile
25183.png,horse
25184.png,bird
25185.png,cat
25186.png,cat
25187.png,truck
25188.png,airplane
25189.png,ship
25190.png,airplane
25191.png,airplane
25192.png,airplane
25193.png,bird
25194.png,dog
25195.png,cat
25196.png,bird
25197.png,automobile
25198.png,horse
25199.png,airplane
25200.png,airplane
25201.png,bird
25202.png,automobile
25203.png,dog
25204.png,bird
25205.png,dog
25206.png,dog
25207.png,automobile
25208.png,ship
25209.png,automobile
25210.png,automobile
25211.png,automobile
25212.png,cat
25213.png,airplane
25214.png,horse
25215.png,cat
25216.png,cat
25217.png,deer
25218.png,bird
25219.png,cat
25220.png,cat
25221.png,airplane
25222.png,cat
25223.png,bird
25224.png,frog
25225.png,automobile
25226.png,ship
25227.png,horse
25228.png,horse
25229.png,horse
25230.png,frog
25231.png,dog
25232.png,deer
25233.png,deer
25234.png,dog
25235.png,frog
25236.png,cat
25237.png,airplane
25238.png,ship
25239.png,ship
25240.png,ship
25241.png,dog
25242.png,horse
25243.png,airplane
25244.png,airplane
25245.png,airplane
25246.png,automobile
25247.png,cat
25248.png,cat
25249.png,dog
25250.png,dog
25251.png,deer
25252.png,airplane
25253.png,dog
25254.png,cat
25255.png,cat
25256.png,frog
25257.png,cat
25258.png,cat
25259.png,ship
25260.png,cat
25261.png,dog
25262.png,airplane
25263.png,dog
25264.png,bird
25265.png,automobile
25266.png,dog
25267.png,horse
25268.png,airplane
25269.png,bird
25270.png,horse
25271.png,airplane
25272.png,horse
25273.png,dog
25274.png,cat
25275.png,bird
25276.png,airplane
25277.png,bird
25278.png,cat
25279.png,automobile
25280.png,automobile
25281.png,automobile
25282.png,cat
25283.png,bird
25284.png,horse
25285.png,dog
25286.png,truck
25287.png,deer
25288.png,dog
25289.png,airplane
25290.png,deer
25291.png,airplane
25292.png,frog
25293.png,deer
25294.png,frog
25295.png,frog
25296.png,bird
25297.png,bird
25298.png,truck
25299.png,frog
25300.png,deer
25301.png,automobile
25302.png,deer
25303.png,bird
25304.png,truck
25305.png,horse
25306.png,cat
25307.png,automobile
25308.png,cat
25309.png,truck
25310.png,cat
25311.png,horse
25312.png,dog
25313.png,bird
25314.png,deer
25315.png,automobile
25316.png,cat
25317.png,airplane
25318.png,truck
25319.png,airplane
25320.png,truck
25321.png,ship
25322.png,frog
25323.png,horse
25324.png,automobile
25325.png,cat
25326.png,truck
25327.png,bird
25328.png,ship
25329.png,horse
25330.png,horse
25331.png,airplane
25332.png,automobile
25333.png,deer
25334.png,dog
25335.png,horse
25336.png,deer
25337.png,ship
25338.png,airplane
25339.png,truck
25340.png,airplane
25341.png,frog
25342.png,bird
25343.png,horse
25344.png,horse
25345.png,frog
25346.png,frog
25347.png,deer
25348.png,deer
25349.png,ship
25350.png,horse
25351.png,airplane
25352.png,deer
25353.png,airplane
25354.png,dog
25355.png,bird
25356.png,deer
25357.png,dog
25358.png,frog
25359.png,frog
25360.png,cat
25361.png,truck
25362.png,truck
25363.png,airplane
25364.png,automobile
25365.png,ship
25366.png,horse
25367.png,bird
25368.png,bird
25369.png,ship
25370.png,horse
25371.png,horse
25372.png,deer
25373.png,dog
25374.png,frog
25375.png,ship
25376.png,truck
25377.png,cat
25378.png,automobile
25379.png,cat
25380.png,bird
25381.png,cat
25382.png,bird
25383.png,frog
25384.png,deer
25385.png,cat
25386.png,airplane
25387.png,ship
25388.png,truck
25389.png,automobile
25390.png,automobile
25391.png,dog
25392.png,airplane
25393.png,ship
25394.png,truck
25395.png,dog
25396.png,ship
25397.png,frog
25398.png,frog
25399.png,bird
25400.png,ship
25401.png,bird
25402.png,deer
25403.png,deer
25404.png,deer
25405.png,truck
25406.png,automobile
25407.png,frog
25408.png,truck
25409.png,dog
25410.png,truck
25411.png,horse
25412.png,horse
25413.png,ship
25414.png,horse
25415.png,deer
25416.png,bird
25417.png,frog
25418.png,frog
25419.png,dog
25420.png,airplane
25421.png,airplane
25422.png,truck
25423.png,airplane
25424.png,deer
25425.png,cat
25426.png,dog
25427.png,bird
25428.png,bird
25429.png,automobile
25430.png,deer
25431.png,frog
25432.png,airplane
25433.png,dog
25434.png,truck
25435.png,deer
25436.png,deer
25437.png,deer
25438.png,deer
25439.png,automobile
25440.png,airplane
25441.png,bird
25442.png,deer
25443.png,frog
25444.png,cat
25445.png,deer
25446.png,dog
25447.png,bird
25448.png,cat
25449.png,frog
25450.png,bird
25451.png,ship
25452.png,horse
25453.png,dog
25454.png,horse
25455.png,horse
25456.png,bird
25457.png,frog
25458.png,airplane
25459.png,deer
25460.png,automobile
25461.png,airplane
25462.png,truck
25463.png,airplane
25464.png,automobile
25465.png,horse
25466.png,dog
25467.png,horse
25468.png,bird
25469.png,truck
25470.png,frog
25471.png,ship
25472.png,cat
25473.png,ship
25474.png,frog
25475.png,deer
25476.png,frog
25477.png,truck
25478.png,airplane
25479.png,bird
25480.png,automobile
25481.png,deer
25482.png,deer
25483.png,frog
25484.png,truck
25485.png,bird
25486.png,horse
25487.png,truck
25488.png,ship
25489.png,automobile
25490.png,airplane
25491.png,cat
25492.png,bird
25493.png,cat
25494.png,frog
25495.png,deer
25496.png,bird
25497.png,bird
25498.png,horse
25499.png,deer
25500.png,truck
25501.png,frog
25502.png,ship
25503.png,airplane
25504.png,ship
25505.png,cat
25506.png,dog
25507.png,truck
25508.png,truck
25509.png,ship
25510.png,cat
25511.png,truck
25512.png,frog
25513.png,bird
25514.png,ship
25515.png,airplane
25516.png,dog
25517.png,bird
25518.png,dog
25519.png,ship
25520.png,frog
25521.png,cat
25522.png,ship
25523.png,dog
25524.png,automobile
25525.png,ship
25526.png,deer
25527.png,frog
25528.png,cat
25529.png,bird
25530.png,deer
25531.png,bird
25532.png,airplane
25533.png,airplane
25534.png,ship
25535.png,automobile
25536.png,cat
25537.png,bird
25538.png,horse
25539.png,airplane
25540.png,horse
25541.png,ship
25542.png,cat
25543.png,truck
25544.png,bird
25545.png,automobile
25546.png,cat
25547.png,airplane
25548.png,cat
25549.png,truck
25550.png,airplane
25551.png,dog
25552.png,frog
25553.png,dog
25554.png,horse
25555.png,horse
25556.png,dog
25557.png,deer
25558.png,ship
25559.png,automobile
25560.png,cat
25561.png,truck
25562.png,cat
25563.png,horse
25564.png,cat
25565.png,bird
25566.png,frog
25567.png,ship
25568.png,automobile
25569.png,horse
25570.png,frog
25571.png,cat
25572.png,airplane
25573.png,horse
25574.png,ship
25575.png,airplane
25576.png,horse
25577.png,deer
25578.png,ship
25579.png,airplane
25580.png,deer
25581.png,ship
25582.png,airplane
25583.png,automobile
25584.png,dog
25585.png,horse
25586.png,deer
25587.png,truck
25588.png,bird
25589.png,dog
25590.png,dog
25591.png,truck
25592.png,bird
25593.png,horse
25594.png,bird
25595.png,horse
25596.png,frog
25597.png,automobile
25598.png,dog
25599.png,horse
25600.png,airplane
25601.png,automobile
25602.png,horse
25603.png,bird
25604.png,dog
25605.png,truck
25606.png,airplane
25607.png,dog
25608.png,dog
25609.png,automobile
25610.png,airplane
25611.png,dog
25612.png,automobile
25613.png,frog
25614.png,horse
25615.png,automobile
25616.png,airplane
25617.png,airplane
25618.png,horse
25619.png,ship
25620.png,automobile
25621.png,deer
25622.png,automobile
25623.png,frog
25624.png,truck
25625.png,airplane
25626.png,automobile
25627.png,bird
25628.png,cat
25629.png,bird
25630.png,ship
25631.png,truck
25632.png,truck
25633.png,ship
25634.png,cat
25635.png,dog
25636.png,deer
25637.png,deer
25638.png,horse
25639.png,frog
25640.png,cat
25641.png,cat
25642.png,frog
25643.png,cat
25644.png,deer
25645.png,airplane
25646.png,frog
25647.png,bird
25648.png,truck
25649.png,truck
25650.png,cat
25651.png,bird
25652.png,airplane
25653.png,automobile
25654.png,ship
25655.png,truck
25656.png,dog
25657.png,dog
25658.png,frog
25659.png,dog
25660.png,airplane
25661.png,ship
25662.png,dog
25663.png,dog
25664.png,cat
25665.png,cat
25666.png,bird
25667.png,deer
25668.png,cat
25669.png,airplane
25670.png,ship
25671.png,dog
25672.png,bird
25673.png,deer
25674.png,cat
25675.png,deer
25676.png,deer
25677.png,cat
25678.png,dog
25679.png,frog
25680.png,horse
25681.png,frog
25682.png,frog
25683.png,automobile
25684.png,cat
25685.png,cat
25686.png,automobile
25687.png,cat
25688.png,cat
25689.png,cat
25690.png,automobile
25691.png,deer
25692.png,ship
25693.png,deer
25694.png,dog
25695.png,ship
25696.png,bird
25697.png,airplane
25698.png,automobile
25699.png,dog
25700.png,dog
25701.png,automobile
25702.png,horse
25703.png,dog
25704.png,deer
25705.png,frog
25706.png,cat
25707.png,cat
25708.png,dog
25709.png,truck
25710.png,frog
25711.png,automobile
25712.png,horse
25713.png,airplane
25714.png,cat
25715.png,airplane
25716.png,deer
25717.png,cat
25718.png,ship
25719.png,automobile
25720.png,airplane
25721.png,dog
25722.png,ship
25723.png,dog
25724.png,frog
25725.png,horse
25726.png,ship
25727.png,cat
25728.png,dog
25729.png,ship
25730.png,frog
25731.png,dog
25732.png,automobile
25733.png,dog
25734.png,dog
25735.png,bird
25736.png,dog
25737.png,truck
25738.png,ship
25739.png,cat
25740.png,truck
25741.png,dog
25742.png,horse
25743.png,horse
25744.png,bird
25745.png,ship
25746.png,cat
25747.png,airplane
25748.png,frog
25749.png,airplane
25750.png,ship
25751.png,automobile
25752.png,dog
25753.png,truck
25754.png,deer
25755.png,ship
25756.png,horse
25757.png,ship
25758.png,bird
25759.png,ship
25760.png,truck
25761.png,ship
25762.png,frog
25763.png,airplane
25764.png,airplane
25765.png,horse
25766.png,cat
25767.png,truck
25768.png,deer
25769.png,deer
25770.png,cat
25771.png,horse
25772.png,cat
25773.png,cat
25774.png,cat
25775.png,dog
25776.png,dog
25777.png,deer
25778.png,dog
25779.png,horse
25780.png,deer
25781.png,ship
25782.png,deer
25783.png,cat
25784.png,ship
25785.png,truck
25786.png,deer
25787.png,airplane
25788.png,airplane
25789.png,horse
25790.png,airplane
25791.png,ship
25792.png,horse
25793.png,airplane
25794.png,frog
25795.png,ship
25796.png,frog
25797.png,ship
25798.png,airplane
25799.png,deer
25800.png,automobile
25801.png,truck
25802.png,bird
25803.png,cat
25804.png,deer
25805.png,horse
25806.png,dog
25807.png,deer
25808.png,airplane
25809.png,airplane
25810.png,horse
25811.png,airplane
25812.png,horse
25813.png,cat
25814.png,deer
25815.png,airplane
25816.png,frog
25817.png,airplane
25818.png,automobile
25819.png,deer
25820.png,frog
25821.png,airplane
25822.png,dog
25823.png,bird
25824.png,ship
25825.png,dog
25826.png,cat
25827.png,dog
25828.png,automobile
25829.png,frog
25830.png,frog
25831.png,bird
25832.png,bird
25833.png,truck
25834.png,bird
25835.png,deer
25836.png,frog
25837.png,horse
25838.png,truck
25839.png,airplane
25840.png,truck
25841.png,dog
25842.png,frog
25843.png,automobile
25844.png,airplane
25845.png,frog
25846.png,dog
25847.png,deer
25848.png,bird
25849.png,horse
25850.png,dog
25851.png,frog
25852.png,frog
25853.png,automobile
25854.png,airplane
25855.png,dog
25856.png,ship
25857.png,automobile
25858.png,automobile
25859.png,dog
25860.png,bird
25861.png,deer
25862.png,bird
25863.png,airplane
25864.png,deer
25865.png,dog
25866.png,horse
25867.png,frog
25868.png,truck
25869.png,horse
25870.png,ship
25871.png,dog
25872.png,deer
25873.png,automobile
25874.png,horse
25875.png,automobile
25876.png,dog
25877.png,horse
25878.png,frog
25879.png,frog
25880.png,deer
25881.png,airplane
25882.png,automobile
25883.png,cat
25884.png,truck
25885.png,bird
25886.png,cat
25887.png,dog
25888.png,bird
25889.png,ship
25890.png,horse
25891.png,horse
25892.png,airplane
25893.png,frog
25894.png,deer
25895.png,dog
25896.png,horse
25897.png,horse
25898.png,truck
25899.png,deer
25900.png,cat
25901.png,frog
25902.png,bird
25903.png,ship
25904.png,dog
25905.png,frog
25906.png,airplane
25907.png,ship
25908.png,truck
25909.png,ship
25910.png,automobile
25911.png,automobile
25912.png,bird
25913.png,bird
25914.png,frog
25915.png,frog
25916.png,automobile
25917.png,horse
25918.png,horse
25919.png,dog
25920.png,dog
25921.png,airplane
25922.png,bird
25923.png,cat
25924.png,cat
25925.png,ship
25926.png,dog
25927.png,automobile
25928.png,horse
25929.png,bird
25930.png,bird
25931.png,airplane
25932.png,deer
25933.png,frog
25934.png,cat
25935.png,cat
25936.png,frog
25937.png,truck
25938.png,horse
25939.png,ship
25940.png,bird
25941.png,frog
25942.png,deer
25943.png,airplane
25944.png,cat
25945.png,ship
25946.png,truck
25947.png,truck
25948.png,cat
25949.png,horse
25950.png,deer
25951.png,cat
25952.png,ship
25953.png,horse
25954.png,cat
25955.png,deer
25956.png,deer
25957.png,bird
25958.png,horse
25959.png,cat
25960.png,deer
25961.png,truck
25962.png,automobile
25963.png,deer
25964.png,truck
25965.png,frog
25966.png,truck
25967.png,frog
25968.png,frog
25969.png,horse
25970.png,airplane
25971.png,airplane
25972.png,cat
25973.png,frog
25974.png,truck
25975.png,automobile
25976.png,automobile
25977.png,airplane
25978.png,deer
25979.png,truck
25980.png,frog
25981.png,dog
25982.png,dog
25983.png,bird
25984.png,cat
25985.png,bird
25986.png,frog
25987.png,cat
25988.png,ship
25989.png,truck
25990.png,bird
25991.png,frog
25992.png,truck
25993.png,deer
25994.png,automobile
25995.png,truck
25996.png,airplane
25997.png,cat
25998.png,cat
25999.png,bird
26000.png,frog
26001.png,airplane
26002.png,bird
26003.png,truck
26004.png,airplane
26005.png,ship
26006.png,cat
26007.png,horse
26008.png,airplane
26009.png,automobile
26010.png,cat
26011.png,dog
26012.png,truck
26013.png,truck
26014.png,truck
26015.png,dog
26016.png,ship
26017.png,truck
26018.png,horse
26019.png,airplane
26020.png,bird
26021.png,frog
26022.png,truck
26023.png,cat
26024.png,deer
26025.png,dog
26026.png,frog
26027.png,automobile
26028.png,airplane
26029.png,dog
26030.png,cat
26031.png,dog
26032.png,horse
26033.png,horse
26034.png,dog
26035.png,bird
26036.png,ship
26037.png,cat
26038.png,horse
26039.png,ship
26040.png,truck
26041.png,airplane
26042.png,truck
26043.png,frog
26044.png,cat
26045.png,cat
26046.png,airplane
26047.png,horse
26048.png,deer
26049.png,deer
26050.png,airplane
26051.png,truck
26052.png,bird
26053.png,dog
26054.png,truck
26055.png,frog
26056.png,ship
26057.png,horse
26058.png,truck
26059.png,bird
26060.png,automobile
26061.png,airplane
26062.png,truck
26063.png,deer
26064.png,frog
26065.png,cat
26066.png,automobile
26067.png,frog
26068.png,horse
26069.png,deer
26070.png,truck
26071.png,bird
26072.png,dog
26073.png,dog
26074.png,dog
26075.png,automobile
26076.png,frog
26077.png,airplane
26078.png,automobile
26079.png,truck
26080.png,dog
26081.png,automobile
26082.png,airplane
26083.png,automobile
26084.png,airplane
26085.png,frog
26086.png,frog
26087.png,horse
26088.png,cat
26089.png,airplane
26090.png,frog
26091.png,automobile
26092.png,frog
26093.png,airplane
26094.png,automobile
26095.png,ship
26096.png,dog
26097.png,bird
26098.png,cat
26099.png,ship
26100.png,deer
26101.png,deer
26102.png,truck
26103.png,dog
26104.png,frog
26105.png,horse
26106.png,ship
26107.png,cat
26108.png,horse
26109.png,ship
26110.png,ship
26111.png,bird
26112.png,cat
26113.png,ship
26114.png,truck
26115.png,deer
26116.png,automobile
26117.png,cat
26118.png,truck
26119.png,deer
26120.png,bird
26121.png,frog
26122.png,truck
26123.png,frog
26124.png,cat
26125.png,airplane
26126.png,dog
26127.png,cat
26128.png,automobile
26129.png,bird
26130.png,deer
26131.png,deer
26132.png,ship
26133.png,cat
26134.png,horse
26135.png,dog
26136.png,frog
26137.png,truck
26138.png,airplane
26139.png,dog
26140.png,frog
26141.png,ship
26142.png,automobile
26143.png,deer
26144.png,dog
26145.png,airplane
26146.png,deer
26147.png,bird
26148.png,ship
26149.png,bird
26150.png,ship
26151.png,truck
26152.png,frog
26153.png,truck
26154.png,dog
26155.png,cat
26156.png,bird
26157.png,ship
26158.png,frog
26159.png,automobile
26160.png,truck
26161.png,cat
26162.png,cat
26163.png,airplane
26164.png,horse
26165.png,airplane
26166.png,horse
26167.png,horse
26168.png,dog
26169.png,automobile
26170.png,bird
26171.png,ship
26172.png,dog
26173.png,ship
26174.png,dog
26175.png,dog
26176.png,bird
26177.png,bird
26178.png,airplane
26179.png,airplane
26180.png,dog
26181.png,automobile
26182.png,bird
26183.png,ship
26184.png,cat
26185.png,airplane
26186.png,dog
26187.png,bird
26188.png,bird
26189.png,ship
26190.png,cat
26191.png,frog
26192.png,ship
26193.png,frog
26194.png,horse
26195.png,dog
26196.png,ship
26197.png,horse
26198.png,frog
26199.png,ship
26200.png,frog
26201.png,airplane
26202.png,truck
26203.png,cat
26204.png,horse
26205.png,bird
26206.png,frog
26207.png,frog
26208.png,airplane
26209.png,horse
26210.png,truck
26211.png,cat
26212.png,frog
26213.png,deer
26214.png,bird
26215.png,ship
26216.png,bird
26217.png,ship
26218.png,horse
26219.png,truck
26220.png,bird
26221.png,ship
26222.png,dog
26223.png,truck
26224.png,bird
26225.png,cat
26226.png,ship
26227.png,airplane
26228.png,truck
26229.png,frog
26230.png,truck
26231.png,automobile
26232.png,frog
26233.png,frog
26234.png,deer
26235.png,bird
26236.png,frog
26237.png,dog
26238.png,dog
26239.png,ship
26240.png,ship
26241.png,frog
26242.png,automobile
26243.png,bird
26244.png,frog
26245.png,cat
26246.png,frog
26247.png,ship
26248.png,frog
26249.png,automobile
26250.png,horse
26251.png,ship
26252.png,dog
26253.png,truck
26254.png,cat
26255.png,ship
26256.png,dog
26257.png,horse
26258.png,automobile
26259.png,airplane
26260.png,horse
26261.png,cat
26262.png,cat
26263.png,truck
26264.png,bird
26265.png,horse
26266.png,bird
26267.png,bird
26268.png,automobile
26269.png,frog
26270.png,airplane
26271.png,horse
26272.png,bird
26273.png,frog
26274.png,deer
26275.png,bird
26276.png,frog
26277.png,horse
26278.png,dog
26279.png,dog
26280.png,bird
26281.png,dog
26282.png,dog
26283.png,bird
26284.png,cat
26285.png,truck
26286.png,horse
26287.png,airplane
26288.png,bird
26289.png,automobile
26290.png,truck
26291.png,automobile
26292.png,horse
26293.png,automobile
26294.png,automobile
26295.png,automobile
26296.png,automobile
26297.png,airplane
26298.png,deer
26299.png,automobile
26300.png,bird
26301.png,airplane
26302.png,deer
26303.png,cat
26304.png,dog
26305.png,automobile
26306.png,bird
26307.png,ship
26308.png,deer
26309.png,bird
26310.png,frog
26311.png,automobile
26312.png,airplane
26313.png,airplane
26314.png,dog
26315.png,horse
26316.png,automobile
26317.png,ship
26318.png,horse
26319.png,horse
26320.png,frog
26321.png,automobile
26322.png,bird
26323.png,airplane
26324.png,cat
26325.png,frog
26326.png,dog
26327.png,deer
26328.png,cat
26329.png,ship
26330.png,deer
26331.png,dog
26332.png,automobile
26333.png,airplane
26334.png,frog
26335.png,ship
26336.png,frog
26337.png,cat
26338.png,ship
26339.png,ship
26340.png,frog
26341.png,frog
26342.png,airplane
26343.png,airplane
26344.png,horse
26345.png,automobile
26346.png,horse
26347.png,deer
26348.png,truck
26349.png,truck
26350.png,dog
26351.png,automobile
26352.png,deer
26353.png,ship
26354.png,deer
26355.png,dog
26356.png,frog
26357.png,horse
26358.png,cat
26359.png,horse
26360.png,horse
26361.png,deer
26362.png,airplane
26363.png,automobile
26364.png,dog
26365.png,frog
26366.png,dog
26367.png,frog
26368.png,deer
26369.png,automobile
26370.png,ship
26371.png,dog
26372.png,ship
26373.png,cat
26374.png,truck
26375.png,truck
26376.png,automobile
26377.png,airplane
26378.png,dog
26379.png,deer
26380.png,frog
26381.png,deer
26382.png,ship
26383.png,dog
26384.png,frog
26385.png,truck
26386.png,truck
26387.png,bird
26388.png,frog
26389.png,dog
26390.png,horse
26391.png,bird
26392.png,airplane
26393.png,horse
26394.png,truck
26395.png,truck
26396.png,frog
26397.png,bird
26398.png,horse
26399.png,bird
26400.png,cat
26401.png,bird
26402.png,horse
26403.png,ship
26404.png,frog
26405.png,automobile
26406.png,automobile
26407.png,horse
26408.png,cat
26409.png,cat
26410.png,frog
26411.png,dog
26412.png,horse
26413.png,airplane
26414.png,frog
26415.png,bird
26416.png,frog
26417.png,airplane
26418.png,deer
26419.png,dog
26420.png,frog
26421.png,horse
26422.png,airplane
26423.png,horse
26424.png,deer
26425.png,automobile
26426.png,bird
26427.png,bird
26428.png,airplane
26429.png,frog
26430.png,frog
26431.png,airplane
26432.png,frog
26433.png,frog
26434.png,automobile
26435.png,deer
26436.png,truck
26437.png,cat
26438.png,ship
26439.png,ship
26440.png,truck
26441.png,ship
26442.png,horse
26443.png,bird
26444.png,dog
26445.png,horse
26446.png,truck
26447.png,truck
26448.png,truck
26449.png,frog
26450.png,bird
26451.png,automobile
26452.png,horse
26453.png,automobile
26454.png,cat
26455.png,ship
26456.png,cat
26457.png,automobile
26458.png,ship
26459.png,truck
26460.png,deer
26461.png,deer
26462.png,frog
26463.png,cat
26464.png,ship
26465.png,horse
26466.png,automobile
26467.png,truck
26468.png,automobile
26469.png,truck
26470.png,frog
26471.png,automobile
26472.png,automobile
26473.png,cat
26474.png,dog
26475.png,automobile
26476.png,deer
26477.png,frog
26478.png,deer
26479.png,frog
26480.png,dog
26481.png,truck
26482.png,ship
26483.png,cat
26484.png,truck
26485.png,ship
26486.png,cat
26487.png,dog
26488.png,ship
26489.png,airplane
26490.png,truck
26491.png,horse
26492.png,automobile
26493.png,frog
26494.png,airplane
26495.png,horse
26496.png,airplane
26497.png,truck
26498.png,deer
26499.png,automobile
26500.png,airplane
26501.png,bird
26502.png,dog
26503.png,frog
26504.png,dog
26505.png,dog
26506.png,airplane
26507.png,truck
26508.png,airplane
26509.png,truck
26510.png,automobile
26511.png,ship
26512.png,truck
26513.png,deer
26514.png,frog
26515.png,ship
26516.png,horse
26517.png,frog
26518.png,frog
26519.png,truck
26520.png,automobile
26521.png,dog
26522.png,automobile
26523.png,airplane
26524.png,bird
26525.png,frog
26526.png,cat
26527.png,automobile
26528.png,bird
26529.png,ship
26530.png,dog
26531.png,truck
26532.png,truck
26533.png,automobile
26534.png,horse
26535.png,cat
26536.png,cat
26537.png,bird
26538.png,frog
26539.png,ship
26540.png,cat
26541.png,deer
26542.png,bird
26543.png,frog
26544.png,dog
26545.png,cat
26546.png,dog
26547.png,airplane
26548.png,ship
26549.png,dog
26550.png,bird
26551.png,automobile
26552.png,bird
26553.png,airplane
26554.png,horse
26555.png,cat
26556.png,deer
26557.png,cat
26558.png,cat
26559.png,cat
26560.png,cat
26561.png,dog
26562.png,truck
26563.png,horse
26564.png,ship
26565.png,cat
26566.png,airplane
26567.png,frog
26568.png,horse
26569.png,bird
26570.png,frog
26571.png,bird
26572.png,airplane
26573.png,bird
26574.png,cat
26575.png,truck
26576.png,cat
26577.png,automobile
26578.png,bird
26579.png,automobile
26580.png,ship
26581.png,ship
26582.png,dog
26583.png,ship
26584.png,ship
26585.png,deer
26586.png,truck
26587.png,deer
26588.png,dog
26589.png,bird
26590.png,dog
26591.png,ship
26592.png,dog
26593.png,airplane
26594.png,bird
26595.png,ship
26596.png,frog
26597.png,truck
26598.png,truck
26599.png,cat
26600.png,airplane
26601.png,truck
26602.png,automobile
26603.png,deer
26604.png,ship
26605.png,ship
26606.png,bird
26607.png,horse
26608.png,airplane
26609.png,ship
26610.png,cat
26611.png,truck
26612.png,frog
26613.png,deer
26614.png,cat
26615.png,automobile
26616.png,horse
26617.png,truck
26618.png,automobile
26619.png,frog
26620.png,frog
26621.png,truck
26622.png,ship
26623.png,truck
26624.png,ship
26625.png,cat
26626.png,truck
26627.png,cat
26628.png,truck
26629.png,horse
26630.png,bird
26631.png,bird
26632.png,deer
26633.png,airplane
26634.png,horse
26635.png,frog
26636.png,truck
26637.png,automobile
26638.png,automobile
26639.png,deer
26640.png,ship
26641.png,dog
26642.png,bird
26643.png,cat
26644.png,ship
26645.png,airplane
26646.png,deer
26647.png,automobile
26648.png,truck
26649.png,bird
26650.png,deer
26651.png,truck
26652.png,bird
26653.png,automobile
26654.png,deer
26655.png,truck
26656.png,truck
26657.png,airplane
26658.png,cat
26659.png,truck
26660.png,truck
26661.png,cat
26662.png,horse
26663.png,airplane
26664.png,bird
26665.png,ship
26666.png,cat
26667.png,ship
26668.png,airplane
26669.png,truck
26670.png,horse
26671.png,horse
26672.png,ship
26673.png,ship
26674.png,horse
26675.png,truck
26676.png,cat
26677.png,dog
26678.png,truck
26679.png,ship
26680.png,dog
26681.png,dog
26682.png,truck
26683.png,dog
26684.png,horse
26685.png,airplane
26686.png,frog
26687.png,dog
26688.png,horse
26689.png,cat
26690.png,cat
26691.png,cat
26692.png,truck
26693.png,horse
26694.png,airplane
26695.png,ship
26696.png,bird
26697.png,bird
26698.png,horse
26699.png,frog
26700.png,horse
26701.png,dog
26702.png,frog
26703.png,horse
26704.png,ship
26705.png,airplane
26706.png,dog
26707.png,deer
26708.png,cat
26709.png,airplane
26710.png,horse
26711.png,deer
26712.png,cat
26713.png,automobile
26714.png,deer
26715.png,ship
26716.png,deer
26717.png,cat
26718.png,deer
26719.png,ship
26720.png,frog
26721.png,ship
26722.png,cat
26723.png,airplane
26724.png,airplane
26725.png,airplane
26726.png,frog
26727.png,cat
26728.png,frog
26729.png,dog
26730.png,automobile
26731.png,bird
26732.png,dog
26733.png,horse
26734.png,horse
26735.png,bird
26736.png,dog
26737.png,cat
26738.png,automobile
26739.png,dog
26740.png,dog
26741.png,automobile
26742.png,automobile
26743.png,automobile
26744.png,airplane
26745.png,airplane
26746.png,deer
26747.png,automobile
26748.png,dog
26749.png,frog
26750.png,horse
26751.png,bird
26752.png,dog
26753.png,horse
26754.png,dog
26755.png,deer
26756.png,dog
26757.png,truck
26758.png,bird
26759.png,bird
26760.png,truck
26761.png,bird
26762.png,airplane
26763.png,bird
26764.png,truck
26765.png,airplane
26766.png,bird
26767.png,truck
26768.png,horse
26769.png,bird
26770.png,truck
26771.png,cat
26772.png,frog
26773.png,deer
26774.png,bird
26775.png,truck
26776.png,dog
26777.png,airplane
26778.png,ship
26779.png,airplane
26780.png,horse
26781.png,truck
26782.png,deer
26783.png,frog
26784.png,airplane
26785.png,ship
26786.png,dog
26787.png,bird
26788.png,automobile
26789.png,horse
26790.png,automobile
26791.png,truck
26792.png,dog
26793.png,bird
26794.png,frog
26795.png,automobile
26796.png,bird
26797.png,horse
26798.png,cat
26799.png,frog
26800.png,dog
26801.png,frog
26802.png,ship
26803.png,truck
26804.png,bird
26805.png,dog
26806.png,truck
26807.png,ship
26808.png,bird
26809.png,dog
26810.png,deer
26811.png,horse
26812.png,horse
26813.png,deer
26814.png,cat
26815.png,horse
26816.png,airplane
26817.png,horse
26818.png,truck
26819.png,automobile
26820.png,deer
26821.png,horse
26822.png,horse
26823.png,truck
26824.png,deer
26825.png,airplane
26826.png,truck
26827.png,horse
26828.png,dog
26829.png,truck
26830.png,frog
26831.png,deer
26832.png,horse
26833.png,truck
26834.png,bird
26835.png,frog
26836.png,horse
26837.png,dog
26838.png,bird
26839.png,deer
26840.png,truck
26841.png,airplane
26842.png,frog
26843.png,airplane
26844.png,automobile
26845.png,deer
26846.png,dog
26847.png,airplane
26848.png,truck
26849.png,truck
26850.png,cat
26851.png,deer
26852.png,horse
26853.png,truck
26854.png,automobile
26855.png,deer
26856.png,bird
26857.png,ship
26858.png,dog
26859.png,horse
26860.png,cat
26861.png,deer
26862.png,horse
26863.png,cat
26864.png,ship
26865.png,bird
26866.png,deer
26867.png,horse
26868.png,dog
26869.png,truck
26870.png,truck
26871.png,automobile
26872.png,dog
26873.png,frog
26874.png,bird
26875.png,dog
26876.png,truck
26877.png,cat
26878.png,automobile
26879.png,automobile
26880.png,airplane
26881.png,truck
26882.png,automobile
26883.png,deer
26884.png,cat
26885.png,dog
26886.png,frog
26887.png,deer
26888.png,horse
26889.png,truck
26890.png,dog
26891.png,deer
26892.png,bird
26893.png,deer
26894.png,bird
26895.png,deer
26896.png,horse
26897.png,dog
26898.png,deer
26899.png,ship
26900.png,automobile
26901.png,cat
26902.png,horse
26903.png,deer
26904.png,horse
26905.png,cat
26906.png,automobile
26907.png,cat
26908.png,cat
26909.png,truck
26910.png,dog
26911.png,horse
26912.png,deer
26913.png,cat
26914.png,airplane
26915.png,dog
26916.png,automobile
26917.png,horse
26918.png,dog
26919.png,airplane
26920.png,frog
26921.png,dog
26922.png,frog
26923.png,airplane
26924.png,ship
26925.png,deer
26926.png,ship
26927.png,deer
26928.png,ship
26929.png,cat
26930.png,deer
26931.png,automobile
26932.png,horse
26933.png,truck
26934.png,dog
26935.png,cat
26936.png,automobile
26937.png,deer
26938.png,automobile
26939.png,ship
26940.png,cat
26941.png,frog
26942.png,truck
26943.png,truck
26944.png,deer
26945.png,ship
26946.png,truck
26947.png,deer
26948.png,horse
26949.png,ship
26950.png,dog
26951.png,automobile
26952.png,ship
26953.png,truck
26954.png,deer
26955.png,dog
26956.png,truck
26957.png,bird
26958.png,bird
26959.png,dog
26960.png,deer
26961.png,bird
26962.png,bird
26963.png,dog
26964.png,horse
26965.png,cat
26966.png,cat
26967.png,frog
26968.png,ship
26969.png,bird
26970.png,dog
26971.png,truck
26972.png,dog
26973.png,truck
26974.png,horse
26975.png,cat
26976.png,deer
26977.png,bird
26978.png,ship
26979.png,deer
26980.png,deer
26981.png,ship
26982.png,ship
26983.png,bird
26984.png,horse
26985.png,horse
26986.png,airplane
26987.png,automobile
26988.png,dog
26989.png,ship
26990.png,truck
26991.png,bird
26992.png,horse
26993.png,bird
26994.png,ship
26995.png,automobile
26996.png,bird
26997.png,dog
26998.png,deer
26999.png,dog
27000.png,bird
27001.png,airplane
27002.png,bird
27003.png,automobile
27004.png,deer
27005.png,airplane
27006.png,truck
27007.png,horse
27008.png,airplane
27009.png,frog
27010.png,automobile
27011.png,frog
27012.png,truck
27013.png,cat
27014.png,cat
27015.png,deer
27016.png,horse
27017.png,dog
27018.png,deer
27019.png,truck
27020.png,automobile
27021.png,cat
27022.png,cat
27023.png,frog
27024.png,deer
27025.png,automobile
27026.png,truck
27027.png,airplane
27028.png,ship
27029.png,deer
27030.png,deer
27031.png,truck
27032.png,deer
27033.png,dog
27034.png,ship
27035.png,ship
27036.png,horse
27037.png,horse
27038.png,automobile
27039.png,horse
27040.png,horse
27041.png,truck
27042.png,truck
27043.png,airplane
27044.png,horse
27045.png,deer
27046.png,truck
27047.png,bird
27048.png,airplane
27049.png,airplane
27050.png,bird
27051.png,deer
27052.png,frog
27053.png,automobile
27054.png,dog
27055.png,horse
27056.png,horse
27057.png,ship
27058.png,ship
27059.png,truck
27060.png,airplane
27061.png,horse
27062.png,ship
27063.png,deer
27064.png,deer
27065.png,cat
27066.png,dog
27067.png,dog
27068.png,ship
27069.png,ship
27070.png,cat
27071.png,truck
27072.png,airplane
27073.png,bird
27074.png,automobile
27075.png,deer
27076.png,airplane
27077.png,bird
27078.png,cat
27079.png,horse
27080.png,horse
27081.png,airplane
27082.png,bird
27083.png,frog
27084.png,truck
27085.png,automobile
27086.png,truck
27087.png,horse
27088.png,frog
27089.png,frog
27090.png,automobile
27091.png,cat
27092.png,bird
27093.png,dog
27094.png,dog
27095.png,dog
27096.png,frog
27097.png,cat
27098.png,bird
27099.png,horse
27100.png,automobile
27101.png,deer
27102.png,automobile
27103.png,frog
27104.png,bird
27105.png,airplane
27106.png,deer
27107.png,deer
27108.png,dog
27109.png,cat
27110.png,dog
27111.png,bird
27112.png,truck
27113.png,truck
27114.png,horse
27115.png,cat
27116.png,cat
27117.png,horse
27118.png,frog
27119.png,cat
27120.png,truck
27121.png,frog
27122.png,bird
27123.png,truck
27124.png,horse
27125.png,ship
27126.png,dog
27127.png,frog
27128.png,frog
27129.png,airplane
27130.png,automobile
27131.png,automobile
27132.png,bird
27133.png,automobile
27134.png,truck
27135.png,frog
27136.png,deer
27137.png,cat
27138.png,airplane
27139.png,cat
27140.png,deer
27141.png,dog
27142.png,dog
27143.png,cat
27144.png,automobile
27145.png,deer
27146.png,horse
27147.png,truck
27148.png,airplane
27149.png,truck
27150.png,bird
27151.png,dog
27152.png,truck
27153.png,cat
27154.png,ship
27155.png,frog
27156.png,airplane
27157.png,cat
27158.png,horse
27159.png,dog
27160.png,dog
27161.png,truck
27162.png,horse
27163.png,truck
27164.png,bird
27165.png,frog
27166.png,cat
27167.png,deer
27168.png,deer
27169.png,truck
27170.png,bird
27171.png,airplane
27172.png,ship
27173.png,horse
27174.png,deer
27175.png,automobile
27176.png,airplane
27177.png,airplane
27178.png,frog
27179.png,automobile
27180.png,airplane
27181.png,deer
27182.png,deer
27183.png,horse
27184.png,frog
27185.png,truck
27186.png,bird
27187.png,bird
27188.png,horse
27189.png,dog
27190.png,horse
27191.png,truck
27192.png,bird
27193.png,bird
27194.png,deer
27195.png,automobile
27196.png,automobile
27197.png,truck
27198.png,bird
27199.png,truck
27200.png,deer
27201.png,automobile
27202.png,bird
27203.png,airplane
27204.png,cat
27205.png,bird
27206.png,deer
27207.png,deer
27208.png,dog
27209.png,cat
27210.png,cat
27211.png,cat
27212.png,airplane
27213.png,cat
27214.png,deer
27215.png,deer
27216.png,automobile
27217.png,airplane
27218.png,horse
27219.png,frog
27220.png,dog
27221.png,deer
27222.png,deer
27223.png,cat
27224.png,dog
27225.png,dog
27226.png,dog
27227.png,horse
27228.png,deer
27229.png,automobile
27230.png,frog
27231.png,horse
27232.png,airplane
27233.png,horse
27234.png,cat
27235.png,deer
27236.png,cat
27237.png,deer
27238.png,truck
27239.png,automobile
27240.png,bird
27241.png,frog
27242.png,ship
27243.png,horse
27244.png,ship
27245.png,horse
27246.png,truck
27247.png,cat
27248.png,deer
27249.png,horse
27250.png,truck
27251.png,cat
27252.png,automobile
27253.png,ship
27254.png,bird
27255.png,cat
27256.png,horse
27257.png,truck
27258.png,dog
27259.png,deer
27260.png,deer
27261.png,automobile
27262.png,ship
27263.png,automobile
27264.png,cat
27265.png,bird
27266.png,dog
27267.png,bird
27268.png,airplane
27269.png,automobile
27270.png,dog
27271.png,cat
27272.png,ship
27273.png,automobile
27274.png,automobile
27275.png,cat
27276.png,cat
27277.png,deer
27278.png,truck
27279.png,airplane
27280.png,dog
27281.png,airplane
27282.png,ship
27283.png,deer
27284.png,dog
27285.png,automobile
27286.png,deer
27287.png,airplane
27288.png,truck
27289.png,horse
27290.png,dog
27291.png,dog
27292.png,truck
27293.png,dog
27294.png,ship
27295.png,horse
27296.png,frog
27297.png,horse
27298.png,cat
27299.png,cat
27300.png,truck
27301.png,dog
27302.png,airplane
27303.png,deer
27304.png,deer
27305.png,cat
27306.png,dog
27307.png,automobile
27308.png,truck
27309.png,bird
27310.png,bird
27311.png,ship
27312.png,truck
27313.png,airplane
27314.png,deer
27315.png,bird
27316.png,airplane
27317.png,dog
27318.png,cat
27319.png,automobile
27320.png,automobile
27321.png,horse
27322.png,automobile
27323.png,deer
27324.png,airplane
27325.png,airplane
27326.png,bird
27327.png,bird
27328.png,horse
27329.png,bird
27330.png,frog
27331.png,automobile
27332.png,cat
27333.png,frog
27334.png,bird
27335.png,deer
27336.png,horse
27337.png,truck
27338.png,ship
27339.png,airplane
27340.png,ship
27341.png,truck
27342.png,truck
27343.png,deer
27344.png,truck
27345.png,truck
27346.png,dog
27347.png,frog
27348.png,dog
27349.png,dog
27350.png,dog
27351.png,truck
27352.png,cat
27353.png,ship
27354.png,frog
27355.png,automobile
27356.png,dog
27357.png,bird
27358.png,frog
27359.png,airplane
27360.png,dog
27361.png,truck
27362.png,cat
27363.png,frog
27364.png,horse
27365.png,ship
27366.png,truck
27367.png,deer
27368.png,frog
27369.png,bird
27370.png,truck
27371.png,ship
27372.png,automobile
27373.png,deer
27374.png,bird
27375.png,horse
27376.png,airplane
27377.png,frog
27378.png,dog
27379.png,ship
27380.png,frog
27381.png,truck
27382.png,horse
27383.png,automobile
27384.png,dog
27385.png,deer
27386.png,frog
27387.png,ship
27388.png,dog
27389.png,deer
27390.png,frog
27391.png,deer
27392.png,deer
27393.png,dog
27394.png,bird
27395.png,deer
27396.png,truck
27397.png,horse
27398.png,dog
27399.png,ship
27400.png,bird
27401.png,horse
27402.png,dog
27403.png,automobile
27404.png,frog
27405.png,automobile
27406.png,automobile
27407.png,horse
27408.png,cat
27409.png,dog
27410.png,deer
27411.png,ship
27412.png,horse
27413.png,deer
27414.png,cat
27415.png,frog
27416.png,airplane
27417.png,bird
27418.png,deer
27419.png,cat
27420.png,automobile
27421.png,truck
27422.png,horse
27423.png,dog
27424.png,horse
27425.png,cat
27426.png,airplane
27427.png,airplane
27428.png,airplane
27429.png,deer
27430.png,deer
27431.png,bird
27432.png,airplane
27433.png,cat
27434.png,cat
27435.png,airplane
27436.png,truck
27437.png,ship
27438.png,frog
27439.png,airplane
27440.png,truck
27441.png,airplane
27442.png,cat
27443.png,automobile
27444.png,dog
27445.png,airplane
27446.png,dog
27447.png,deer
27448.png,automobile
27449.png,truck
27450.png,ship
27451.png,frog
27452.png,horse
27453.png,horse
27454.png,deer
27455.png,frog
27456.png,deer
27457.png,dog
27458.png,truck
27459.png,ship
27460.png,dog
27461.png,airplane
27462.png,deer
27463.png,dog
27464.png,dog
27465.png,frog
27466.png,automobile
27467.png,deer
27468.png,cat
27469.png,deer
27470.png,deer
27471.png,bird
27472.png,truck
27473.png,dog
27474.png,frog
27475.png,frog
27476.png,cat
27477.png,bird
27478.png,bird
27479.png,frog
27480.png,deer
27481.png,bird
27482.png,horse
27483.png,bird
27484.png,truck
27485.png,bird
27486.png,cat
27487.png,frog
27488.png,airplane
27489.png,automobile
27490.png,deer
27491.png,ship
27492.png,deer
27493.png,bird
27494.png,deer
27495.png,deer
27496.png,dog
27497.png,ship
27498.png,airplane
27499.png,bird
27500.png,bird
27501.png,deer
27502.png,deer
27503.png,airplane
27504.png,frog
27505.png,frog
27506.png,horse
27507.png,automobile
27508.png,ship
27509.png,frog
27510.png,automobile
27511.png,automobile
27512.png,horse
27513.png,automobile
27514.png,deer
27515.png,dog
27516.png,ship
27517.png,airplane
27518.png,bird
27519.png,deer
27520.png,deer
27521.png,dog
27522.png,bird
27523.png,airplane
27524.png,truck
27525.png,truck
27526.png,cat
27527.png,frog
27528.png,truck
27529.png,dog
27530.png,horse
27531.png,dog
27532.png,deer
27533.png,ship
27534.png,airplane
27535.png,deer
27536.png,deer
27537.png,ship
27538.png,airplane
27539.png,automobile
27540.png,horse
27541.png,cat
27542.png,ship
27543.png,bird
27544.png,ship
27545.png,cat
27546.png,automobile
27547.png,bird
27548.png,deer
27549.png,truck
27550.png,bird
27551.png,ship
27552.png,truck
27553.png,airplane
27554.png,airplane
27555.png,frog
27556.png,bird
27557.png,cat
27558.png,bird
27559.png,deer
27560.png,cat
27561.png,bird
27562.png,ship
27563.png,airplane
27564.png,frog
27565.png,truck
27566.png,horse
27567.png,truck
27568.png,frog
27569.png,horse
27570.png,truck
27571.png,truck
27572.png,airplane
27573.png,deer
27574.png,horse
27575.png,horse
27576.png,truck
27577.png,automobile
27578.png,frog
27579.png,bird
27580.png,deer
27581.png,bird
27582.png,truck
27583.png,automobile
27584.png,horse
27585.png,automobile
27586.png,cat
27587.png,cat
27588.png,bird
27589.png,truck
27590.png,truck
27591.png,dog
27592.png,truck
27593.png,bird
27594.png,truck
27595.png,bird
27596.png,frog
27597.png,deer
27598.png,bird
27599.png,dog
27600.png,bird
27601.png,horse
27602.png,automobile
27603.png,frog
27604.png,truck
27605.png,deer
27606.png,cat
27607.png,frog
27608.png,automobile
27609.png,cat
27610.png,airplane
27611.png,frog
27612.png,frog
27613.png,ship
27614.png,deer
27615.png,deer
27616.png,ship
27617.png,truck
27618.png,truck
27619.png,ship
27620.png,cat
27621.png,cat
27622.png,ship
27623.png,truck
27624.png,airplane
27625.png,deer
27626.png,automobile
27627.png,frog
27628.png,automobile
27629.png,cat
27630.png,deer
27631.png,deer
27632.png,deer
27633.png,frog
27634.png,dog
27635.png,horse
27636.png,horse
27637.png,automobile
27638.png,horse
27639.png,airplane
27640.png,airplane
27641.png,ship
27642.png,cat
27643.png,automobile
27644.png,ship
27645.png,deer
27646.png,airplane
27647.png,airplane
27648.png,deer
27649.png,frog
27650.png,deer
27651.png,automobile
27652.png,frog
27653.png,cat
27654.png,dog
27655.png,truck
27656.png,ship
27657.png,automobile
27658.png,horse
27659.png,cat
27660.png,deer
27661.png,frog
27662.png,ship
27663.png,cat
27664.png,deer
27665.png,dog
27666.png,cat
27667.png,dog
27668.png,frog
27669.png,truck
27670.png,ship
27671.png,ship
27672.png,dog
27673.png,horse
27674.png,cat
27675.png,ship
27676.png,truck
27677.png,bird
27678.png,dog
27679.png,frog
27680.png,dog
27681.png,frog
27682.png,airplane
27683.png,horse
27684.png,cat
27685.png,bird
27686.png,bird
27687.png,airplane
27688.png,frog
27689.png,frog
27690.png,dog
27691.png,dog
27692.png,dog
27693.png,ship
27694.png,truck
27695.png,truck
27696.png,truck
27697.png,bird
27698.png,horse
27699.png,cat
27700.png,ship
27701.png,automobile
27702.png,dog
27703.png,cat
27704.png,airplane
27705.png,bird
27706.png,bird
27707.png,airplane
27708.png,truck
27709.png,frog
27710.png,automobile
27711.png,airplane
27712.png,dog
27713.png,horse
27714.png,dog
27715.png,cat
27716.png,ship
27717.png,automobile
27718.png,truck
27719.png,deer
27720.png,truck
27721.png,dog
27722.png,bird
27723.png,cat
27724.png,deer
27725.png,airplane
27726.png,deer
27727.png,horse
27728.png,ship
27729.png,ship
27730.png,bird
27731.png,automobile
27732.png,automobile
27733.png,dog
27734.png,truck
27735.png,cat
27736.png,cat
27737.png,truck
27738.png,bird
27739.png,bird
27740.png,frog
27741.png,truck
27742.png,frog
27743.png,cat
27744.png,bird
27745.png,bird
27746.png,automobile
27747.png,bird
27748.png,ship
27749.png,horse
27750.png,airplane
27751.png,bird
27752.png,airplane
27753.png,truck
27754.png,cat
27755.png,deer
27756.png,truck
27757.png,horse
27758.png,deer
27759.png,airplane
27760.png,cat
27761.png,airplane
27762.png,cat
27763.png,deer
27764.png,horse
27765.png,bird
27766.png,frog
27767.png,cat
27768.png,frog
27769.png,airplane
27770.png,automobile
27771.png,dog
27772.png,dog
27773.png,cat
27774.png,automobile
27775.png,horse
27776.png,horse
27777.png,dog
27778.png,airplane
27779.png,horse
27780.png,cat
27781.png,airplane
27782.png,horse
27783.png,horse
27784.png,ship
27785.png,truck
27786.png,truck
27787.png,cat
27788.png,deer
27789.png,truck
27790.png,deer
27791.png,deer
27792.png,truck
27793.png,automobile
27794.png,frog
27795.png,automobile
27796.png,bird
27797.png,cat
27798.png,dog
27799.png,truck
27800.png,truck
27801.png,bird
27802.png,deer
27803.png,automobile
27804.png,frog
27805.png,dog
27806.png,dog
27807.png,dog
27808.png,truck
27809.png,ship
27810.png,automobile
27811.png,truck
27812.png,truck
27813.png,deer
27814.png,airplane
27815.png,automobile
27816.png,truck
27817.png,bird
27818.png,deer
27819.png,truck
27820.png,dog
27821.png,ship
27822.png,truck
27823.png,horse
27824.png,bird
27825.png,horse
27826.png,bird
27827.png,cat
27828.png,horse
27829.png,dog
27830.png,automobile
27831.png,frog
27832.png,cat
27833.png,airplane
27834.png,dog
27835.png,frog
27836.png,dog
27837.png,horse
27838.png,truck
27839.png,dog
27840.png,ship
27841.png,horse
27842.png,ship
27843.png,ship
27844.png,frog
27845.png,dog
27846.png,bird
27847.png,ship
27848.png,deer
27849.png,deer
27850.png,horse
27851.png,airplane
27852.png,ship
27853.png,deer
27854.png,deer
27855.png,ship
27856.png,airplane
27857.png,frog
27858.png,ship
27859.png,ship
27860.png,dog
27861.png,deer
27862.png,ship
27863.png,airplane
27864.png,bird
27865.png,ship
27866.png,bird
27867.png,ship
27868.png,airplane
27869.png,automobile
27870.png,dog
27871.png,ship
27872.png,automobile
27873.png,frog
27874.png,airplane
27875.png,bird
27876.png,deer
27877.png,cat
27878.png,bird
27879.png,bird
27880.png,dog
27881.png,cat
27882.png,frog
27883.png,deer
27884.png,horse
27885.png,bird
27886.png,dog
27887.png,ship
27888.png,ship
27889.png,deer
27890.png,truck
27891.png,dog
27892.png,deer
27893.png,dog
27894.png,dog
27895.png,horse
27896.png,bird
27897.png,ship
27898.png,deer
27899.png,deer
27900.png,truck
27901.png,truck
27902.png,airplane
27903.png,ship
27904.png,dog
27905.png,cat
27906.png,automobile
27907.png,cat
27908.png,truck
27909.png,airplane
27910.png,cat
27911.png,horse
27912.png,airplane
27913.png,dog
27914.png,horse
27915.png,deer
27916.png,horse
27917.png,horse
27918.png,truck
27919.png,dog
27920.png,ship
27921.png,cat
27922.png,deer
27923.png,dog
27924.png,deer
27925.png,ship
27926.png,dog
27927.png,frog
27928.png,frog
27929.png,frog
27930.png,horse
27931.png,horse
27932.png,airplane
27933.png,ship
27934.png,frog
27935.png,airplane
27936.png,deer
27937.png,horse
27938.png,frog
27939.png,cat
27940.png,deer
27941.png,airplane
27942.png,dog
27943.png,automobile
27944.png,dog
27945.png,airplane
27946.png,dog
27947.png,deer
27948.png,dog
27949.png,bird
27950.png,truck
27951.png,dog
27952.png,horse
27953.png,horse
27954.png,automobile
27955.png,airplane
27956.png,ship
27957.png,dog
27958.png,truck
27959.png,ship
27960.png,truck
27961.png,ship
27962.png,airplane
27963.png,airplane
27964.png,cat
27965.png,deer
27966.png,truck
27967.png,bird
27968.png,cat
27969.png,dog
27970.png,horse
27971.png,automobile
27972.png,frog
27973.png,truck
27974.png,bird
27975.png,dog
27976.png,truck
27977.png,ship
27978.png,dog
27979.png,ship
27980.png,truck
27981.png,bird
27982.png,airplane
27983.png,ship
27984.png,truck
27985.png,bird
27986.png,horse
27987.png,airplane
27988.png,horse
27989.png,ship
27990.png,automobile
27991.png,deer
27992.png,dog
27993.png,frog
27994.png,cat
27995.png,automobile
27996.png,truck
27997.png,frog
27998.png,truck
27999.png,horse
28000.png,dog
28001.png,airplane
28002.png,automobile
28003.png,deer
28004.png,airplane
28005.png,truck
28006.png,automobile
28007.png,ship
28008.png,dog
28009.png,automobile
28010.png,airplane
28011.png,truck
28012.png,frog
28013.png,ship
28014.png,deer
28015.png,airplane
28016.png,horse
28017.png,ship
28018.png,airplane
28019.png,automobile
28020.png,truck
28021.png,cat
28022.png,frog
28023.png,dog
28024.png,horse
28025.png,automobile
28026.png,airplane
28027.png,bird
28028.png,automobile
28029.png,cat
28030.png,cat
28031.png,horse
28032.png,bird
28033.png,frog
28034.png,airplane
28035.png,cat
28036.png,airplane
28037.png,airplane
28038.png,ship
28039.png,automobile
28040.png,deer
28041.png,deer
28042.png,automobile
28043.png,frog
28044.png,bird
28045.png,horse
28046.png,automobile
28047.png,truck
28048.png,dog
28049.png,horse
28050.png,deer
28051.png,cat
28052.png,bird
28053.png,airplane
28054.png,truck
28055.png,automobile
28056.png,cat
28057.png,frog
28058.png,bird
28059.png,cat
28060.png,automobile
28061.png,frog
28062.png,frog
28063.png,dog
28064.png,airplane
28065.png,automobile
28066.png,truck
28067.png,ship
28068.png,cat
28069.png,airplane
28070.png,dog
28071.png,dog
28072.png,truck
28073.png,deer
28074.png,horse
28075.png,deer
28076.png,cat
28077.png,deer
28078.png,automobile
28079.png,cat
28080.png,dog
28081.png,airplane
28082.png,automobile
28083.png,horse
28084.png,cat
28085.png,deer
28086.png,ship
28087.png,automobile
28088.png,horse
28089.png,frog
28090.png,automobile
28091.png,dog
28092.png,cat
28093.png,airplane
28094.png,dog
28095.png,dog
28096.png,bird
28097.png,automobile
28098.png,deer
28099.png,automobile
28100.png,dog
28101.png,deer
28102.png,horse
28103.png,horse
28104.png,ship
28105.png,horse
28106.png,automobile
28107.png,frog
28108.png,bird
28109.png,bird
28110.png,cat
28111.png,automobile
28112.png,horse
28113.png,bird
28114.png,airplane
28115.png,bird
28116.png,ship
28117.png,bird
28118.png,horse
28119.png,horse
28120.png,truck
28121.png,truck
28122.png,cat
28123.png,automobile
28124.png,truck
28125.png,bird
28126.png,ship
28127.png,airplane
28128.png,automobile
28129.png,ship
28130.png,truck
28131.png,dog
28132.png,cat
28133.png,horse
28134.png,airplane
28135.png,ship
28136.png,cat
28137.png,frog
28138.png,automobile
28139.png,airplane
28140.png,frog
28141.png,airplane
28142.png,truck
28143.png,cat
28144.png,frog
28145.png,dog
28146.png,horse
28147.png,deer
28148.png,dog
28149.png,automobile
28150.png,cat
28151.png,horse
28152.png,deer
28153.png,horse
28154.png,ship
28155.png,ship
28156.png,cat
28157.png,horse
28158.png,cat
28159.png,bird
28160.png,truck
28161.png,deer
28162.png,bird
28163.png,cat
28164.png,automobile
28165.png,bird
28166.png,deer
28167.png,truck
28168.png,deer
28169.png,horse
28170.png,frog
28171.png,deer
28172.png,frog
28173.png,dog
28174.png,bird
28175.png,deer
28176.png,automobile
28177.png,bird
28178.png,frog
28179.png,airplane
28180.png,airplane
28181.png,ship
28182.png,frog
28183.png,horse
28184.png,automobile
28185.png,horse
28186.png,airplane
28187.png,deer
28188.png,automobile
28189.png,frog
28190.png,truck
28191.png,cat
28192.png,deer
28193.png,automobile
28194.png,automobile
28195.png,frog
28196.png,horse
28197.png,automobile
28198.png,horse
28199.png,horse
28200.png,truck
28201.png,deer
28202.png,horse
28203.png,horse
28204.png,frog
28205.png,ship
28206.png,ship
28207.png,horse
28208.png,truck
28209.png,airplane
28210.png,cat
28211.png,automobile
28212.png,horse
28213.png,airplane
28214.png,deer
28215.png,cat
28216.png,truck
28217.png,airplane
28218.png,dog
28219.png,dog
28220.png,deer
28221.png,automobile
28222.png,dog
28223.png,frog
28224.png,airplane
28225.png,bird
28226.png,bird
28227.png,deer
28228.png,bird
28229.png,deer
28230.png,truck
28231.png,ship
28232.png,airplane
28233.png,deer
28234.png,truck
28235.png,horse
28236.png,truck
28237.png,frog
28238.png,cat
28239.png,bird
28240.png,ship
28241.png,horse
28242.png,dog
28243.png,cat
28244.png,horse
28245.png,automobile
28246.png,automobile
28247.png,deer
28248.png,dog
28249.png,automobile
28250.png,horse
28251.png,deer
28252.png,dog
28253.png,frog
28254.png,cat
28255.png,frog
28256.png,deer
28257.png,horse
28258.png,horse
28259.png,frog
28260.png,truck
28261.png,deer
28262.png,truck
28263.png,horse
28264.png,dog
28265.png,horse
28266.png,automobile
28267.png,ship
28268.png,airplane
28269.png,automobile
28270.png,ship
28271.png,airplane
28272.png,deer
28273.png,airplane
28274.png,airplane
28275.png,automobile
28276.png,frog
28277.png,automobile
28278.png,frog
28279.png,deer
28280.png,ship
28281.png,automobile
28282.png,bird
28283.png,dog
28284.png,dog
28285.png,ship
28286.png,truck
28287.png,dog
28288.png,ship
28289.png,automobile
28290.png,deer
28291.png,deer
28292.png,bird
28293.png,automobile
28294.png,horse
28295.png,dog
28296.png,ship
28297.png,horse
28298.png,automobile
28299.png,automobile
28300.png,dog
28301.png,airplane
28302.png,bird
28303.png,airplane
28304.png,frog
28305.png,truck
28306.png,airplane
28307.png,dog
28308.png,bird
28309.png,cat
28310.png,truck
28311.png,ship
28312.png,airplane
28313.png,cat
28314.png,deer
28315.png,automobile
28316.png,deer
28317.png,cat
28318.png,deer
28319.png,truck
28320.png,deer
28321.png,airplane
28322.png,dog
28323.png,frog
28324.png,ship
28325.png,ship
28326.png,frog
28327.png,automobile
28328.png,bird
28329.png,horse
28330.png,truck
28331.png,cat
28332.png,cat
28333.png,ship
28334.png,bird
28335.png,deer
28336.png,automobile
28337.png,dog
28338.png,truck
28339.png,deer
28340.png,dog
28341.png,dog
28342.png,dog
28343.png,dog
28344.png,bird
28345.png,automobile
28346.png,bird
28347.png,deer
28348.png,automobile
28349.png,bird
28350.png,deer
28351.png,dog
28352.png,truck
28353.png,automobile
28354.png,truck
28355.png,airplane
28356.png,frog
28357.png,cat
28358.png,bird
28359.png,truck
28360.png,truck
28361.png,airplane
28362.png,cat
28363.png,automobile
28364.png,airplane
28365.png,horse
28366.png,truck
28367.png,horse
28368.png,frog
28369.png,cat
28370.png,horse
28371.png,frog
28372.png,truck
28373.png,deer
28374.png,cat
28375.png,frog
28376.png,deer
28377.png,truck
28378.png,bird
28379.png,frog
28380.png,truck
28381.png,airplane
28382.png,automobile
28383.png,frog
28384.png,automobile
28385.png,ship
28386.png,horse
28387.png,dog
28388.png,deer
28389.png,deer
28390.png,dog
28391.png,truck
28392.png,truck
28393.png,horse
28394.png,automobile
28395.png,automobile
28396.png,frog
28397.png,ship
28398.png,bird
28399.png,horse
28400.png,bird
28401.png,airplane
28402.png,airplane
28403.png,airplane
28404.png,bird
28405.png,dog
28406.png,truck
28407.png,truck
28408.png,deer
28409.png,airplane
28410.png,dog
28411.png,bird
28412.png,dog
28413.png,ship
28414.png,frog
28415.png,deer
28416.png,truck
28417.png,frog
28418.png,automobile
28419.png,ship
28420.png,cat
28421.png,automobile
28422.png,frog
28423.png,bird
28424.png,cat
28425.png,ship
28426.png,dog
28427.png,bird
28428.png,dog
28429.png,airplane
28430.png,horse
28431.png,dog
28432.png,ship
28433.png,frog
28434.png,cat
28435.png,automobile
28436.png,ship
28437.png,ship
28438.png,cat
28439.png,dog
28440.png,dog
28441.png,dog
28442.png,automobile
28443.png,dog
28444.png,bird
28445.png,airplane
28446.png,frog
28447.png,horse
28448.png,cat
28449.png,truck
28450.png,airplane
28451.png,ship
28452.png,truck
28453.png,bird
28454.png,horse
28455.png,frog
28456.png,horse
28457.png,airplane
28458.png,cat
28459.png,bird
28460.png,truck
28461.png,dog
28462.png,ship
28463.png,frog
28464.png,horse
28465.png,deer
28466.png,horse
28467.png,frog
28468.png,airplane
28469.png,horse
28470.png,airplane
28471.png,deer
28472.png,dog
28473.png,cat
28474.png,horse
28475.png,automobile
28476.png,dog
28477.png,automobile
28478.png,cat
28479.png,deer
28480.png,bird
28481.png,horse
28482.png,frog
28483.png,frog
28484.png,truck
28485.png,dog
28486.png,deer
28487.png,horse
28488.png,airplane
28489.png,cat
28490.png,deer
28491.png,frog
28492.png,ship
28493.png,frog
28494.png,ship
28495.png,frog
28496.png,truck
28497.png,horse
28498.png,bird
28499.png,horse
28500.png,ship
28501.png,deer
28502.png,frog
28503.png,horse
28504.png,frog
28505.png,frog
28506.png,dog
28507.png,frog
28508.png,ship
28509.png,dog
28510.png,deer
28511.png,dog
28512.png,truck
28513.png,airplane
28514.png,cat
28515.png,truck
28516.png,airplane
28517.png,dog
28518.png,bird
28519.png,bird
28520.png,dog
28521.png,horse
28522.png,bird
28523.png,deer
28524.png,cat
28525.png,horse
28526.png,airplane
28527.png,automobile
28528.png,truck
28529.png,horse
28530.png,cat
28531.png,automobile
28532.png,dog
28533.png,automobile
28534.png,frog
28535.png,truck
28536.png,automobile
28537.png,dog
28538.png,ship
28539.png,automobile
28540.png,automobile
28541.png,frog
28542.png,automobile
28543.png,frog
28544.png,truck
28545.png,truck
28546.png,bird
28547.png,ship
28548.png,truck
28549.png,airplane
28550.png,truck
28551.png,dog
28552.png,bird
28553.png,automobile
28554.png,horse
28555.png,cat
28556.png,deer
28557.png,cat
28558.png,bird
28559.png,airplane
28560.png,automobile
28561.png,truck
28562.png,deer
28563.png,ship
28564.png,cat
28565.png,bird
28566.png,frog
28567.png,horse
28568.png,truck
28569.png,bird
28570.png,horse
28571.png,airplane
28572.png,truck
28573.png,truck
28574.png,horse
28575.png,cat
28576.png,dog
28577.png,deer
28578.png,deer
28579.png,horse
28580.png,horse
28581.png,automobile
28582.png,truck
28583.png,cat
28584.png,deer
28585.png,airplane
28586.png,automobile
28587.png,ship
28588.png,cat
28589.png,frog
28590.png,horse
28591.png,deer
28592.png,truck
28593.png,cat
28594.png,bird
28595.png,bird
28596.png,dog
28597.png,deer
28598.png,cat
28599.png,automobile
28600.png,ship
28601.png,deer
28602.png,truck
28603.png,dog
28604.png,deer
28605.png,truck
28606.png,automobile
28607.png,frog
28608.png,frog
28609.png,cat
28610.png,cat
28611.png,frog
28612.png,bird
28613.png,dog
28614.png,deer
28615.png,deer
28616.png,automobile
28617.png,dog
28618.png,automobile
28619.png,bird
28620.png,airplane
28621.png,deer
28622.png,frog
28623.png,automobile
28624.png,automobile
28625.png,truck
28626.png,airplane
28627.png,automobile
28628.png,airplane
28629.png,bird
28630.png,dog
28631.png,frog
28632.png,cat
28633.png,dog
28634.png,dog
28635.png,automobile
28636.png,truck
28637.png,airplane
28638.png,horse
28639.png,horse
28640.png,horse
28641.png,automobile
28642.png,bird
28643.png,ship
28644.png,automobile
28645.png,frog
28646.png,bird
28647.png,bird
28648.png,deer
28649.png,bird
28650.png,deer
28651.png,airplane
28652.png,frog
28653.png,dog
28654.png,airplane
28655.png,deer
28656.png,automobile
28657.png,truck
28658.png,cat
28659.png,deer
28660.png,dog
28661.png,dog
28662.png,dog
28663.png,bird
28664.png,frog
28665.png,bird
28666.png,airplane
28667.png,deer
28668.png,bird
28669.png,frog
28670.png,cat
28671.png,horse
28672.png,automobile
28673.png,frog
28674.png,bird
28675.png,truck
28676.png,airplane
28677.png,deer
28678.png,dog
28679.png,frog
28680.png,dog
28681.png,bird
28682.png,airplane
28683.png,ship
28684.png,ship
28685.png,truck
28686.png,automobile
28687.png,bird
28688.png,ship
28689.png,automobile
28690.png,bird
28691.png,frog
28692.png,dog
28693.png,frog
28694.png,dog
28695.png,automobile
28696.png,horse
28697.png,deer
28698.png,cat
28699.png,cat
28700.png,airplane
28701.png,cat
28702.png,truck
28703.png,truck
28704.png,airplane
28705.png,cat
28706.png,bird
28707.png,ship
28708.png,ship
28709.png,bird
28710.png,truck
28711.png,horse
28712.png,deer
28713.png,cat
28714.png,truck
28715.png,truck
28716.png,horse
28717.png,airplane
28718.png,cat
28719.png,dog
28720.png,horse
28721.png,dog
28722.png,horse
28723.png,frog
28724.png,dog
28725.png,airplane
28726.png,cat
28727.png,dog
28728.png,horse
28729.png,ship
28730.png,deer
28731.png,dog
28732.png,cat
28733.png,frog
28734.png,airplane
28735.png,bird
28736.png,horse
28737.png,dog
28738.png,frog
28739.png,cat
28740.png,deer
28741.png,dog
28742.png,dog
28743.png,airplane
28744.png,ship
28745.png,deer
28746.png,frog
28747.png,dog
28748.png,truck
28749.png,bird
28750.png,frog
28751.png,airplane
28752.png,deer
28753.png,deer
28754.png,truck
28755.png,dog
28756.png,deer
28757.png,dog
28758.png,dog
28759.png,dog
28760.png,horse
28761.png,frog
28762.png,automobile
28763.png,ship
28764.png,automobile
28765.png,horse
28766.png,airplane
28767.png,deer
28768.png,airplane
28769.png,ship
28770.png,deer
28771.png,bird
28772.png,horse
28773.png,cat
28774.png,cat
28775.png,truck
28776.png,ship
28777.png,frog
28778.png,dog
28779.png,truck
28780.png,dog
28781.png,automobile
28782.png,truck
28783.png,ship
28784.png,truck
28785.png,automobile
28786.png,deer
28787.png,cat
28788.png,cat
28789.png,bird
28790.png,deer
28791.png,automobile
28792.png,airplane
28793.png,cat
28794.png,deer
28795.png,airplane
28796.png,deer
28797.png,deer
28798.png,deer
28799.png,automobile
28800.png,deer
28801.png,ship
28802.png,horse
28803.png,bird
28804.png,deer
28805.png,automobile
28806.png,automobile
28807.png,frog
28808.png,ship
28809.png,cat
28810.png,deer
28811.png,automobile
28812.png,cat
28813.png,horse
28814.png,cat
28815.png,bird
28816.png,horse
28817.png,frog
28818.png,airplane
28819.png,automobile
28820.png,cat
28821.png,frog
28822.png,automobile
28823.png,automobile
28824.png,deer
28825.png,cat
28826.png,dog
28827.png,airplane
28828.png,bird
28829.png,airplane
28830.png,ship
28831.png,deer
28832.png,dog
28833.png,horse
28834.png,airplane
28835.png,bird
28836.png,cat
28837.png,horse
28838.png,deer
28839.png,cat
28840.png,cat
28841.png,automobile
28842.png,ship
28843.png,ship
28844.png,dog
28845.png,automobile
28846.png,dog
28847.png,truck
28848.png,automobile
28849.png,automobile
28850.png,bird
28851.png,truck
28852.png,dog
28853.png,dog
28854.png,horse
28855.png,dog
28856.png,ship
28857.png,bird
28858.png,dog
28859.png,automobile
28860.png,frog
28861.png,frog
28862.png,automobile
28863.png,bird
28864.png,truck
28865.png,cat
28866.png,airplane
28867.png,airplane
28868.png,bird
28869.png,horse
28870.png,frog
28871.png,dog
28872.png,truck
28873.png,bird
28874.png,automobile
28875.png,ship
28876.png,deer
28877.png,automobile
28878.png,dog
28879.png,bird
28880.png,truck
28881.png,cat
28882.png,deer
28883.png,automobile
28884.png,airplane
28885.png,horse
28886.png,deer
28887.png,truck
28888.png,airplane
28889.png,truck
28890.png,dog
28891.png,bird
28892.png,cat
28893.png,deer
28894.png,bird
28895.png,horse
28896.png,horse
28897.png,automobile
28898.png,airplane
28899.png,ship
28900.png,truck
28901.png,dog
28902.png,truck
28903.png,dog
28904.png,deer
28905.png,deer
28906.png,horse
28907.png,automobile
28908.png,truck
28909.png,truck
28910.png,dog
28911.png,automobile
28912.png,horse
28913.png,airplane
28914.png,deer
28915.png,horse
28916.png,truck
28917.png,horse
28918.png,airplane
28919.png,ship
28920.png,airplane
28921.png,horse
28922.png,airplane
28923.png,ship
28924.png,horse
28925.png,airplane
28926.png,frog
28927.png,automobile
28928.png,bird
28929.png,ship
28930.png,ship
28931.png,airplane
28932.png,truck
28933.png,truck
28934.png,bird
28935.png,bird
28936.png,bird
28937.png,horse
28938.png,automobile
28939.png,automobile
28940.png,deer
28941.png,ship
28942.png,automobile
28943.png,cat
28944.png,frog
28945.png,bird
28946.png,horse
28947.png,dog
28948.png,dog
28949.png,bird
28950.png,truck
28951.png,ship
28952.png,horse
28953.png,dog
28954.png,cat
28955.png,ship
28956.png,ship
28957.png,frog
28958.png,automobile
28959.png,automobile
28960.png,truck
28961.png,truck
28962.png,dog
28963.png,deer
28964.png,automobile
28965.png,cat
28966.png,horse
28967.png,airplane
28968.png,dog
28969.png,truck
28970.png,horse
28971.png,bird
28972.png,deer
28973.png,airplane
28974.png,dog
28975.png,truck
28976.png,automobile
28977.png,dog
28978.png,horse
28979.png,airplane
28980.png,ship
28981.png,frog
28982.png,automobile
28983.png,dog
28984.png,cat
28985.png,cat
28986.png,ship
28987.png,frog
28988.png,horse
28989.png,truck
28990.png,automobile
28991.png,frog
28992.png,cat
28993.png,frog
28994.png,frog
28995.png,bird
28996.png,dog
28997.png,cat
28998.png,dog
28999.png,frog
29000.png,dog
29001.png,truck
29002.png,cat
29003.png,truck
29004.png,airplane
29005.png,cat
29006.png,bird
29007.png,dog
29008.png,automobile
29009.png,deer
29010.png,frog
29011.png,cat
29012.png,cat
29013.png,cat
29014.png,truck
29015.png,ship
29016.png,cat
29017.png,horse
29018.png,horse
29019.png,horse
29020.png,automobile
29021.png,dog
29022.png,cat
29023.png,dog
29024.png,automobile
29025.png,deer
29026.png,truck
29027.png,horse
29028.png,ship
29029.png,cat
29030.png,automobile
29031.png,ship
29032.png,dog
29033.png,dog
29034.png,bird
29035.png,deer
29036.png,horse
29037.png,horse
29038.png,dog
29039.png,cat
29040.png,airplane
29041.png,dog
29042.png,deer
29043.png,bird
29044.png,truck
29045.png,automobile
29046.png,truck
29047.png,deer
29048.png,horse
29049.png,bird
29050.png,automobile
29051.png,cat
29052.png,ship
29053.png,deer
29054.png,airplane
29055.png,truck
29056.png,ship
29057.png,ship
29058.png,airplane
29059.png,bird
29060.png,truck
29061.png,airplane
29062.png,dog
29063.png,horse
29064.png,frog
29065.png,horse
29066.png,deer
29067.png,automobile
29068.png,ship
29069.png,automobile
29070.png,deer
29071.png,deer
29072.png,deer
29073.png,truck
29074.png,truck
29075.png,cat
29076.png,ship
29077.png,bird
29078.png,dog
29079.png,ship
29080.png,bird
29081.png,frog
29082.png,horse
29083.png,cat
29084.png,deer
29085.png,cat
29086.png,truck
29087.png,deer
29088.png,bird
29089.png,automobile
29090.png,frog
29091.png,bird
29092.png,truck
29093.png,airplane
29094.png,frog
29095.png,truck
29096.png,frog
29097.png,cat
29098.png,frog
29099.png,deer
29100.png,airplane
29101.png,deer
29102.png,deer
29103.png,deer
29104.png,frog
29105.png,airplane
29106.png,truck
29107.png,frog
29108.png,frog
29109.png,frog
29110.png,cat
29111.png,dog
29112.png,deer
29113.png,truck
29114.png,cat
29115.png,truck
29116.png,truck
29117.png,truck
29118.png,automobile
29119.png,airplane
29120.png,frog
29121.png,automobile
29122.png,automobile
29123.png,truck
29124.png,frog
29125.png,horse
29126.png,deer
29127.png,bird
29128.png,dog
29129.png,deer
29130.png,deer
29131.png,truck
29132.png,deer
29133.png,dog
29134.png,automobile
29135.png,ship
29136.png,bird
29137.png,frog
29138.png,horse
29139.png,deer
29140.png,cat
29141.png,airplane
29142.png,frog
29143.png,truck
29144.png,automobile
29145.png,dog
29146.png,dog
29147.png,automobile
29148.png,ship
29149.png,truck
29150.png,automobile
29151.png,bird
29152.png,airplane
29153.png,deer
29154.png,airplane
29155.png,cat
29156.png,horse
29157.png,bird
29158.png,truck
29159.png,horse
29160.png,cat
29161.png,airplane
29162.png,deer
29163.png,bird
29164.png,deer
29165.png,frog
29166.png,cat
29167.png,horse
29168.png,truck
29169.png,truck
29170.png,truck
29171.png,ship
29172.png,automobile
29173.png,deer
29174.png,airplane
29175.png,airplane
29176.png,ship
29177.png,automobile
29178.png,cat
29179.png,horse
29180.png,truck
29181.png,bird
29182.png,bird
29183.png,truck
29184.png,deer
29185.png,deer
29186.png,horse
29187.png,truck
29188.png,cat
29189.png,automobile
29190.png,airplane
29191.png,airplane
29192.png,frog
29193.png,deer
29194.png,truck
29195.png,frog
29196.png,horse
29197.png,horse
29198.png,truck
29199.png,bird
29200.png,ship
29201.png,cat
29202.png,cat
29203.png,deer
29204.png,automobile
29205.png,dog
29206.png,automobile
29207.png,horse
29208.png,truck
29209.png,horse
29210.png,automobile
29211.png,truck
29212.png,horse
29213.png,automobile
29214.png,cat
29215.png,frog
29216.png,cat
29217.png,frog
29218.png,frog
29219.png,deer
29220.png,airplane
29221.png,bird
29222.png,truck
29223.png,truck
29224.png,frog
29225.png,truck
29226.png,airplane
29227.png,automobile
29228.png,ship
29229.png,truck
29230.png,bird
29231.png,automobile
29232.png,automobile
29233.png,airplane
29234.png,frog
29235.png,truck
29236.png,cat
29237.png,horse
29238.png,deer
29239.png,truck
29240.png,ship
29241.png,deer
29242.png,frog
29243.png,dog
29244.png,bird
29245.png,airplane
29246.png,horse
29247.png,airplane
29248.png,cat
29249.png,truck
29250.png,bird
29251.png,deer
29252.png,dog
29253.png,automobile
29254.png,frog
29255.png,deer
29256.png,cat
29257.png,dog
29258.png,airplane
29259.png,truck
29260.png,frog
29261.png,cat
29262.png,automobile
29263.png,ship
29264.png,cat
29265.png,automobile
29266.png,deer
29267.png,dog
29268.png,deer
29269.png,dog
29270.png,bird
29271.png,automobile
29272.png,dog
29273.png,horse
29274.png,cat
29275.png,airplane
29276.png,automobile
29277.png,dog
29278.png,automobile
29279.png,deer
29280.png,frog
29281.png,airplane
29282.png,horse
29283.png,frog
29284.png,automobile
29285.png,frog
29286.png,automobile
29287.png,airplane
29288.png,ship
29289.png,automobile
29290.png,airplane
29291.png,automobile
29292.png,deer
29293.png,frog
29294.png,airplane
29295.png,frog
29296.png,airplane
29297.png,frog
29298.png,bird
29299.png,bird
29300.png,automobile
29301.png,bird
29302.png,truck
29303.png,dog
29304.png,bird
29305.png,dog
29306.png,horse
29307.png,truck
29308.png,airplane
29309.png,automobile
29310.png,automobile
29311.png,frog
29312.png,automobile
29313.png,horse
29314.png,cat
29315.png,automobile
29316.png,automobile
29317.png,ship
29318.png,ship
29319.png,automobile
29320.png,ship
29321.png,horse
29322.png,dog
29323.png,cat
29324.png,horse
29325.png,cat
29326.png,automobile
29327.png,horse
29328.png,frog
29329.png,ship
29330.png,deer
29331.png,automobile
29332.png,horse
29333.png,frog
29334.png,ship
29335.png,truck
29336.png,truck
29337.png,airplane
29338.png,cat
29339.png,airplane
29340.png,frog
29341.png,ship
29342.png,airplane
29343.png,dog
29344.png,airplane
29345.png,ship
29346.png,bird
29347.png,automobile
29348.png,automobile
29349.png,airplane
29350.png,truck
29351.png,horse
29352.png,bird
29353.png,truck
29354.png,deer
29355.png,bird
29356.png,horse
29357.png,truck
29358.png,frog
29359.png,dog
29360.png,horse
29361.png,frog
29362.png,deer
29363.png,ship
29364.png,bird
29365.png,airplane
29366.png,horse
29367.png,deer
29368.png,airplane
29369.png,deer
29370.png,horse
29371.png,horse
29372.png,ship
29373.png,frog
29374.png,dog
29375.png,bird
29376.png,frog
29377.png,deer
29378.png,deer
29379.png,airplane
29380.png,bird
29381.png,airplane
29382.png,frog
29383.png,dog
29384.png,frog
29385.png,truck
29386.png,frog
29387.png,dog
29388.png,horse
29389.png,frog
29390.png,bird
29391.png,dog
29392.png,frog
29393.png,dog
29394.png,dog
29395.png,automobile
29396.png,cat
29397.png,deer
29398.png,cat
29399.png,dog
29400.png,ship
29401.png,airplane
29402.png,truck
29403.png,dog
29404.png,bird
29405.png,deer
29406.png,deer
29407.png,horse
29408.png,ship
29409.png,frog
29410.png,automobile
29411.png,automobile
29412.png,dog
29413.png,airplane
29414.png,airplane
29415.png,ship
29416.png,bird
29417.png,horse
29418.png,bird
29419.png,truck
29420.png,deer
29421.png,deer
29422.png,ship
29423.png,dog
29424.png,cat
29425.png,bird
29426.png,dog
29427.png,frog
29428.png,frog
29429.png,ship
29430.png,automobile
29431.png,automobile
29432.png,truck
29433.png,dog
29434.png,bird
29435.png,frog
29436.png,truck
29437.png,frog
29438.png,ship
29439.png,truck
29440.png,cat
29441.png,truck
29442.png,horse
29443.png,cat
29444.png,horse
29445.png,airplane
29446.png,deer
29447.png,ship
29448.png,automobile
29449.png,bird
29450.png,cat
29451.png,dog
29452.png,cat
29453.png,dog
29454.png,horse
29455.png,dog
29456.png,ship
29457.png,frog
29458.png,frog
29459.png,truck
29460.png,dog
29461.png,cat
29462.png,horse
29463.png,truck
29464.png,dog
29465.png,cat
29466.png,frog
29467.png,deer
29468.png,cat
29469.png,airplane
29470.png,automobile
29471.png,bird
29472.png,deer
29473.png,truck
29474.png,automobile
29475.png,dog
29476.png,ship
29477.png,ship
29478.png,ship
29479.png,cat
29480.png,ship
29481.png,airplane
29482.png,horse
29483.png,dog
29484.png,bird
29485.png,cat
29486.png,automobile
29487.png,horse
29488.png,airplane
29489.png,cat
29490.png,deer
29491.png,ship
29492.png,dog
29493.png,airplane
29494.png,ship
29495.png,automobile
29496.png,truck
29497.png,deer
29498.png,airplane
29499.png,cat
29500.png,horse
29501.png,ship
29502.png,bird
29503.png,cat
29504.png,bird
29505.png,truck
29506.png,airplane
29507.png,frog
29508.png,truck
29509.png,dog
29510.png,dog
29511.png,ship
29512.png,bird
29513.png,automobile
29514.png,airplane
29515.png,truck
29516.png,airplane
29517.png,frog
29518.png,bird
29519.png,airplane
29520.png,truck
29521.png,cat
29522.png,dog
29523.png,automobile
29524.png,cat
29525.png,ship
29526.png,deer
29527.png,horse
29528.png,automobile
29529.png,deer
29530.png,truck
29531.png,ship
29532.png,bird
29533.png,bird
29534.png,horse
29535.png,horse
29536.png,horse
29537.png,automobile
29538.png,ship
29539.png,frog
29540.png,deer
29541.png,airplane
29542.png,bird
29543.png,airplane
29544.png,automobile
29545.png,airplane
29546.png,automobile
29547.png,automobile
29548.png,frog
29549.png,bird
29550.png,dog
29551.png,frog
29552.png,truck
29553.png,automobile
29554.png,ship
29555.png,dog
29556.png,automobile
29557.png,ship
29558.png,horse
29559.png,dog
29560.png,ship
29561.png,frog
29562.png,cat
29563.png,dog
29564.png,bird
29565.png,ship
29566.png,truck
29567.png,dog
29568.png,cat
29569.png,frog
29570.png,cat
29571.png,bird
29572.png,automobile
29573.png,frog
29574.png,frog
29575.png,truck
29576.png,dog
29577.png,automobile
29578.png,dog
29579.png,airplane
29580.png,dog
29581.png,truck
29582.png,bird
29583.png,deer
29584.png,cat
29585.png,ship
29586.png,truck
29587.png,horse
29588.png,airplane
29589.png,horse
29590.png,automobile
29591.png,truck
29592.png,automobile
29593.png,horse
29594.png,airplane
29595.png,bird
29596.png,bird
29597.png,airplane
29598.png,deer
29599.png,ship
29600.png,airplane
29601.png,ship
29602.png,ship
29603.png,truck
29604.png,dog
29605.png,truck
29606.png,deer
29607.png,airplane
29608.png,cat
29609.png,dog
29610.png,truck
29611.png,deer
29612.png,bird
29613.png,bird
29614.png,deer
29615.png,horse
29616.png,dog
29617.png,automobile
29618.png,ship
29619.png,horse
29620.png,horse
29621.png,airplane
29622.png,horse
29623.png,horse
29624.png,airplane
29625.png,dog
29626.png,bird
29627.png,horse
29628.png,frog
29629.png,truck
29630.png,deer
29631.png,dog
29632.png,dog
29633.png,deer
29634.png,automobile
29635.png,airplane
29636.png,deer
29637.png,bird
29638.png,bird
29639.png,cat
29640.png,automobile
29641.png,frog
29642.png,airplane
29643.png,truck
29644.png,cat
29645.png,horse
29646.png,bird
29647.png,horse
29648.png,ship
29649.png,horse
29650.png,dog
29651.png,bird
29652.png,truck
29653.png,horse
29654.png,airplane
29655.png,cat
29656.png,airplane
29657.png,horse
29658.png,deer
29659.png,bird
29660.png,airplane
29661.png,dog
29662.png,ship
29663.png,cat
29664.png,deer
29665.png,horse
29666.png,airplane
29667.png,airplane
29668.png,horse
29669.png,truck
29670.png,horse
29671.png,deer
29672.png,horse
29673.png,truck
29674.png,bird
29675.png,ship
29676.png,automobile
29677.png,ship
29678.png,frog
29679.png,bird
29680.png,deer
29681.png,frog
29682.png,bird
29683.png,bird
29684.png,dog
29685.png,cat
29686.png,cat
29687.png,horse
29688.png,frog
29689.png,horse
29690.png,ship
29691.png,ship
29692.png,frog
29693.png,cat
29694.png,automobile
29695.png,ship
29696.png,ship
29697.png,frog
29698.png,truck
29699.png,deer
29700.png,automobile
29701.png,truck
29702.png,cat
29703.png,horse
29704.png,automobile
29705.png,airplane
29706.png,cat
29707.png,bird
29708.png,bird
29709.png,ship
29710.png,bird
29711.png,automobile
29712.png,automobile
29713.png,dog
29714.png,dog
29715.png,bird
29716.png,bird
29717.png,automobile
29718.png,airplane
29719.png,horse
29720.png,horse
29721.png,frog
29722.png,truck
29723.png,ship
29724.png,deer
29725.png,airplane
29726.png,ship
29727.png,ship
29728.png,horse
29729.png,bird
29730.png,airplane
29731.png,bird
29732.png,frog
29733.png,airplane
29734.png,horse
29735.png,ship
29736.png,airplane
29737.png,frog
29738.png,deer
29739.png,deer
29740.png,truck
29741.png,horse
29742.png,horse
29743.png,bird
29744.png,deer
29745.png,automobile
29746.png,horse
29747.png,ship
29748.png,ship
29749.png,airplane
29750.png,frog
29751.png,truck
29752.png,frog
29753.png,frog
29754.png,truck
29755.png,airplane
29756.png,dog
29757.png,deer
29758.png,dog
29759.png,dog
29760.png,airplane
29761.png,dog
29762.png,automobile
29763.png,ship
29764.png,automobile
29765.png,ship
29766.png,automobile
29767.png,ship
29768.png,frog
29769.png,cat
29770.png,dog
29771.png,deer
29772.png,deer
29773.png,airplane
29774.png,ship
29775.png,dog
29776.png,dog
29777.png,truck
29778.png,automobile
29779.png,horse
29780.png,bird
29781.png,cat
29782.png,ship
29783.png,ship
29784.png,airplane
29785.png,truck
29786.png,dog
29787.png,ship
29788.png,deer
29789.png,ship
29790.png,horse
29791.png,frog
29792.png,automobile
29793.png,automobile
29794.png,cat
29795.png,automobile
29796.png,dog
29797.png,dog
29798.png,frog
29799.png,frog
29800.png,deer
29801.png,horse
29802.png,automobile
29803.png,frog
29804.png,airplane
29805.png,dog
29806.png,truck
29807.png,automobile
29808.png,automobile
29809.png,automobile
29810.png,automobile
29811.png,cat
29812.png,ship
29813.png,bird
29814.png,automobile
29815.png,bird
29816.png,frog
29817.png,dog
29818.png,dog
29819.png,dog
29820.png,airplane
29821.png,truck
29822.png,deer
29823.png,automobile
29824.png,horse
29825.png,horse
29826.png,truck
29827.png,ship
29828.png,deer
29829.png,automobile
29830.png,automobile
29831.png,deer
29832.png,frog
29833.png,dog
29834.png,frog
29835.png,cat
29836.png,deer
29837.png,dog
29838.png,airplane
29839.png,frog
29840.png,cat
29841.png,horse
29842.png,deer
29843.png,dog
29844.png,truck
29845.png,airplane
29846.png,bird
29847.png,frog
29848.png,frog
29849.png,cat
29850.png,deer
29851.png,ship
29852.png,truck
29853.png,deer
29854.png,bird
29855.png,airplane
29856.png,cat
29857.png,airplane
29858.png,dog
29859.png,dog
29860.png,horse
29861.png,airplane
29862.png,cat
29863.png,deer
29864.png,ship
29865.png,airplane
29866.png,cat
29867.png,cat
29868.png,truck
29869.png,ship
29870.png,deer
29871.png,bird
29872.png,cat
29873.png,horse
29874.png,ship
29875.png,automobile
29876.png,automobile
29877.png,automobile
29878.png,ship
29879.png,frog
29880.png,airplane
29881.png,airplane
29882.png,airplane
29883.png,ship
29884.png,dog
29885.png,airplane
29886.png,bird
29887.png,horse
29888.png,cat
29889.png,airplane
29890.png,frog
29891.png,dog
29892.png,deer
29893.png,horse
29894.png,airplane
29895.png,automobile
29896.png,ship
29897.png,dog
29898.png,bird
29899.png,frog
29900.png,horse
29901.png,horse
29902.png,automobile
29903.png,bird
29904.png,ship
29905.png,horse
29906.png,automobile
29907.png,bird
29908.png,bird
29909.png,automobile
29910.png,truck
29911.png,horse
29912.png,automobile
29913.png,bird
29914.png,frog
29915.png,horse
29916.png,ship
29917.png,horse
29918.png,airplane
29919.png,truck
29920.png,ship
29921.png,bird
29922.png,dog
29923.png,deer
29924.png,cat
29925.png,truck
29926.png,bird
29927.png,truck
29928.png,airplane
29929.png,ship
29930.png,ship
29931.png,ship
29932.png,frog
29933.png,automobile
29934.png,ship
29935.png,ship
29936.png,frog
29937.png,cat
29938.png,horse
29939.png,truck
29940.png,deer
29941.png,airplane
29942.png,airplane
29943.png,bird
29944.png,bird
29945.png,airplane
29946.png,dog
29947.png,dog
29948.png,deer
29949.png,bird
29950.png,ship
29951.png,cat
29952.png,ship
29953.png,automobile
29954.png,automobile
29955.png,ship
29956.png,dog
29957.png,truck
29958.png,horse
29959.png,frog
29960.png,automobile
29961.png,cat
29962.png,dog
29963.png,horse
29964.png,automobile
29965.png,ship
29966.png,frog
29967.png,automobile
29968.png,automobile
29969.png,ship
29970.png,dog
29971.png,dog
29972.png,frog
29973.png,truck
29974.png,frog
29975.png,automobile
29976.png,horse
29977.png,frog
29978.png,airplane
29979.png,truck
29980.png,cat
29981.png,airplane
29982.png,ship
29983.png,cat
29984.png,deer
29985.png,ship
29986.png,truck
29987.png,automobile
29988.png,truck
29989.png,bird
29990.png,bird
29991.png,truck
29992.png,ship
29993.png,truck
29994.png,horse
29995.png,frog
29996.png,bird
29997.png,dog
29998.png,cat
29999.png,horse
30000.png,automobile
30001.png,airplane
30002.png,frog
30003.png,airplane
30004.png,bird
30005.png,horse
30006.png,bird
30007.png,automobile
30008.png,bird
30009.png,deer
30010.png,automobile
30011.png,dog
30012.png,frog
30013.png,frog
30014.png,cat
30015.png,automobile
30016.png,cat
30017.png,dog
30018.png,dog
30019.png,ship
30020.png,automobile
30021.png,deer
30022.png,bird
30023.png,cat
30024.png,bird
30025.png,automobile
30026.png,bird
30027.png,ship
30028.png,truck
30029.png,dog
30030.png,airplane
30031.png,horse
30032.png,frog
30033.png,horse
30034.png,frog
30035.png,ship
30036.png,ship
30037.png,horse
30038.png,deer
30039.png,truck
30040.png,automobile
30041.png,bird
30042.png,frog
30043.png,dog
30044.png,truck
30045.png,deer
30046.png,bird
30047.png,dog
30048.png,automobile
30049.png,airplane
30050.png,automobile
30051.png,automobile
30052.png,truck
30053.png,airplane
30054.png,horse
30055.png,dog
30056.png,cat
30057.png,truck
30058.png,frog
30059.png,cat
30060.png,cat
30061.png,cat
30062.png,deer
30063.png,automobile
30064.png,dog
30065.png,truck
30066.png,horse
30067.png,horse
30068.png,bird
30069.png,truck
30070.png,airplane
30071.png,bird
30072.png,ship
30073.png,dog
30074.png,truck
30075.png,frog
30076.png,horse
30077.png,ship
30078.png,deer
30079.png,airplane
30080.png,deer
30081.png,truck
30082.png,bird
30083.png,horse
30084.png,automobile
30085.png,airplane
30086.png,dog
30087.png,automobile
30088.png,ship
30089.png,automobile
30090.png,frog
30091.png,dog
30092.png,truck
30093.png,horse
30094.png,airplane
30095.png,deer
30096.png,dog
30097.png,bird
30098.png,cat
30099.png,dog
30100.png,dog
30101.png,frog
30102.png,airplane
30103.png,bird
30104.png,automobile
30105.png,automobile
30106.png,dog
30107.png,ship
30108.png,dog
30109.png,bird
30110.png,deer
30111.png,bird
30112.png,bird
30113.png,dog
30114.png,cat
30115.png,airplane
30116.png,cat
30117.png,airplane
30118.png,bird
30119.png,truck
30120.png,automobile
30121.png,automobile
30122.png,horse
30123.png,cat
30124.png,ship
30125.png,dog
30126.png,deer
30127.png,dog
30128.png,truck
30129.png,frog
30130.png,dog
30131.png,frog
30132.png,deer
30133.png,deer
30134.png,dog
30135.png,dog
30136.png,automobile
30137.png,automobile
30138.png,dog
30139.png,frog
30140.png,bird
30141.png,dog
30142.png,airplane
30143.png,ship
30144.png,frog
30145.png,bird
30146.png,bird
30147.png,frog
30148.png,ship
30149.png,ship
30150.png,frog
30151.png,horse
30152.png,deer
30153.png,airplane
30154.png,deer
30155.png,automobile
30156.png,dog
30157.png,deer
30158.png,bird
30159.png,airplane
30160.png,cat
30161.png,airplane
30162.png,truck
30163.png,dog
30164.png,horse
30165.png,ship
30166.png,automobile
30167.png,automobile
30168.png,horse
30169.png,ship
30170.png,ship
30171.png,cat
30172.png,airplane
30173.png,airplane
30174.png,deer
30175.png,horse
30176.png,truck
30177.png,frog
30178.png,airplane
30179.png,truck
30180.png,truck
30181.png,truck
30182.png,bird
30183.png,automobile
30184.png,automobile
30185.png,horse
30186.png,deer
30187.png,cat
30188.png,horse
30189.png,dog
30190.png,dog
30191.png,horse
30192.png,truck
30193.png,cat
30194.png,frog
30195.png,truck
30196.png,horse
30197.png,dog
30198.png,horse
30199.png,automobile
30200.png,horse
30201.png,airplane
30202.png,dog
30203.png,frog
30204.png,horse
30205.png,cat
30206.png,airplane
30207.png,deer
30208.png,dog
30209.png,automobile
30210.png,automobile
30211.png,ship
30212.png,ship
30213.png,frog
30214.png,cat
30215.png,bird
30216.png,truck
30217.png,horse
30218.png,ship
30219.png,automobile
30220.png,cat
30221.png,truck
30222.png,ship
30223.png,frog
30224.png,truck
30225.png,bird
30226.png,deer
30227.png,deer
30228.png,automobile
30229.png,deer
30230.png,bird
30231.png,deer
30232.png,dog
30233.png,bird
30234.png,airplane
30235.png,automobile
30236.png,dog
30237.png,automobile
30238.png,bird
30239.png,automobile
30240.png,bird
30241.png,airplane
30242.png,bird
30243.png,deer
30244.png,deer
30245.png,automobile
30246.png,automobile
30247.png,bird
30248.png,truck
30249.png,dog
30250.png,frog
30251.png,deer
30252.png,bird
30253.png,ship
30254.png,horse
30255.png,bird
30256.png,horse
30257.png,deer
30258.png,airplane
30259.png,bird
30260.png,frog
30261.png,dog
30262.png,ship
30263.png,ship
30264.png,truck
30265.png,horse
30266.png,horse
30267.png,cat
30268.png,airplane
30269.png,deer
30270.png,automobile
30271.png,cat
30272.png,airplane
30273.png,airplane
30274.png,ship
30275.png,horse
30276.png,dog
30277.png,truck
30278.png,ship
30279.png,horse
30280.png,dog
30281.png,airplane
30282.png,automobile
30283.png,deer
30284.png,dog
30285.png,frog
30286.png,truck
30287.png,bird
30288.png,bird
30289.png,cat
30290.png,deer
30291.png,dog
30292.png,deer
30293.png,frog
30294.png,automobile
30295.png,ship
30296.png,airplane
30297.png,horse
30298.png,airplane
30299.png,horse
30300.png,ship
30301.png,deer
30302.png,dog
30303.png,frog
30304.png,ship
30305.png,airplane
30306.png,cat
30307.png,deer
30308.png,deer
30309.png,dog
30310.png,truck
30311.png,dog
30312.png,cat
30313.png,bird
30314.png,automobile
30315.png,automobile
30316.png,bird
30317.png,automobile
30318.png,bird
30319.png,cat
30320.png,horse
30321.png,ship
30322.png,airplane
30323.png,ship
30324.png,frog
30325.png,airplane
30326.png,bird
30327.png,deer
30328.png,truck
30329.png,ship
30330.png,ship
30331.png,horse
30332.png,airplane
30333.png,cat
30334.png,bird
30335.png,frog
30336.png,ship
30337.png,frog
30338.png,dog
30339.png,cat
30340.png,cat
30341.png,horse
30342.png,deer
30343.png,dog
30344.png,truck
30345.png,automobile
30346.png,deer
30347.png,cat
30348.png,cat
30349.png,horse
30350.png,dog
30351.png,frog
30352.png,truck
30353.png,bird
30354.png,deer
30355.png,deer
30356.png,airplane
30357.png,dog
30358.png,ship
30359.png,deer
30360.png,dog
30361.png,truck
30362.png,cat
30363.png,automobile
30364.png,truck
30365.png,truck
30366.png,bird
30367.png,ship
30368.png,frog
30369.png,horse
30370.png,truck
30371.png,dog
30372.png,bird
30373.png,dog
30374.png,ship
30375.png,automobile
30376.png,dog
30377.png,airplane
30378.png,bird
30379.png,airplane
30380.png,truck
30381.png,ship
30382.png,dog
30383.png,horse
30384.png,airplane
30385.png,deer
30386.png,horse
30387.png,cat
30388.png,dog
30389.png,ship
30390.png,cat
30391.png,frog
30392.png,bird
30393.png,truck
30394.png,dog
30395.png,frog
30396.png,dog
30397.png,bird
30398.png,horse
30399.png,ship
30400.png,automobile
30401.png,airplane
30402.png,horse
30403.png,bird
30404.png,bird
30405.png,truck
30406.png,bird
30407.png,ship
30408.png,automobile
30409.png,airplane
30410.png,horse
30411.png,horse
30412.png,ship
30413.png,truck
30414.png,deer
30415.png,deer
30416.png,airplane
30417.png,truck
30418.png,horse
30419.png,automobile
30420.png,horse
30421.png,truck
30422.png,horse
30423.png,horse
30424.png,ship
30425.png,cat
30426.png,deer
30427.png,airplane
30428.png,frog
30429.png,airplane
30430.png,airplane
30431.png,horse
30432.png,horse
30433.png,cat
30434.png,ship
30435.png,horse
30436.png,deer
30437.png,deer
30438.png,bird
30439.png,ship
30440.png,automobile
30441.png,airplane
30442.png,dog
30443.png,deer
30444.png,ship
30445.png,ship
30446.png,automobile
30447.png,automobile
30448.png,horse
30449.png,ship
30450.png,deer
30451.png,deer
30452.png,bird
30453.png,cat
30454.png,bird
30455.png,bird
30456.png,horse
30457.png,dog
30458.png,automobile
30459.png,automobile
30460.png,cat
30461.png,ship
30462.png,cat
30463.png,truck
30464.png,automobile
30465.png,deer
30466.png,truck
30467.png,bird
30468.png,airplane
30469.png,deer
30470.png,frog
30471.png,bird
30472.png,automobile
30473.png,ship
30474.png,dog
30475.png,deer
30476.png,bird
30477.png,cat
30478.png,dog
30479.png,bird
30480.png,cat
30481.png,bird
30482.png,frog
30483.png,dog
30484.png,ship
30485.png,horse
30486.png,frog
30487.png,automobile
30488.png,airplane
30489.png,ship
30490.png,automobile
30491.png,cat
30492.png,frog
30493.png,automobile
30494.png,bird
30495.png,frog
30496.png,automobile
30497.png,frog
30498.png,airplane
30499.png,horse
30500.png,deer
30501.png,dog
30502.png,deer
30503.png,dog
30504.png,truck
30505.png,ship
30506.png,bird
30507.png,dog
30508.png,deer
30509.png,ship
30510.png,ship
30511.png,ship
30512.png,bird
30513.png,frog
30514.png,bird
30515.png,ship
30516.png,ship
30517.png,automobile
30518.png,airplane
30519.png,deer
30520.png,dog
30521.png,airplane
30522.png,airplane
30523.png,deer
30524.png,dog
30525.png,bird
30526.png,truck
30527.png,frog
30528.png,deer
30529.png,deer
30530.png,ship
30531.png,automobile
30532.png,bird
30533.png,bird
30534.png,ship
30535.png,automobile
30536.png,airplane
30537.png,frog
30538.png,airplane
30539.png,horse
30540.png,airplane
30541.png,dog
30542.png,cat
30543.png,bird
30544.png,dog
30545.png,ship
30546.png,automobile
30547.png,truck
30548.png,deer
30549.png,horse
30550.png,horse
30551.png,ship
30552.png,deer
30553.png,horse
30554.png,automobile
30555.png,dog
30556.png,truck
30557.png,horse
30558.png,ship
30559.png,truck
30560.png,deer
30561.png,automobile
30562.png,deer
30563.png,horse
30564.png,frog
30565.png,airplane
30566.png,truck
30567.png,truck
30568.png,dog
30569.png,horse
30570.png,frog
30571.png,automobile
30572.png,cat
30573.png,bird
30574.png,cat
30575.png,cat
30576.png,airplane
30577.png,frog
30578.png,ship
30579.png,truck
30580.png,dog
30581.png,truck
30582.png,horse
30583.png,automobile
30584.png,frog
30585.png,bird
30586.png,deer
30587.png,cat
30588.png,cat
30589.png,frog
30590.png,deer
30591.png,dog
30592.png,airplane
30593.png,horse
30594.png,deer
30595.png,frog
30596.png,airplane
30597.png,bird
30598.png,airplane
30599.png,truck
30600.png,horse
30601.png,deer
30602.png,ship
30603.png,bird
30604.png,frog
30605.png,airplane
30606.png,airplane
30607.png,cat
30608.png,ship
30609.png,frog
30610.png,airplane
30611.png,frog
30612.png,cat
30613.png,bird
30614.png,automobile
30615.png,deer
30616.png,truck
30617.png,deer
30618.png,horse
30619.png,dog
30620.png,truck
30621.png,truck
30622.png,frog
30623.png,dog
30624.png,truck
30625.png,cat
30626.png,frog
30627.png,frog
30628.png,deer
30629.png,bird
30630.png,dog
30631.png,deer
30632.png,bird
30633.png,bird
30634.png,ship
30635.png,cat
30636.png,airplane
30637.png,airplane
30638.png,truck
30639.png,deer
30640.png,ship
30641.png,ship
30642.png,automobile
30643.png,dog
30644.png,airplane
30645.png,frog
30646.png,airplane
30647.png,automobile
30648.png,ship
30649.png,truck
30650.png,truck
30651.png,automobile
30652.png,horse
30653.png,airplane
30654.png,cat
30655.png,bird
30656.png,deer
30657.png,truck
30658.png,dog
30659.png,truck
30660.png,horse
30661.png,ship
30662.png,automobile
30663.png,dog
30664.png,bird
30665.png,ship
30666.png,bird
30667.png,frog
30668.png,airplane
30669.png,cat
30670.png,bird
30671.png,horse
30672.png,horse
30673.png,bird
30674.png,automobile
30675.png,deer
30676.png,truck
30677.png,automobile
30678.png,deer
30679.png,truck
30680.png,horse
30681.png,bird
30682.png,deer
30683.png,frog
30684.png,cat
30685.png,dog
30686.png,frog
30687.png,ship
30688.png,cat
30689.png,bird
30690.png,dog
30691.png,bird
30692.png,ship
30693.png,truck
30694.png,automobile
30695.png,bird
30696.png,airplane
30697.png,automobile
30698.png,truck
30699.png,dog
30700.png,airplane
30701.png,bird
30702.png,dog
30703.png,truck
30704.png,dog
30705.png,cat
30706.png,bird
30707.png,frog
30708.png,deer
30709.png,cat
30710.png,airplane
30711.png,airplane
30712.png,dog
30713.png,automobile
30714.png,dog
30715.png,automobile
30716.png,deer
30717.png,automobile
30718.png,truck
30719.png,dog
30720.png,deer
30721.png,horse
30722.png,cat
30723.png,truck
30724.png,dog
30725.png,frog
30726.png,deer
30727.png,bird
30728.png,frog
30729.png,truck
30730.png,truck
30731.png,airplane
30732.png,bird
30733.png,dog
30734.png,truck
30735.png,deer
30736.png,dog
30737.png,truck
30738.png,cat
30739.png,automobile
30740.png,frog
30741.png,bird
30742.png,frog
30743.png,dog
30744.png,airplane
30745.png,airplane
30746.png,ship
30747.png,bird
30748.png,automobile
30749.png,frog
30750.png,airplane
30751.png,automobile
30752.png,bird
30753.png,automobile
30754.png,cat
30755.png,cat
30756.png,ship
30757.png,cat
30758.png,dog
30759.png,truck
30760.png,frog
30761.png,horse
30762.png,horse
30763.png,ship
30764.png,dog
30765.png,truck
30766.png,bird
30767.png,dog
30768.png,bird
30769.png,automobile
30770.png,airplane
30771.png,ship
30772.png,truck
30773.png,cat
30774.png,truck
30775.png,cat
30776.png,truck
30777.png,truck
30778.png,cat
30779.png,bird
30780.png,cat
30781.png,truck
30782.png,horse
30783.png,automobile
30784.png,automobile
30785.png,cat
30786.png,truck
30787.png,bird
30788.png,bird
30789.png,ship
30790.png,cat
30791.png,deer
30792.png,bird
30793.png,automobile
30794.png,dog
30795.png,deer
30796.png,bird
30797.png,truck
30798.png,horse
30799.png,frog
30800.png,deer
30801.png,frog
30802.png,deer
30803.png,deer
30804.png,horse
30805.png,automobile
30806.png,horse
30807.png,cat
30808.png,ship
30809.png,ship
30810.png,cat
30811.png,automobile
30812.png,airplane
30813.png,frog
30814.png,frog
30815.png,automobile
30816.png,deer
30817.png,frog
30818.png,cat
30819.png,bird
30820.png,dog
30821.png,airplane
30822.png,automobile
30823.png,deer
30824.png,truck
30825.png,horse
30826.png,horse
30827.png,deer
30828.png,airplane
30829.png,frog
30830.png,airplane
30831.png,airplane
30832.png,dog
30833.png,deer
30834.png,frog
30835.png,bird
30836.png,ship
30837.png,bird
30838.png,airplane
30839.png,cat
30840.png,cat
30841.png,automobile
30842.png,deer
30843.png,frog
30844.png,truck
30845.png,ship
30846.png,horse
30847.png,ship
30848.png,dog
30849.png,cat
30850.png,bird
30851.png,truck
30852.png,automobile
30853.png,horse
30854.png,truck
30855.png,ship
30856.png,bird
30857.png,automobile
30858.png,deer
30859.png,bird
30860.png,ship
30861.png,ship
30862.png,truck
30863.png,cat
30864.png,ship
30865.png,frog
30866.png,automobile
30867.png,cat
30868.png,dog
30869.png,cat
30870.png,deer
30871.png,deer
30872.png,dog
30873.png,ship
30874.png,truck
30875.png,bird
30876.png,deer
30877.png,horse
30878.png,frog
30879.png,bird
30880.png,automobile
30881.png,cat
30882.png,deer
30883.png,ship
30884.png,horse
30885.png,deer
30886.png,deer
30887.png,cat
30888.png,bird
30889.png,airplane
30890.png,dog
30891.png,horse
30892.png,automobile
30893.png,deer
30894.png,bird
30895.png,bird
30896.png,airplane
30897.png,cat
30898.png,horse
30899.png,truck
30900.png,truck
30901.png,deer
30902.png,truck
30903.png,automobile
30904.png,truck
30905.png,airplane
30906.png,bird
30907.png,frog
30908.png,deer
30909.png,frog
30910.png,airplane
30911.png,frog
30912.png,deer
30913.png,automobile
30914.png,airplane
30915.png,airplane
30916.png,deer
30917.png,ship
30918.png,deer
30919.png,frog
30920.png,horse
30921.png,frog
30922.png,deer
30923.png,frog
30924.png,automobile
30925.png,airplane
30926.png,horse
30927.png,ship
30928.png,dog
30929.png,horse
30930.png,airplane
30931.png,airplane
30932.png,dog
30933.png,truck
30934.png,cat
30935.png,truck
30936.png,horse
30937.png,truck
30938.png,ship
30939.png,frog
30940.png,horse
30941.png,bird
30942.png,ship
30943.png,deer
30944.png,automobile
30945.png,frog
30946.png,automobile
30947.png,truck
30948.png,cat
30949.png,ship
30950.png,automobile
30951.png,deer
30952.png,automobile
30953.png,dog
30954.png,frog
30955.png,truck
30956.png,ship
30957.png,horse
30958.png,ship
30959.png,deer
30960.png,airplane
30961.png,cat
30962.png,ship
30963.png,deer
30964.png,airplane
30965.png,cat
30966.png,dog
30967.png,truck
30968.png,deer
30969.png,airplane
30970.png,bird
30971.png,deer
30972.png,airplane
30973.png,horse
30974.png,truck
30975.png,bird
30976.png,cat
30977.png,frog
30978.png,airplane
30979.png,dog
30980.png,airplane
30981.png,bird
30982.png,horse
30983.png,frog
30984.png,cat
30985.png,horse
30986.png,truck
30987.png,cat
30988.png,horse
30989.png,bird
30990.png,dog
30991.png,ship
30992.png,horse
30993.png,automobile
30994.png,horse
30995.png,dog
30996.png,cat
30997.png,horse
30998.png,ship
30999.png,truck
31000.png,automobile
31001.png,airplane
31002.png,ship
31003.png,bird
31004.png,deer
31005.png,airplane
31006.png,bird
31007.png,deer
31008.png,bird
31009.png,truck
31010.png,truck
31011.png,truck
31012.png,automobile
31013.png,truck
31014.png,cat
31015.png,truck
31016.png,airplane
31017.png,cat
31018.png,dog
31019.png,ship
31020.png,automobile
31021.png,bird
31022.png,dog
31023.png,cat
31024.png,airplane
31025.png,horse
31026.png,frog
31027.png,bird
31028.png,deer
31029.png,dog
31030.png,airplane
31031.png,deer
31032.png,dog
31033.png,ship
31034.png,deer
31035.png,horse
31036.png,bird
31037.png,horse
31038.png,ship
31039.png,dog
31040.png,truck
31041.png,bird
31042.png,bird
31043.png,frog
31044.png,dog
31045.png,dog
31046.png,bird
31047.png,automobile
31048.png,dog
31049.png,airplane
31050.png,horse
31051.png,cat
31052.png,ship
31053.png,ship
31054.png,deer
31055.png,bird
31056.png,dog
31057.png,truck
31058.png,bird
31059.png,bird
31060.png,dog
31061.png,deer
31062.png,deer
31063.png,dog
31064.png,bird
31065.png,dog
31066.png,cat
31067.png,ship
31068.png,truck
31069.png,truck
31070.png,ship
31071.png,ship
31072.png,frog
31073.png,automobile
31074.png,horse
31075.png,bird
31076.png,deer
31077.png,ship
31078.png,truck
31079.png,cat
31080.png,automobile
31081.png,frog
31082.png,cat
31083.png,horse
31084.png,airplane
31085.png,deer
31086.png,ship
31087.png,airplane
31088.png,airplane
31089.png,deer
31090.png,truck
31091.png,bird
31092.png,dog
31093.png,deer
31094.png,horse
31095.png,cat
31096.png,truck
31097.png,truck
31098.png,ship
31099.png,airplane
31100.png,frog
31101.png,automobile
31102.png,automobile
31103.png,automobile
31104.png,cat
31105.png,ship
31106.png,airplane
31107.png,truck
31108.png,automobile
31109.png,frog
31110.png,dog
31111.png,automobile
31112.png,dog
31113.png,frog
31114.png,automobile
31115.png,truck
31116.png,truck
31117.png,dog
31118.png,horse
31119.png,frog
31120.png,airplane
31121.png,dog
31122.png,ship
31123.png,automobile
31124.png,horse
31125.png,deer
31126.png,ship
31127.png,automobile
31128.png,airplane
31129.png,frog
31130.png,dog
31131.png,bird
31132.png,ship
31133.png,dog
31134.png,frog
31135.png,cat
31136.png,frog
31137.png,cat
31138.png,dog
31139.png,automobile
31140.png,frog
31141.png,frog
31142.png,cat
31143.png,frog
31144.png,deer
31145.png,airplane
31146.png,dog
31147.png,cat
31148.png,automobile
31149.png,cat
31150.png,dog
31151.png,cat
31152.png,automobile
31153.png,automobile
31154.png,deer
31155.png,horse
31156.png,dog
31157.png,horse
31158.png,ship
31159.png,automobile
31160.png,frog
31161.png,deer
31162.png,cat
31163.png,truck
31164.png,deer
31165.png,airplane
31166.png,airplane
31167.png,automobile
31168.png,deer
31169.png,ship
31170.png,bird
31171.png,ship
31172.png,bird
31173.png,horse
31174.png,bird
31175.png,truck
31176.png,frog
31177.png,truck
31178.png,bird
31179.png,cat
31180.png,cat
31181.png,dog
31182.png,frog
31183.png,ship
31184.png,ship
31185.png,ship
31186.png,dog
31187.png,truck
31188.png,ship
31189.png,ship
31190.png,ship
31191.png,dog
31192.png,bird
31193.png,horse
31194.png,automobile
31195.png,cat
31196.png,automobile
31197.png,ship
31198.png,frog
31199.png,cat
31200.png,cat
31201.png,dog
31202.png,airplane
31203.png,ship
31204.png,automobile
31205.png,cat
31206.png,truck
31207.png,horse
31208.png,airplane
31209.png,automobile
31210.png,automobile
31211.png,truck
31212.png,deer
31213.png,horse
31214.png,airplane
31215.png,airplane
31216.png,horse
31217.png,truck
31218.png,horse
31219.png,dog
31220.png,ship
31221.png,ship
31222.png,dog
31223.png,dog
31224.png,bird
31225.png,horse
31226.png,dog
31227.png,dog
31228.png,deer
31229.png,frog
31230.png,bird
31231.png,bird
31232.png,bird
31233.png,frog
31234.png,truck
31235.png,dog
31236.png,frog
31237.png,horse
31238.png,bird
31239.png,frog
31240.png,deer
31241.png,dog
31242.png,automobile
31243.png,cat
31244.png,dog
31245.png,ship
31246.png,automobile
31247.png,airplane
31248.png,horse
31249.png,dog
31250.png,airplane
31251.png,ship
31252.png,automobile
31253.png,truck
31254.png,automobile
31255.png,cat
31256.png,dog
31257.png,deer
31258.png,frog
31259.png,ship
31260.png,ship
31261.png,cat
31262.png,cat
31263.png,horse
31264.png,horse
31265.png,dog
31266.png,horse
31267.png,ship
31268.png,ship
31269.png,automobile
31270.png,bird
31271.png,frog
31272.png,deer
31273.png,bird
31274.png,dog
31275.png,automobile
31276.png,bird
31277.png,horse
31278.png,deer
31279.png,ship
31280.png,frog
31281.png,bird
31282.png,deer
31283.png,automobile
31284.png,truck
31285.png,airplane
31286.png,bird
31287.png,airplane
31288.png,truck
31289.png,automobile
31290.png,bird
31291.png,deer
31292.png,truck
31293.png,dog
31294.png,bird
31295.png,bird
31296.png,cat
31297.png,truck
31298.png,automobile
31299.png,truck
31300.png,frog
31301.png,automobile
31302.png,frog
31303.png,dog
31304.png,dog
31305.png,horse
31306.png,deer
31307.png,deer
31308.png,bird
31309.png,bird
31310.png,dog
31311.png,deer
31312.png,automobile
31313.png,frog
31314.png,ship
31315.png,ship
31316.png,frog
31317.png,horse
31318.png,ship
31319.png,bird
31320.png,automobile
31321.png,horse
31322.png,horse
31323.png,automobile
31324.png,automobile
31325.png,truck
31326.png,frog
31327.png,horse
31328.png,ship
31329.png,ship
31330.png,automobile
31331.png,dog
31332.png,horse
31333.png,ship
31334.png,bird
31335.png,frog
31336.png,truck
31337.png,horse
31338.png,cat
31339.png,automobile
31340.png,airplane
31341.png,ship
31342.png,horse
31343.png,frog
31344.png,bird
31345.png,cat
31346.png,automobile
31347.png,cat
31348.png,dog
31349.png,automobile
31350.png,deer
31351.png,horse
31352.png,automobile
31353.png,automobile
31354.png,frog
31355.png,ship
31356.png,dog
31357.png,frog
31358.png,horse
31359.png,airplane
31360.png,horse
31361.png,horse
31362.png,bird
31363.png,ship
31364.png,automobile
31365.png,horse
31366.png,deer
31367.png,cat
31368.png,ship
31369.png,horse
31370.png,airplane
31371.png,ship
31372.png,bird
31373.png,ship
31374.png,frog
31375.png,bird
31376.png,bird
31377.png,dog
31378.png,bird
31379.png,truck
31380.png,ship
31381.png,cat
31382.png,horse
31383.png,frog
31384.png,cat
31385.png,frog
31386.png,truck
31387.png,ship
31388.png,truck
31389.png,truck
31390.png,horse
31391.png,ship
31392.png,airplane
31393.png,ship
31394.png,deer
31395.png,bird
31396.png,automobile
31397.png,frog
31398.png,airplane
31399.png,frog
31400.png,truck
31401.png,cat
31402.png,bird
31403.png,cat
31404.png,truck
31405.png,cat
31406.png,frog
31407.png,cat
31408.png,automobile
31409.png,frog
31410.png,dog
31411.png,bird
31412.png,bird
31413.png,airplane
31414.png,frog
31415.png,cat
31416.png,cat
31417.png,frog
31418.png,ship
31419.png,bird
31420.png,bird
31421.png,bird
31422.png,frog
31423.png,truck
31424.png,ship
31425.png,ship
31426.png,ship
31427.png,ship
31428.png,frog
31429.png,bird
31430.png,deer
31431.png,frog
31432.png,deer
31433.png,horse
31434.png,deer
31435.png,deer
31436.png,airplane
31437.png,horse
31438.png,cat
31439.png,bird
31440.png,dog
31441.png,cat
31442.png,truck
31443.png,dog
31444.png,ship
31445.png,horse
31446.png,automobile
31447.png,deer
31448.png,frog
31449.png,frog
31450.png,cat
31451.png,airplane
31452.png,frog
31453.png,horse
31454.png,truck
31455.png,bird
31456.png,frog
31457.png,ship
31458.png,frog
31459.png,truck
31460.png,airplane
31461.png,cat
31462.png,horse
31463.png,ship
31464.png,cat
31465.png,deer
31466.png,frog
31467.png,frog
31468.png,bird
31469.png,horse
31470.png,bird
31471.png,deer
31472.png,airplane
31473.png,horse
31474.png,automobile
31475.png,dog
31476.png,bird
31477.png,deer
31478.png,horse
31479.png,bird
31480.png,cat
31481.png,ship
31482.png,airplane
31483.png,horse
31484.png,truck
31485.png,deer
31486.png,dog
31487.png,bird
31488.png,frog
31489.png,airplane
31490.png,ship
31491.png,truck
31492.png,horse
31493.png,bird
31494.png,bird
31495.png,dog
31496.png,bird
31497.png,bird
31498.png,ship
31499.png,ship
31500.png,cat
31501.png,frog
31502.png,bird
31503.png,automobile
31504.png,cat
31505.png,horse
31506.png,deer
31507.png,airplane
31508.png,deer
31509.png,frog
31510.png,truck
31511.png,automobile
31512.png,ship
31513.png,automobile
31514.png,horse
31515.png,deer
31516.png,deer
31517.png,dog
31518.png,truck
31519.png,horse
31520.png,bird
31521.png,horse
31522.png,airplane
31523.png,automobile
31524.png,automobile
31525.png,truck
31526.png,dog
31527.png,ship
31528.png,cat
31529.png,horse
31530.png,horse
31531.png,ship
31532.png,bird
31533.png,bird
31534.png,truck
31535.png,automobile
31536.png,cat
31537.png,deer
31538.png,ship
31539.png,truck
31540.png,automobile
31541.png,truck
31542.png,ship
31543.png,cat
31544.png,dog
31545.png,cat
31546.png,truck
31547.png,bird
31548.png,deer
31549.png,dog
31550.png,deer
31551.png,bird
31552.png,dog
31553.png,automobile
31554.png,ship
31555.png,horse
31556.png,dog
31557.png,airplane
31558.png,dog
31559.png,frog
31560.png,dog
31561.png,cat
31562.png,dog
31563.png,bird
31564.png,ship
31565.png,frog
31566.png,ship
31567.png,truck
31568.png,cat
31569.png,dog
31570.png,horse
31571.png,frog
31572.png,truck
31573.png,bird
31574.png,horse
31575.png,dog
31576.png,frog
31577.png,ship
31578.png,frog
31579.png,dog
31580.png,deer
31581.png,frog
31582.png,ship
31583.png,dog
31584.png,automobile
31585.png,cat
31586.png,deer
31587.png,airplane
31588.png,automobile
31589.png,deer
31590.png,horse
31591.png,ship
31592.png,airplane
31593.png,dog
31594.png,airplane
31595.png,ship
31596.png,horse
31597.png,ship
31598.png,horse
31599.png,frog
31600.png,automobile
31601.png,airplane
31602.png,frog
31603.png,cat
31604.png,cat
31605.png,automobile
31606.png,truck
31607.png,cat
31608.png,automobile
31609.png,ship
31610.png,deer
31611.png,cat
31612.png,dog
31613.png,deer
31614.png,truck
31615.png,bird
31616.png,deer
31617.png,frog
31618.png,ship
31619.png,truck
31620.png,automobile
31621.png,dog
31622.png,bird
31623.png,frog
31624.png,bird
31625.png,horse
31626.png,ship
31627.png,cat
31628.png,deer
31629.png,ship
31630.png,frog
31631.png,truck
31632.png,dog
31633.png,cat
31634.png,cat
31635.png,automobile
31636.png,airplane
31637.png,bird
31638.png,truck
31639.png,truck
31640.png,frog
31641.png,ship
31642.png,dog
31643.png,deer
31644.png,truck
31645.png,ship
31646.png,automobile
31647.png,dog
31648.png,dog
31649.png,airplane
31650.png,cat
31651.png,dog
31652.png,frog
31653.png,ship
31654.png,horse
31655.png,airplane
31656.png,automobile
31657.png,frog
31658.png,automobile
31659.png,airplane
31660.png,horse
31661.png,frog
31662.png,ship
31663.png,truck
31664.png,ship
31665.png,truck
31666.png,automobile
31667.png,deer
31668.png,dog
31669.png,deer
31670.png,automobile
31671.png,ship
31672.png,horse
31673.png,frog
31674.png,dog
31675.png,airplane
31676.png,ship
31677.png,cat
31678.png,bird
31679.png,airplane
31680.png,deer
31681.png,ship
31682.png,frog
31683.png,frog
31684.png,deer
31685.png,bird
31686.png,frog
31687.png,truck
31688.png,bird
31689.png,dog
31690.png,deer
31691.png,truck
31692.png,bird
31693.png,ship
31694.png,airplane
31695.png,automobile
31696.png,ship
31697.png,dog
31698.png,ship
31699.png,cat
31700.png,deer
31701.png,airplane
31702.png,deer
31703.png,deer
31704.png,automobile
31705.png,bird
31706.png,bird
31707.png,frog
31708.png,bird
31709.png,dog
31710.png,deer
31711.png,dog
31712.png,automobile
31713.png,cat
31714.png,truck
31715.png,ship
31716.png,airplane
31717.png,dog
31718.png,ship
31719.png,horse
31720.png,horse
31721.png,automobile
31722.png,bird
31723.png,truck
31724.png,horse
31725.png,automobile
31726.png,ship
31727.png,airplane
31728.png,frog
31729.png,airplane
31730.png,dog
31731.png,ship
31732.png,cat
31733.png,ship
31734.png,deer
31735.png,frog
31736.png,deer
31737.png,horse
31738.png,automobile
31739.png,horse
31740.png,horse
31741.png,cat
31742.png,bird
31743.png,truck
31744.png,bird
31745.png,truck
31746.png,ship
31747.png,horse
31748.png,automobile
31749.png,frog
31750.png,automobile
31751.png,deer
31752.png,deer
31753.png,frog
31754.png,frog
31755.png,cat
31756.png,deer
31757.png,airplane
31758.png,airplane
31759.png,truck
31760.png,bird
31761.png,truck
31762.png,automobile
31763.png,ship
31764.png,ship
31765.png,horse
31766.png,automobile
31767.png,bird
31768.png,deer
31769.png,truck
31770.png,deer
31771.png,bird
31772.png,truck
31773.png,truck
31774.png,bird
31775.png,truck
31776.png,deer
31777.png,automobile
31778.png,horse
31779.png,ship
31780.png,horse
31781.png,frog
31782.png,dog
31783.png,dog
31784.png,automobile
31785.png,frog
31786.png,bird
31787.png,automobile
31788.png,ship
31789.png,cat
31790.png,horse
31791.png,truck
31792.png,dog
31793.png,frog
31794.png,dog
31795.png,frog
31796.png,ship
31797.png,deer
31798.png,cat
31799.png,frog
31800.png,deer
31801.png,horse
31802.png,dog
31803.png,bird
31804.png,bird
31805.png,deer
31806.png,truck
31807.png,frog
31808.png,horse
31809.png,frog
31810.png,bird
31811.png,ship
31812.png,truck
31813.png,frog
31814.png,bird
31815.png,ship
31816.png,truck
31817.png,ship
31818.png,dog
31819.png,horse
31820.png,airplane
31821.png,frog
31822.png,bird
31823.png,horse
31824.png,bird
31825.png,truck
31826.png,cat
31827.png,frog
31828.png,truck
31829.png,horse
31830.png,truck
31831.png,automobile
31832.png,automobile
31833.png,ship
31834.png,dog
31835.png,frog
31836.png,frog
31837.png,dog
31838.png,airplane
31839.png,truck
31840.png,horse
31841.png,deer
31842.png,ship
31843.png,frog
31844.png,deer
31845.png,cat
31846.png,truck
31847.png,ship
31848.png,horse
31849.png,deer
31850.png,deer
31851.png,bird
31852.png,horse
31853.png,frog
31854.png,ship
31855.png,automobile
31856.png,airplane
31857.png,dog
31858.png,frog
31859.png,frog
31860.png,frog
31861.png,deer
31862.png,cat
31863.png,truck
31864.png,airplane
31865.png,dog
31866.png,airplane
31867.png,deer
31868.png,dog
31869.png,cat
31870.png,truck
31871.png,truck
31872.png,horse
31873.png,ship
31874.png,horse
31875.png,bird
31876.png,dog
31877.png,horse
31878.png,dog
31879.png,truck
31880.png,ship
31881.png,airplane
31882.png,truck
31883.png,bird
31884.png,dog
31885.png,bird
31886.png,truck
31887.png,cat
31888.png,bird
31889.png,airplane
31890.png,frog
31891.png,automobile
31892.png,frog
31893.png,dog
31894.png,deer
31895.png,frog
31896.png,frog
31897.png,airplane
31898.png,bird
31899.png,deer
31900.png,automobile
31901.png,cat
31902.png,dog
31903.png,deer
31904.png,ship
31905.png,airplane
31906.png,truck
31907.png,frog
31908.png,cat
31909.png,cat
31910.png,truck
31911.png,cat
31912.png,truck
31913.png,cat
31914.png,cat
31915.png,horse
31916.png,ship
31917.png,deer
31918.png,ship
31919.png,truck
31920.png,ship
31921.png,truck
31922.png,horse
31923.png,dog
31924.png,cat
31925.png,horse
31926.png,automobile
31927.png,bird
31928.png,airplane
31929.png,frog
31930.png,ship
31931.png,ship
31932.png,frog
31933.png,deer
31934.png,frog
31935.png,cat
31936.png,automobile
31937.png,cat
31938.png,truck
31939.png,ship
31940.png,deer
31941.png,cat
31942.png,bird
31943.png,frog
31944.png,frog
31945.png,horse
31946.png,automobile
31947.png,ship
31948.png,airplane
31949.png,frog
31950.png,dog
31951.png,ship
31952.png,automobile
31953.png,horse
31954.png,deer
31955.png,deer
31956.png,airplane
31957.png,truck
31958.png,automobile
31959.png,horse
31960.png,automobile
31961.png,dog
31962.png,airplane
31963.png,truck
31964.png,frog
31965.png,frog
31966.png,horse
31967.png,ship
31968.png,horse
31969.png,ship
31970.png,automobile
31971.png,airplane
31972.png,truck
31973.png,frog
31974.png,dog
31975.png,cat
31976.png,cat
31977.png,airplane
31978.png,dog
31979.png,cat
31980.png,bird
31981.png,horse
31982.png,ship
31983.png,horse
31984.png,truck
31985.png,frog
31986.png,automobile
31987.png,truck
31988.png,airplane
31989.png,automobile
31990.png,truck
31991.png,horse
31992.png,airplane
31993.png,horse
31994.png,deer
31995.png,dog
31996.png,dog
31997.png,ship
31998.png,bird
31999.png,deer
32000.png,bird
32001.png,horse
32002.png,dog
32003.png,airplane
32004.png,automobile
32005.png,horse
32006.png,deer
32007.png,cat
32008.png,deer
32009.png,truck
32010.png,airplane
32011.png,frog
32012.png,automobile
32013.png,dog
32014.png,bird
32015.png,ship
32016.png,dog
32017.png,airplane
32018.png,deer
32019.png,deer
32020.png,ship
32021.png,horse
32022.png,cat
32023.png,airplane
32024.png,ship
32025.png,deer
32026.png,airplane
32027.png,deer
32028.png,frog
32029.png,bird
32030.png,deer
32031.png,bird
32032.png,dog
32033.png,horse
32034.png,airplane
32035.png,ship
32036.png,frog
32037.png,bird
32038.png,ship
32039.png,ship
32040.png,truck
32041.png,truck
32042.png,truck
32043.png,automobile
32044.png,cat
32045.png,dog
32046.png,bird
32047.png,cat
32048.png,bird
32049.png,dog
32050.png,bird
32051.png,deer
32052.png,ship
32053.png,cat
32054.png,horse
32055.png,cat
32056.png,dog
32057.png,airplane
32058.png,bird
32059.png,airplane
32060.png,bird
32061.png,frog
32062.png,horse
32063.png,airplane
32064.png,frog
32065.png,truck
32066.png,truck
32067.png,deer
32068.png,bird
32069.png,horse
32070.png,deer
32071.png,airplane
32072.png,bird
32073.png,truck
32074.png,horse
32075.png,frog
32076.png,cat
32077.png,airplane
32078.png,ship
32079.png,airplane
32080.png,dog
32081.png,frog
32082.png,airplane
32083.png,frog
32084.png,automobile
32085.png,truck
32086.png,cat
32087.png,ship
32088.png,automobile
32089.png,deer
32090.png,ship
32091.png,airplane
32092.png,airplane
32093.png,ship
32094.png,dog
32095.png,deer
32096.png,deer
32097.png,truck
32098.png,horse
32099.png,cat
32100.png,automobile
32101.png,deer
32102.png,bird
32103.png,truck
32104.png,bird
32105.png,truck
32106.png,frog
32107.png,bird
32108.png,airplane
32109.png,cat
32110.png,airplane
32111.png,truck
32112.png,ship
32113.png,truck
32114.png,cat
32115.png,ship
32116.png,truck
32117.png,horse
32118.png,deer
32119.png,dog
32120.png,deer
32121.png,deer
32122.png,automobile
32123.png,dog
32124.png,truck
32125.png,dog
32126.png,frog
32127.png,frog
32128.png,bird
32129.png,cat
32130.png,truck
32131.png,deer
32132.png,airplane
32133.png,ship
32134.png,truck
32135.png,cat
32136.png,automobile
32137.png,bird
32138.png,dog
32139.png,ship
32140.png,cat
32141.png,airplane
32142.png,bird
32143.png,cat
32144.png,cat
32145.png,airplane
32146.png,cat
32147.png,truck
32148.png,automobile
32149.png,horse
32150.png,airplane
32151.png,horse
32152.png,bird
32153.png,horse
32154.png,bird
32155.png,horse
32156.png,cat
32157.png,truck
32158.png,horse
32159.png,truck
32160.png,automobile
32161.png,cat
32162.png,automobile
32163.png,horse
32164.png,truck
32165.png,truck
32166.png,ship
32167.png,bird
32168.png,bird
32169.png,automobile
32170.png,deer
32171.png,frog
32172.png,ship
32173.png,cat
32174.png,airplane
32175.png,frog
32176.png,truck
32177.png,truck
32178.png,horse
32179.png,ship
32180.png,deer
32181.png,cat
32182.png,bird
32183.png,ship
32184.png,ship
32185.png,dog
32186.png,horse
32187.png,deer
32188.png,horse
32189.png,airplane
32190.png,automobile
32191.png,airplane
32192.png,frog
32193.png,truck
32194.png,frog
32195.png,airplane
32196.png,dog
32197.png,dog
32198.png,frog
32199.png,frog
32200.png,dog
32201.png,ship
32202.png,deer
32203.png,automobile
32204.png,ship
32205.png,airplane
32206.png,ship
32207.png,airplane
32208.png,ship
32209.png,horse
32210.png,truck
32211.png,automobile
32212.png,horse
32213.png,frog
32214.png,ship
32215.png,deer
32216.png,cat
32217.png,dog
32218.png,airplane
32219.png,airplane
32220.png,cat
32221.png,airplane
32222.png,truck
32223.png,cat
32224.png,truck
32225.png,deer
32226.png,deer
32227.png,automobile
32228.png,dog
32229.png,frog
32230.png,deer
32231.png,cat
32232.png,dog
32233.png,airplane
32234.png,airplane
32235.png,ship
32236.png,automobile
32237.png,horse
32238.png,frog
32239.png,dog
32240.png,horse
32241.png,frog
32242.png,horse
32243.png,truck
32244.png,ship
32245.png,deer
32246.png,truck
32247.png,ship
32248.png,airplane
32249.png,frog
32250.png,truck
32251.png,cat
32252.png,airplane
32253.png,automobile
32254.png,deer
32255.png,truck
32256.png,dog
32257.png,airplane
32258.png,bird
32259.png,automobile
32260.png,ship
32261.png,deer
32262.png,cat
32263.png,automobile
32264.png,airplane
32265.png,cat
32266.png,ship
32267.png,truck
32268.png,airplane
32269.png,deer
32270.png,horse
32271.png,deer
32272.png,ship
32273.png,dog
32274.png,truck
32275.png,bird
32276.png,ship
32277.png,deer
32278.png,dog
32279.png,bird
32280.png,ship
32281.png,deer
32282.png,ship
32283.png,horse
32284.png,airplane
32285.png,deer
32286.png,deer
32287.png,horse
32288.png,horse
32289.png,deer
32290.png,bird
32291.png,airplane
32292.png,bird
32293.png,truck
32294.png,cat
32295.png,automobile
32296.png,automobile
32297.png,horse
32298.png,cat
32299.png,horse
32300.png,bird
32301.png,deer
32302.png,truck
32303.png,deer
32304.png,deer
32305.png,cat
32306.png,automobile
32307.png,ship
32308.png,horse
32309.png,bird
32310.png,airplane
32311.png,bird
32312.png,automobile
32313.png,cat
32314.png,ship
32315.png,frog
32316.png,deer
32317.png,airplane
32318.png,horse
32319.png,airplane
32320.png,automobile
32321.png,cat
32322.png,bird
32323.png,ship
32324.png,ship
32325.png,dog
32326.png,cat
32327.png,airplane
32328.png,ship
32329.png,bird
32330.png,horse
32331.png,bird
32332.png,ship
32333.png,bird
32334.png,dog
32335.png,frog
32336.png,horse
32337.png,dog
32338.png,truck
32339.png,frog
32340.png,frog
32341.png,frog
32342.png,airplane
32343.png,dog
32344.png,horse
32345.png,frog
32346.png,frog
32347.png,airplane
32348.png,horse
32349.png,automobile
32350.png,ship
32351.png,cat
32352.png,ship
32353.png,dog
32354.png,bird
32355.png,horse
32356.png,truck
32357.png,ship
32358.png,ship
32359.png,cat
32360.png,frog
32361.png,ship
32362.png,bird
32363.png,frog
32364.png,airplane
32365.png,dog
32366.png,airplane
32367.png,automobile
32368.png,automobile
32369.png,deer
32370.png,airplane
32371.png,ship
32372.png,cat
32373.png,cat
32374.png,deer
32375.png,horse
32376.png,bird
32377.png,airplane
32378.png,bird
32379.png,airplane
32380.png,cat
32381.png,truck
32382.png,frog
32383.png,horse
32384.png,horse
32385.png,deer
32386.png,frog
32387.png,dog
32388.png,bird
32389.png,deer
32390.png,cat
32391.png,frog
32392.png,deer
32393.png,cat
32394.png,dog
32395.png,ship
32396.png,horse
32397.png,frog
32398.png,frog
32399.png,airplane
32400.png,horse
32401.png,cat
32402.png,airplane
32403.png,automobile
32404.png,airplane
32405.png,cat
32406.png,cat
32407.png,bird
32408.png,truck
32409.png,horse
32410.png,bird
32411.png,automobile
32412.png,airplane
32413.png,frog
32414.png,deer
32415.png,horse
32416.png,deer
32417.png,cat
32418.png,horse
32419.png,automobile
32420.png,bird
32421.png,bird
32422.png,ship
32423.png,frog
32424.png,cat
32425.png,ship
32426.png,dog
32427.png,ship
32428.png,dog
32429.png,horse
32430.png,ship
32431.png,bird
32432.png,dog
32433.png,airplane
32434.png,horse
32435.png,frog
32436.png,frog
32437.png,airplane
32438.png,bird
32439.png,automobile
32440.png,truck
32441.png,horse
32442.png,ship
32443.png,truck
32444.png,cat
32445.png,airplane
32446.png,deer
32447.png,deer
32448.png,ship
32449.png,ship
32450.png,cat
32451.png,deer
32452.png,cat
32453.png,dog
32454.png,automobile
32455.png,frog
32456.png,airplane
32457.png,bird
32458.png,bird
32459.png,automobile
32460.png,deer
32461.png,airplane
32462.png,ship
32463.png,automobile
32464.png,ship
32465.png,ship
32466.png,ship
32467.png,truck
32468.png,bird
32469.png,dog
32470.png,horse
32471.png,bird
32472.png,airplane
32473.png,automobile
32474.png,truck
32475.png,automobile
32476.png,ship
32477.png,truck
32478.png,bird
32479.png,deer
32480.png,airplane
32481.png,bird
32482.png,dog
32483.png,bird
32484.png,airplane
32485.png,airplane
32486.png,horse
32487.png,automobile
32488.png,horse
32489.png,automobile
32490.png,truck
32491.png,horse
32492.png,deer
32493.png,automobile
32494.png,frog
32495.png,deer
32496.png,truck
32497.png,deer
32498.png,frog
32499.png,horse
32500.png,bird
32501.png,frog
32502.png,ship
32503.png,automobile
32504.png,horse
32505.png,cat
32506.png,airplane
32507.png,ship
32508.png,horse
32509.png,airplane
32510.png,cat
32511.png,cat
32512.png,dog
32513.png,ship
32514.png,bird
32515.png,horse
32516.png,frog
32517.png,dog
32518.png,cat
32519.png,deer
32520.png,deer
32521.png,cat
32522.png,frog
32523.png,airplane
32524.png,deer
32525.png,cat
32526.png,deer
32527.png,bird
32528.png,cat
32529.png,horse
32530.png,dog
32531.png,dog
32532.png,horse
32533.png,ship
32534.png,deer
32535.png,frog
32536.png,deer
32537.png,frog
32538.png,frog
32539.png,airplane
32540.png,deer
32541.png,ship
32542.png,cat
32543.png,deer
32544.png,ship
32545.png,bird
32546.png,horse
32547.png,horse
32548.png,ship
32549.png,dog
32550.png,truck
32551.png,truck
32552.png,ship
32553.png,truck
32554.png,deer
32555.png,dog
32556.png,cat
32557.png,dog
32558.png,cat
32559.png,cat
32560.png,dog
32561.png,ship
32562.png,horse
32563.png,ship
32564.png,truck
32565.png,automobile
32566.png,frog
32567.png,dog
32568.png,ship
32569.png,horse
32570.png,frog
32571.png,bird
32572.png,deer
32573.png,frog
32574.png,airplane
32575.png,ship
32576.png,truck
32577.png,dog
32578.png,ship
32579.png,ship
32580.png,horse
32581.png,automobile
32582.png,frog
32583.png,bird
32584.png,cat
32585.png,automobile
32586.png,deer
32587.png,horse
32588.png,bird
32589.png,truck
32590.png,truck
32591.png,deer
32592.png,truck
32593.png,airplane
32594.png,deer
32595.png,horse
32596.png,truck
32597.png,cat
32598.png,horse
32599.png,dog
32600.png,frog
32601.png,truck
32602.png,automobile
32603.png,airplane
32604.png,automobile
32605.png,bird
32606.png,truck
32607.png,frog
32608.png,cat
32609.png,deer
32610.png,ship
32611.png,horse
32612.png,ship
32613.png,truck
32614.png,airplane
32615.png,cat
32616.png,deer
32617.png,frog
32618.png,airplane
32619.png,ship
32620.png,ship
32621.png,deer
32622.png,cat
32623.png,ship
32624.png,automobile
32625.png,automobile
32626.png,dog
32627.png,airplane
32628.png,airplane
32629.png,frog
32630.png,airplane
32631.png,cat
32632.png,airplane
32633.png,horse
32634.png,horse
32635.png,deer
32636.png,truck
32637.png,dog
32638.png,frog
32639.png,horse
32640.png,bird
32641.png,horse
32642.png,dog
32643.png,bird
32644.png,deer
32645.png,ship
32646.png,deer
32647.png,horse
32648.png,automobile
32649.png,frog
32650.png,cat
32651.png,deer
32652.png,ship
32653.png,automobile
32654.png,truck
32655.png,deer
32656.png,deer
32657.png,dog
32658.png,deer
32659.png,dog
32660.png,airplane
32661.png,horse
32662.png,airplane
32663.png,airplane
32664.png,ship
32665.png,truck
32666.png,automobile
32667.png,truck
32668.png,dog
32669.png,horse
32670.png,airplane
32671.png,airplane
32672.png,ship
32673.png,cat
32674.png,horse
32675.png,frog
32676.png,frog
32677.png,ship
32678.png,dog
32679.png,bird
32680.png,automobile
32681.png,deer
32682.png,automobile
32683.png,cat
32684.png,airplane
32685.png,automobile
32686.png,cat
32687.png,cat
32688.png,bird
32689.png,horse
32690.png,frog
32691.png,frog
32692.png,ship
32693.png,deer
32694.png,bird
32695.png,frog
32696.png,cat
32697.png,horse
32698.png,bird
32699.png,ship
32700.png,frog
32701.png,horse
32702.png,truck
32703.png,cat
32704.png,airplane
32705.png,horse
32706.png,bird
32707.png,bird
32708.png,frog
32709.png,airplane
32710.png,frog
32711.png,frog
32712.png,bird
32713.png,truck
32714.png,airplane
32715.png,ship
32716.png,cat
32717.png,ship
32718.png,truck
32719.png,airplane
32720.png,dog
32721.png,automobile
32722.png,airplane
32723.png,deer
32724.png,bird
32725.png,truck
32726.png,cat
32727.png,ship
32728.png,ship
32729.png,ship
32730.png,truck
32731.png,bird
32732.png,deer
32733.png,cat
32734.png,horse
32735.png,airplane
32736.png,truck
32737.png,automobile
32738.png,automobile
32739.png,ship
32740.png,frog
32741.png,horse
32742.png,bird
32743.png,truck
32744.png,automobile
32745.png,airplane
32746.png,truck
32747.png,frog
32748.png,dog
32749.png,ship
32750.png,automobile
32751.png,horse
32752.png,dog
32753.png,frog
32754.png,dog
32755.png,deer
32756.png,truck
32757.png,deer
32758.png,deer
32759.png,dog
32760.png,frog
32761.png,ship
32762.png,airplane
32763.png,frog
32764.png,bird
32765.png,dog
32766.png,ship
32767.png,truck
32768.png,ship
32769.png,frog
32770.png,dog
32771.png,dog
32772.png,automobile
32773.png,frog
32774.png,dog
32775.png,cat
32776.png,airplane
32777.png,deer
32778.png,ship
32779.png,truck
32780.png,horse
32781.png,dog
32782.png,frog
32783.png,dog
32784.png,ship
32785.png,deer
32786.png,dog
32787.png,deer
32788.png,automobile
32789.png,dog
32790.png,deer
32791.png,airplane
32792.png,bird
32793.png,bird
32794.png,frog
32795.png,cat
32796.png,dog
32797.png,dog
32798.png,deer
32799.png,dog
32800.png,deer
32801.png,ship
32802.png,dog
32803.png,frog
32804.png,deer
32805.png,dog
32806.png,dog
32807.png,automobile
32808.png,bird
32809.png,cat
32810.png,bird
32811.png,truck
32812.png,automobile
32813.png,frog
32814.png,cat
32815.png,ship
32816.png,horse
32817.png,bird
32818.png,dog
32819.png,deer
32820.png,ship
32821.png,truck
32822.png,dog
32823.png,deer
32824.png,ship
32825.png,dog
32826.png,cat
32827.png,cat
32828.png,automobile
32829.png,frog
32830.png,bird
32831.png,airplane
32832.png,airplane
32833.png,ship
32834.png,dog
32835.png,ship
32836.png,dog
32837.png,ship
32838.png,automobile
32839.png,truck
32840.png,airplane
32841.png,ship
32842.png,truck
32843.png,deer
32844.png,cat
32845.png,cat
32846.png,dog
32847.png,cat
32848.png,automobile
32849.png,truck
32850.png,dog
32851.png,bird
32852.png,truck
32853.png,ship
32854.png,frog
32855.png,deer
32856.png,frog
32857.png,frog
32858.png,airplane
32859.png,bird
32860.png,frog
32861.png,automobile
32862.png,ship
32863.png,dog
32864.png,dog
32865.png,dog
32866.png,ship
32867.png,frog
32868.png,deer
32869.png,frog
32870.png,frog
32871.png,airplane
32872.png,frog
32873.png,ship
32874.png,airplane
32875.png,airplane
32876.png,horse
32877.png,ship
32878.png,dog
32879.png,truck
32880.png,truck
32881.png,frog
32882.png,cat
32883.png,deer
32884.png,automobile
32885.png,airplane
32886.png,airplane
32887.png,automobile
32888.png,ship
32889.png,horse
32890.png,dog
32891.png,deer
32892.png,dog
32893.png,deer
32894.png,deer
32895.png,frog
32896.png,dog
32897.png,ship
32898.png,ship
32899.png,horse
32900.png,bird
32901.png,dog
32902.png,deer
32903.png,truck
32904.png,airplane
32905.png,frog
32906.png,airplane
32907.png,dog
32908.png,frog
32909.png,bird
32910.png,deer
32911.png,dog
32912.png,horse
32913.png,dog
32914.png,automobile
32915.png,cat
32916.png,ship
32917.png,bird
32918.png,cat
32919.png,frog
32920.png,dog
32921.png,horse
32922.png,truck
32923.png,frog
32924.png,cat
32925.png,dog
32926.png,truck
32927.png,dog
32928.png,ship
32929.png,deer
32930.png,deer
32931.png,deer
32932.png,airplane
32933.png,horse
32934.png,ship
32935.png,airplane
32936.png,dog
32937.png,cat
32938.png,automobile
32939.png,cat
32940.png,cat
32941.png,truck
32942.png,automobile
32943.png,dog
32944.png,bird
32945.png,dog
32946.png,truck
32947.png,dog
32948.png,deer
32949.png,horse
32950.png,frog
32951.png,dog
32952.png,bird
32953.png,truck
32954.png,frog
32955.png,airplane
32956.png,ship
32957.png,bird
32958.png,dog
32959.png,frog
32960.png,automobile
32961.png,deer
32962.png,deer
32963.png,truck
32964.png,cat
32965.png,truck
32966.png,truck
32967.png,frog
32968.png,airplane
32969.png,airplane
32970.png,deer
32971.png,frog
32972.png,airplane
32973.png,bird
32974.png,horse
32975.png,ship
32976.png,frog
32977.png,dog
32978.png,ship
32979.png,dog
32980.png,automobile
32981.png,cat
32982.png,bird
32983.png,cat
32984.png,automobile
32985.png,truck
32986.png,frog
32987.png,cat
32988.png,ship
32989.png,automobile
32990.png,deer
32991.png,airplane
32992.png,bird
32993.png,horse
32994.png,frog
32995.png,automobile
32996.png,horse
32997.png,bird
32998.png,deer
32999.png,cat
33000.png,dog
33001.png,airplane
33002.png,dog
33003.png,deer
33004.png,airplane
33005.png,deer
33006.png,ship
33007.png,dog
33008.png,cat
33009.png,cat
33010.png,horse
33011.png,truck
33012.png,airplane
33013.png,frog
33014.png,deer
33015.png,ship
33016.png,deer
33017.png,deer
33018.png,dog
33019.png,frog
33020.png,horse
33021.png,deer
33022.png,bird
33023.png,ship
33024.png,bird
33025.png,truck
33026.png,truck
33027.png,horse
33028.png,deer
33029.png,truck
33030.png,ship
33031.png,bird
33032.png,cat
33033.png,bird
33034.png,cat
33035.png,automobile
33036.png,dog
33037.png,horse
33038.png,deer
33039.png,deer
33040.png,dog
33041.png,horse
33042.png,cat
33043.png,bird
33044.png,cat
33045.png,frog
33046.png,horse
33047.png,horse
33048.png,bird
33049.png,horse
33050.png,cat
33051.png,automobile
33052.png,bird
33053.png,airplane
33054.png,truck
33055.png,bird
33056.png,ship
33057.png,dog
33058.png,deer
33059.png,airplane
33060.png,automobile
33061.png,frog
33062.png,ship
33063.png,airplane
33064.png,automobile
33065.png,dog
33066.png,frog
33067.png,deer
33068.png,dog
33069.png,deer
33070.png,frog
33071.png,deer
33072.png,horse
33073.png,ship
33074.png,deer
33075.png,horse
33076.png,truck
33077.png,airplane
33078.png,truck
33079.png,ship
33080.png,dog
33081.png,deer
33082.png,bird
33083.png,horse
33084.png,bird
33085.png,bird
33086.png,automobile
33087.png,frog
33088.png,airplane
33089.png,truck
33090.png,truck
33091.png,bird
33092.png,frog
33093.png,cat
33094.png,ship
33095.png,deer
33096.png,deer
33097.png,horse
33098.png,automobile
33099.png,cat
33100.png,deer
33101.png,cat
33102.png,cat
33103.png,horse
33104.png,bird
33105.png,ship
33106.png,automobile
33107.png,horse
33108.png,bird
33109.png,bird
33110.png,ship
33111.png,truck
33112.png,ship
33113.png,automobile
33114.png,cat
33115.png,automobile
33116.png,deer
33117.png,dog
33118.png,airplane
33119.png,automobile
33120.png,ship
33121.png,horse
33122.png,bird
33123.png,automobile
33124.png,frog
33125.png,ship
33126.png,dog
33127.png,automobile
33128.png,airplane
33129.png,airplane
33130.png,deer
33131.png,airplane
33132.png,cat
33133.png,cat
33134.png,cat
33135.png,bird
33136.png,bird
33137.png,dog
33138.png,bird
33139.png,dog
33140.png,horse
33141.png,deer
33142.png,frog
33143.png,dog
33144.png,ship
33145.png,truck
33146.png,ship
33147.png,airplane
33148.png,truck
33149.png,airplane
33150.png,truck
33151.png,horse
33152.png,horse
33153.png,bird
33154.png,airplane
33155.png,dog
33156.png,horse
33157.png,ship
33158.png,truck
33159.png,ship
33160.png,cat
33161.png,airplane
33162.png,dog
33163.png,airplane
33164.png,dog
33165.png,automobile
33166.png,ship
33167.png,dog
33168.png,deer
33169.png,cat
33170.png,cat
33171.png,bird
33172.png,deer
33173.png,dog
33174.png,frog
33175.png,horse
33176.png,bird
33177.png,horse
33178.png,cat
33179.png,frog
33180.png,airplane
33181.png,deer
33182.png,automobile
33183.png,truck
33184.png,bird
33185.png,ship
33186.png,deer
33187.png,airplane
33188.png,deer
33189.png,automobile
33190.png,horse
33191.png,ship
33192.png,horse
33193.png,frog
33194.png,dog
33195.png,automobile
33196.png,ship
33197.png,automobile
33198.png,deer
33199.png,automobile
33200.png,dog
33201.png,truck
33202.png,frog
33203.png,airplane
33204.png,horse
33205.png,bird
33206.png,bird
33207.png,automobile
33208.png,automobile
33209.png,truck
33210.png,deer
33211.png,cat
33212.png,cat
33213.png,frog
33214.png,frog
33215.png,airplane
33216.png,deer
33217.png,frog
33218.png,automobile
33219.png,bird
33220.png,truck
33221.png,horse
33222.png,deer
33223.png,deer
33224.png,deer
33225.png,truck
33226.png,ship
33227.png,deer
33228.png,ship
33229.png,automobile
33230.png,airplane
33231.png,automobile
33232.png,ship
33233.png,deer
33234.png,bird
33235.png,bird
33236.png,airplane
33237.png,cat
33238.png,automobile
33239.png,cat
33240.png,deer
33241.png,ship
33242.png,automobile
33243.png,airplane
33244.png,airplane
33245.png,frog
33246.png,deer
33247.png,dog
33248.png,frog
33249.png,truck
33250.png,airplane
33251.png,automobile
33252.png,frog
33253.png,automobile
33254.png,deer
33255.png,horse
33256.png,airplane
33257.png,frog
33258.png,automobile
33259.png,airplane
33260.png,dog
33261.png,frog
33262.png,automobile
33263.png,cat
33264.png,bird
33265.png,ship
33266.png,horse
33267.png,deer
33268.png,cat
33269.png,airplane
33270.png,dog
33271.png,bird
33272.png,automobile
33273.png,deer
33274.png,deer
33275.png,frog
33276.png,cat
33277.png,bird
33278.png,bird
33279.png,frog
33280.png,deer
33281.png,cat
33282.png,truck
33283.png,bird
33284.png,dog
33285.png,truck
33286.png,automobile
33287.png,bird
33288.png,ship
33289.png,deer
33290.png,dog
33291.png,deer
33292.png,bird
33293.png,automobile
33294.png,bird
33295.png,dog
33296.png,dog
33297.png,deer
33298.png,dog
33299.png,frog
33300.png,horse
33301.png,bird
33302.png,cat
33303.png,deer
33304.png,bird
33305.png,dog
33306.png,automobile
33307.png,dog
33308.png,automobile
33309.png,horse
33310.png,frog
33311.png,bird
33312.png,dog
33313.png,deer
33314.png,dog
33315.png,automobile
33316.png,airplane
33317.png,truck
33318.png,ship
33319.png,cat
33320.png,dog
33321.png,dog
33322.png,automobile
33323.png,ship
33324.png,bird
33325.png,horse
33326.png,airplane
33327.png,truck
33328.png,automobile
33329.png,airplane
33330.png,cat
33331.png,horse
33332.png,dog
33333.png,frog
33334.png,dog
33335.png,deer
33336.png,ship
33337.png,airplane
33338.png,cat
33339.png,dog
33340.png,airplane
33341.png,horse
33342.png,horse
33343.png,deer
33344.png,horse
33345.png,truck
33346.png,cat
33347.png,cat
33348.png,airplane
33349.png,horse
33350.png,horse
33351.png,bird
33352.png,automobile
33353.png,deer
33354.png,cat
33355.png,dog
33356.png,cat
33357.png,ship
33358.png,deer
33359.png,cat
33360.png,deer
33361.png,airplane
33362.png,bird
33363.png,truck
33364.png,airplane
33365.png,frog
33366.png,deer
33367.png,frog
33368.png,frog
33369.png,airplane
33370.png,deer
33371.png,deer
33372.png,cat
33373.png,ship
33374.png,deer
33375.png,horse
33376.png,cat
33377.png,truck
33378.png,bird
33379.png,deer
33380.png,bird
33381.png,airplane
33382.png,frog
33383.png,horse
33384.png,deer
33385.png,ship
33386.png,ship
33387.png,airplane
33388.png,cat
33389.png,horse
33390.png,horse
33391.png,automobile
33392.png,truck
33393.png,automobile
33394.png,cat
33395.png,dog
33396.png,bird
33397.png,bird
33398.png,horse
33399.png,ship
33400.png,automobile
33401.png,frog
33402.png,deer
33403.png,frog
33404.png,bird
33405.png,truck
33406.png,frog
33407.png,ship
33408.png,ship
33409.png,deer
33410.png,cat
33411.png,ship
33412.png,frog
33413.png,bird
33414.png,truck
33415.png,airplane
33416.png,automobile
33417.png,airplane
33418.png,truck
33419.png,ship
33420.png,airplane
33421.png,frog
33422.png,airplane
33423.png,cat
33424.png,dog
33425.png,dog
33426.png,frog
33427.png,automobile
33428.png,cat
33429.png,cat
33430.png,dog
33431.png,dog
33432.png,truck
33433.png,truck
33434.png,truck
33435.png,deer
33436.png,dog
33437.png,frog
33438.png,truck
33439.png,airplane
33440.png,horse
33441.png,automobile
33442.png,ship
33443.png,bird
33444.png,cat
33445.png,truck
33446.png,bird
33447.png,ship
33448.png,airplane
33449.png,bird
33450.png,bird
33451.png,horse
33452.png,airplane
33453.png,automobile
33454.png,airplane
33455.png,dog
33456.png,dog
33457.png,ship
33458.png,bird
33459.png,deer
33460.png,ship
33461.png,truck
33462.png,airplane
33463.png,bird
33464.png,cat
33465.png,dog
33466.png,deer
33467.png,frog
33468.png,dog
33469.png,frog
33470.png,horse
33471.png,frog
33472.png,airplane
33473.png,truck
33474.png,deer
33475.png,bird
33476.png,horse
33477.png,dog
33478.png,dog
33479.png,airplane
33480.png,deer
33481.png,deer
33482.png,bird
33483.png,deer
33484.png,truck
33485.png,cat
33486.png,horse
33487.png,truck
33488.png,truck
33489.png,frog
33490.png,airplane
33491.png,bird
33492.png,frog
33493.png,frog
33494.png,bird
33495.png,dog
33496.png,horse
33497.png,horse
33498.png,frog
33499.png,bird
33500.png,deer
33501.png,ship
33502.png,deer
33503.png,airplane
33504.png,bird
33505.png,dog
33506.png,automobile
33507.png,frog
33508.png,deer
33509.png,bird
33510.png,airplane
33511.png,airplane
33512.png,cat
33513.png,deer
33514.png,bird
33515.png,airplane
33516.png,deer
33517.png,airplane
33518.png,frog
33519.png,bird
33520.png,bird
33521.png,truck
33522.png,ship
33523.png,horse
33524.png,deer
33525.png,horse
33526.png,cat
33527.png,cat
33528.png,horse
33529.png,frog
33530.png,deer
33531.png,airplane
33532.png,bird
33533.png,automobile
33534.png,ship
33535.png,dog
33536.png,bird
33537.png,frog
33538.png,ship
33539.png,truck
33540.png,automobile
33541.png,automobile
33542.png,frog
33543.png,airplane
33544.png,frog
33545.png,bird
33546.png,automobile
33547.png,cat
33548.png,truck
33549.png,frog
33550.png,ship
33551.png,bird
33552.png,frog
33553.png,dog
33554.png,horse
33555.png,ship
33556.png,dog
33557.png,horse
33558.png,frog
33559.png,airplane
33560.png,horse
33561.png,cat
33562.png,automobile
33563.png,ship
33564.png,truck
33565.png,bird
33566.png,frog
33567.png,frog
33568.png,dog
33569.png,truck
33570.png,automobile
33571.png,ship
33572.png,ship
33573.png,airplane
33574.png,airplane
33575.png,deer
33576.png,bird
33577.png,dog
33578.png,ship
33579.png,dog
33580.png,dog
33581.png,bird
33582.png,deer
33583.png,cat
33584.png,horse
33585.png,airplane
33586.png,horse
33587.png,deer
33588.png,bird
33589.png,truck
33590.png,airplane
33591.png,deer
33592.png,horse
33593.png,horse
33594.png,truck
33595.png,frog
33596.png,frog
33597.png,airplane
33598.png,deer
33599.png,automobile
33600.png,automobile
33601.png,cat
33602.png,cat
33603.png,bird
33604.png,airplane
33605.png,frog
33606.png,horse
33607.png,dog
33608.png,cat
33609.png,frog
33610.png,dog
33611.png,deer
33612.png,automobile
33613.png,cat
33614.png,ship
33615.png,deer
33616.png,automobile
33617.png,bird
33618.png,airplane
33619.png,horse
33620.png,frog
33621.png,truck
33622.png,bird
33623.png,dog
33624.png,frog
33625.png,automobile
33626.png,automobile
33627.png,ship
33628.png,frog
33629.png,dog
33630.png,dog
33631.png,frog
33632.png,dog
33633.png,bird
33634.png,cat
33635.png,dog
33636.png,cat
33637.png,horse
33638.png,truck
33639.png,airplane
33640.png,truck
33641.png,automobile
33642.png,ship
33643.png,cat
33644.png,automobile
33645.png,bird
33646.png,dog
33647.png,automobile
33648.png,airplane
33649.png,horse
33650.png,bird
33651.png,automobile
33652.png,ship
33653.png,horse
33654.png,cat
33655.png,airplane
33656.png,ship
33657.png,truck
33658.png,deer
33659.png,automobile
33660.png,horse
33661.png,horse
33662.png,ship
33663.png,airplane
33664.png,frog
33665.png,deer
33666.png,truck
33667.png,deer
33668.png,deer
33669.png,truck
33670.png,deer
33671.png,airplane
33672.png,truck
33673.png,truck
33674.png,deer
33675.png,deer
33676.png,deer
33677.png,truck
33678.png,bird
33679.png,horse
33680.png,truck
33681.png,bird
33682.png,horse
33683.png,dog
33684.png,airplane
33685.png,horse
33686.png,deer
33687.png,automobile
33688.png,frog
33689.png,deer
33690.png,horse
33691.png,frog
33692.png,cat
33693.png,deer
33694.png,automobile
33695.png,airplane
33696.png,ship
33697.png,frog
33698.png,deer
33699.png,horse
33700.png,bird
33701.png,airplane
33702.png,frog
33703.png,dog
33704.png,deer
33705.png,frog
33706.png,automobile
33707.png,dog
33708.png,dog
33709.png,bird
33710.png,cat
33711.png,dog
33712.png,airplane
33713.png,horse
33714.png,ship
33715.png,cat
33716.png,frog
33717.png,ship
33718.png,cat
33719.png,automobile
33720.png,deer
33721.png,dog
33722.png,cat
33723.png,horse
33724.png,dog
33725.png,automobile
33726.png,deer
33727.png,frog
33728.png,horse
33729.png,airplane
33730.png,truck
33731.png,bird
33732.png,frog
33733.png,airplane
33734.png,frog
33735.png,automobile
33736.png,deer
33737.png,truck
33738.png,dog
33739.png,frog
33740.png,truck
33741.png,deer
33742.png,bird
33743.png,automobile
33744.png,deer
33745.png,deer
33746.png,automobile
33747.png,truck
33748.png,dog
33749.png,automobile
33750.png,deer
33751.png,airplane
33752.png,automobile
33753.png,ship
33754.png,deer
33755.png,automobile
33756.png,horse
33757.png,ship
33758.png,dog
33759.png,frog
33760.png,frog
33761.png,ship
33762.png,ship
33763.png,automobile
33764.png,horse
33765.png,airplane
33766.png,dog
33767.png,truck
33768.png,airplane
33769.png,dog
33770.png,frog
33771.png,airplane
33772.png,bird
33773.png,automobile
33774.png,horse
33775.png,truck
33776.png,horse
33777.png,bird
33778.png,bird
33779.png,truck
33780.png,cat
33781.png,airplane
33782.png,airplane
33783.png,truck
33784.png,ship
33785.png,truck
33786.png,frog
33787.png,truck
33788.png,frog
33789.png,cat
33790.png,cat
33791.png,truck
33792.png,frog
33793.png,bird
33794.png,bird
33795.png,truck
33796.png,dog
33797.png,deer
33798.png,airplane
33799.png,deer
33800.png,frog
33801.png,dog
33802.png,cat
33803.png,ship
33804.png,deer
33805.png,horse
33806.png,horse
33807.png,truck
33808.png,deer
33809.png,automobile
33810.png,truck
33811.png,cat
33812.png,bird
33813.png,frog
33814.png,truck
33815.png,cat
33816.png,ship
33817.png,deer
33818.png,ship
33819.png,dog
33820.png,airplane
33821.png,dog
33822.png,horse
33823.png,bird
33824.png,deer
33825.png,frog
33826.png,horse
33827.png,deer
33828.png,deer
33829.png,cat
33830.png,bird
33831.png,truck
33832.png,airplane
33833.png,automobile
33834.png,cat
33835.png,bird
33836.png,dog
33837.png,bird
33838.png,dog
33839.png,automobile
33840.png,truck
33841.png,ship
33842.png,cat
33843.png,bird
33844.png,horse
33845.png,horse
33846.png,automobile
33847.png,bird
33848.png,automobile
33849.png,frog
33850.png,bird
33851.png,horse
33852.png,bird
33853.png,ship
33854.png,dog
33855.png,bird
33856.png,horse
33857.png,truck
33858.png,airplane
33859.png,truck
33860.png,automobile
33861.png,horse
33862.png,ship
33863.png,deer
33864.png,deer
33865.png,airplane
33866.png,truck
33867.png,automobile
33868.png,airplane
33869.png,truck
33870.png,ship
33871.png,automobile
33872.png,bird
33873.png,deer
33874.png,dog
33875.png,cat
33876.png,dog
33877.png,cat
33878.png,horse
33879.png,dog
33880.png,cat
33881.png,cat
33882.png,bird
33883.png,cat
33884.png,frog
33885.png,horse
33886.png,frog
33887.png,truck
33888.png,truck
33889.png,ship
33890.png,dog
33891.png,bird
33892.png,dog
33893.png,ship
33894.png,truck
33895.png,cat
33896.png,airplane
33897.png,truck
33898.png,automobile
33899.png,truck
33900.png,bird
33901.png,truck
33902.png,bird
33903.png,horse
33904.png,cat
33905.png,horse
33906.png,airplane
33907.png,deer
33908.png,automobile
33909.png,horse
33910.png,truck
33911.png,automobile
33912.png,bird
33913.png,dog
33914.png,truck
33915.png,cat
33916.png,cat
33917.png,cat
33918.png,cat
33919.png,dog
33920.png,airplane
33921.png,deer
33922.png,horse
33923.png,airplane
33924.png,airplane
33925.png,frog
33926.png,cat
33927.png,airplane
33928.png,dog
33929.png,truck
33930.png,bird
33931.png,truck
33932.png,dog
33933.png,bird
33934.png,airplane
33935.png,airplane
33936.png,horse
33937.png,horse
33938.png,truck
33939.png,frog
33940.png,automobile
33941.png,cat
33942.png,automobile
33943.png,ship
33944.png,airplane
33945.png,cat
33946.png,horse
33947.png,ship
33948.png,deer
33949.png,frog
33950.png,horse
33951.png,airplane
33952.png,automobile
33953.png,cat
33954.png,frog
33955.png,ship
33956.png,cat
33957.png,cat
33958.png,dog
33959.png,truck
33960.png,deer
33961.png,airplane
33962.png,deer
33963.png,dog
33964.png,automobile
33965.png,cat
33966.png,dog
33967.png,truck
33968.png,frog
33969.png,horse
33970.png,ship
33971.png,automobile
33972.png,deer
33973.png,cat
33974.png,frog
33975.png,automobile
33976.png,airplane
33977.png,cat
33978.png,bird
33979.png,cat
33980.png,deer
33981.png,cat
33982.png,horse
33983.png,truck
33984.png,airplane
33985.png,bird
33986.png,automobile
33987.png,dog
33988.png,bird
33989.png,frog
33990.png,dog
33991.png,frog
33992.png,truck
33993.png,ship
33994.png,deer
33995.png,truck
33996.png,horse
33997.png,airplane
33998.png,dog
33999.png,deer
34000.png,airplane
34001.png,cat
34002.png,ship
34003.png,airplane
34004.png,dog
34005.png,ship
34006.png,cat
34007.png,truck
34008.png,dog
34009.png,dog
34010.png,airplane
34011.png,horse
34012.png,cat
34013.png,airplane
34014.png,frog
34015.png,cat
34016.png,horse
34017.png,cat
34018.png,airplane
34019.png,airplane
34020.png,airplane
34021.png,frog
34022.png,ship
34023.png,airplane
34024.png,bird
34025.png,truck
34026.png,horse
34027.png,airplane
34028.png,dog
34029.png,frog
34030.png,cat
34031.png,ship
34032.png,frog
34033.png,airplane
34034.png,frog
34035.png,truck
34036.png,frog
34037.png,airplane
34038.png,airplane
34039.png,deer
34040.png,frog
34041.png,airplane
34042.png,ship
34043.png,cat
34044.png,automobile
34045.png,horse
34046.png,frog
34047.png,horse
34048.png,cat
34049.png,dog
34050.png,truck
34051.png,bird
34052.png,deer
34053.png,automobile
34054.png,bird
34055.png,dog
34056.png,cat
34057.png,frog
34058.png,dog
34059.png,frog
34060.png,dog
34061.png,deer
34062.png,cat
34063.png,bird
34064.png,automobile
34065.png,automobile
34066.png,automobile
34067.png,automobile
34068.png,horse
34069.png,automobile
34070.png,automobile
34071.png,airplane
34072.png,bird
34073.png,truck
34074.png,truck
34075.png,dog
34076.png,frog
34077.png,frog
34078.png,truck
34079.png,truck
34080.png,bird
34081.png,automobile
34082.png,automobile
34083.png,deer
34084.png,airplane
34085.png,dog
34086.png,truck
34087.png,bird
34088.png,deer
34089.png,bird
34090.png,ship
34091.png,automobile
34092.png,frog
34093.png,frog
34094.png,ship
34095.png,ship
34096.png,dog
34097.png,ship
34098.png,automobile
34099.png,ship
34100.png,cat
34101.png,ship
34102.png,airplane
34103.png,bird
34104.png,deer
34105.png,ship
34106.png,dog
34107.png,airplane
34108.png,horse
34109.png,automobile
34110.png,airplane
34111.png,truck
34112.png,dog
34113.png,dog
34114.png,horse
34115.png,deer
34116.png,bird
34117.png,cat
34118.png,dog
34119.png,automobile
34120.png,deer
34121.png,ship
34122.png,airplane
34123.png,dog
34124.png,airplane
34125.png,bird
34126.png,airplane
34127.png,horse
34128.png,deer
34129.png,automobile
34130.png,truck
34131.png,bird
34132.png,airplane
34133.png,dog
34134.png,dog
34135.png,truck
34136.png,ship
34137.png,cat
34138.png,ship
34139.png,automobile
34140.png,frog
34141.png,ship
34142.png,frog
34143.png,frog
34144.png,frog
34145.png,deer
34146.png,automobile
34147.png,cat
34148.png,truck
34149.png,frog
34150.png,bird
34151.png,airplane
34152.png,horse
34153.png,ship
34154.png,automobile
34155.png,truck
34156.png,cat
34157.png,frog
34158.png,frog
34159.png,truck
34160.png,cat
34161.png,cat
34162.png,horse
34163.png,automobile
34164.png,automobile
34165.png,automobile
34166.png,horse
34167.png,bird
34168.png,deer
34169.png,airplane
34170.png,deer
34171.png,cat
34172.png,ship
34173.png,cat
34174.png,airplane
34175.png,deer
34176.png,truck
34177.png,automobile
34178.png,truck
34179.png,bird
34180.png,automobile
34181.png,dog
34182.png,bird
34183.png,deer
34184.png,dog
34185.png,cat
34186.png,cat
34187.png,dog
34188.png,bird
34189.png,dog
34190.png,airplane
34191.png,airplane
34192.png,horse
34193.png,dog
34194.png,deer
34195.png,automobile
34196.png,frog
34197.png,bird
34198.png,cat
34199.png,ship
34200.png,cat
34201.png,bird
34202.png,airplane
34203.png,automobile
34204.png,bird
34205.png,cat
34206.png,truck
34207.png,automobile
34208.png,dog
34209.png,ship
34210.png,frog
34211.png,ship
34212.png,frog
34213.png,ship
34214.png,deer
34215.png,truck
34216.png,deer
34217.png,dog
34218.png,deer
34219.png,bird
34220.png,bird
34221.png,dog
34222.png,dog
34223.png,bird
34224.png,truck
34225.png,ship
34226.png,cat
34227.png,horse
34228.png,deer
34229.png,horse
34230.png,deer
34231.png,frog
34232.png,airplane
34233.png,truck
34234.png,automobile
34235.png,airplane
34236.png,airplane
34237.png,cat
34238.png,dog
34239.png,automobile
34240.png,horse
34241.png,horse
34242.png,horse
34243.png,frog
34244.png,cat
34245.png,cat
34246.png,frog
34247.png,automobile
34248.png,deer
34249.png,ship
34250.png,automobile
34251.png,airplane
34252.png,truck
34253.png,dog
34254.png,horse
34255.png,bird
34256.png,deer
34257.png,bird
34258.png,horse
34259.png,automobile
34260.png,airplane
34261.png,horse
34262.png,deer
34263.png,bird
34264.png,automobile
34265.png,frog
34266.png,frog
34267.png,bird
34268.png,deer
34269.png,bird
34270.png,automobile
34271.png,airplane
34272.png,truck
34273.png,frog
34274.png,horse
34275.png,ship
34276.png,horse
34277.png,ship
34278.png,horse
34279.png,automobile
34280.png,airplane
34281.png,airplane
34282.png,cat
34283.png,horse
34284.png,airplane
34285.png,ship
34286.png,truck
34287.png,frog
34288.png,automobile
34289.png,frog
34290.png,airplane
34291.png,truck
34292.png,horse
34293.png,ship
34294.png,bird
34295.png,cat
34296.png,ship
34297.png,ship
34298.png,cat
34299.png,deer
34300.png,dog
34301.png,automobile
34302.png,automobile
34303.png,dog
34304.png,dog
34305.png,frog
34306.png,bird
34307.png,deer
34308.png,bird
34309.png,horse
34310.png,truck
34311.png,ship
34312.png,frog
34313.png,dog
34314.png,airplane
34315.png,truck
34316.png,ship
34317.png,deer
34318.png,cat
34319.png,airplane
34320.png,ship
34321.png,bird
34322.png,airplane
34323.png,frog
34324.png,dog
34325.png,frog
34326.png,bird
34327.png,frog
34328.png,automobile
34329.png,deer
34330.png,horse
34331.png,cat
34332.png,deer
34333.png,horse
34334.png,ship
34335.png,cat
34336.png,horse
34337.png,automobile
34338.png,deer
34339.png,frog
34340.png,horse
34341.png,bird
34342.png,airplane
34343.png,ship
34344.png,deer
34345.png,deer
34346.png,cat
34347.png,bird
34348.png,automobile
34349.png,truck
34350.png,automobile
34351.png,deer
34352.png,ship
34353.png,deer
34354.png,dog
34355.png,cat
34356.png,truck
34357.png,horse
34358.png,horse
34359.png,automobile
34360.png,ship
34361.png,cat
34362.png,cat
34363.png,frog
34364.png,bird
34365.png,automobile
34366.png,deer
34367.png,truck
34368.png,horse
34369.png,frog
34370.png,ship
34371.png,truck
34372.png,ship
34373.png,horse
34374.png,bird
34375.png,dog
34376.png,automobile
34377.png,automobile
34378.png,bird
34379.png,horse
34380.png,cat
34381.png,horse
34382.png,airplane
34383.png,dog
34384.png,dog
34385.png,deer
34386.png,automobile
34387.png,truck
34388.png,ship
34389.png,frog
34390.png,dog
34391.png,truck
34392.png,dog
34393.png,horse
34394.png,bird
34395.png,frog
34396.png,truck
34397.png,bird
34398.png,cat
34399.png,bird
34400.png,truck
34401.png,automobile
34402.png,horse
34403.png,truck
34404.png,dog
34405.png,ship
34406.png,ship
34407.png,deer
34408.png,cat
34409.png,bird
34410.png,truck
34411.png,deer
34412.png,dog
34413.png,horse
34414.png,bird
34415.png,bird
34416.png,frog
34417.png,automobile
34418.png,airplane
34419.png,deer
34420.png,ship
34421.png,automobile
34422.png,airplane
34423.png,frog
34424.png,truck
34425.png,dog
34426.png,deer
34427.png,automobile
34428.png,truck
34429.png,horse
34430.png,automobile
34431.png,frog
34432.png,deer
34433.png,frog
34434.png,bird
34435.png,airplane
34436.png,truck
34437.png,dog
34438.png,cat
34439.png,horse
34440.png,cat
34441.png,horse
34442.png,ship
34443.png,automobile
34444.png,frog
34445.png,dog
34446.png,automobile
34447.png,horse
34448.png,frog
34449.png,airplane
34450.png,bird
34451.png,deer
34452.png,dog
34453.png,cat
34454.png,automobile
34455.png,airplane
34456.png,ship
34457.png,truck
34458.png,bird
34459.png,dog
34460.png,airplane
34461.png,airplane
34462.png,cat
34463.png,ship
34464.png,bird
34465.png,deer
34466.png,cat
34467.png,bird
34468.png,frog
34469.png,ship
34470.png,horse
34471.png,horse
34472.png,ship
34473.png,dog
34474.png,ship
34475.png,truck
34476.png,truck
34477.png,dog
34478.png,deer
34479.png,dog
34480.png,cat
34481.png,truck
34482.png,truck
34483.png,bird
34484.png,truck
34485.png,automobile
34486.png,truck
34487.png,cat
34488.png,horse
34489.png,bird
34490.png,automobile
34491.png,cat
34492.png,ship
34493.png,cat
34494.png,automobile
34495.png,dog
34496.png,bird
34497.png,cat
34498.png,bird
34499.png,cat
34500.png,bird
34501.png,airplane
34502.png,cat
34503.png,truck
34504.png,bird
34505.png,deer
34506.png,frog
34507.png,horse
34508.png,truck
34509.png,bird
34510.png,horse
34511.png,cat
34512.png,horse
34513.png,dog
34514.png,bird
34515.png,ship
34516.png,truck
34517.png,dog
34518.png,cat
34519.png,horse
34520.png,automobile
34521.png,horse
34522.png,ship
34523.png,ship
34524.png,ship
34525.png,dog
34526.png,truck
34527.png,truck
34528.png,ship
34529.png,horse
34530.png,bird
34531.png,automobile
34532.png,dog
34533.png,truck
34534.png,automobile
34535.png,dog
34536.png,truck
34537.png,cat
34538.png,airplane
34539.png,truck
34540.png,frog
34541.png,automobile
34542.png,dog
34543.png,frog
34544.png,frog
34545.png,horse
34546.png,cat
34547.png,ship
34548.png,airplane
34549.png,automobile
34550.png,truck
34551.png,frog
34552.png,dog
34553.png,frog
34554.png,bird
34555.png,automobile
34556.png,bird
34557.png,deer
34558.png,truck
34559.png,airplane
34560.png,horse
34561.png,ship
34562.png,deer
34563.png,deer
34564.png,frog
34565.png,frog
34566.png,dog
34567.png,bird
34568.png,airplane
34569.png,airplane
34570.png,horse
34571.png,deer
34572.png,automobile
34573.png,truck
34574.png,truck
34575.png,deer
34576.png,deer
34577.png,ship
34578.png,ship
34579.png,airplane
34580.png,cat
34581.png,bird
34582.png,cat
34583.png,ship
34584.png,horse
34585.png,horse
34586.png,deer
34587.png,truck
34588.png,truck
34589.png,automobile
34590.png,deer
34591.png,cat
34592.png,horse
34593.png,horse
34594.png,cat
34595.png,frog
34596.png,automobile
34597.png,automobile
34598.png,bird
34599.png,automobile
34600.png,horse
34601.png,bird
34602.png,airplane
34603.png,frog
34604.png,frog
34605.png,deer
34606.png,horse
34607.png,cat
34608.png,airplane
34609.png,bird
34610.png,bird
34611.png,ship
34612.png,bird
34613.png,frog
34614.png,horse
34615.png,bird
34616.png,ship
34617.png,automobile
34618.png,deer
34619.png,automobile
34620.png,ship
34621.png,bird
34622.png,frog
34623.png,truck
34624.png,cat
34625.png,bird
34626.png,truck
34627.png,dog
34628.png,airplane
34629.png,truck
34630.png,automobile
34631.png,bird
34632.png,horse
34633.png,frog
34634.png,truck
34635.png,dog
34636.png,dog
34637.png,ship
34638.png,automobile
34639.png,deer
34640.png,bird
34641.png,truck
34642.png,ship
34643.png,deer
34644.png,frog
34645.png,frog
34646.png,truck
34647.png,airplane
34648.png,cat
34649.png,horse
34650.png,cat
34651.png,cat
34652.png,bird
34653.png,frog
34654.png,bird
34655.png,bird
34656.png,ship
34657.png,ship
34658.png,ship
34659.png,cat
34660.png,dog
34661.png,dog
34662.png,cat
34663.png,frog
34664.png,bird
34665.png,airplane
34666.png,truck
34667.png,truck
34668.png,truck
34669.png,deer
34670.png,bird
34671.png,deer
34672.png,deer
34673.png,horse
34674.png,automobile
34675.png,frog
34676.png,automobile
34677.png,airplane
34678.png,ship
34679.png,frog
34680.png,frog
34681.png,deer
34682.png,ship
34683.png,cat
34684.png,ship
34685.png,frog
34686.png,bird
34687.png,frog
34688.png,dog
34689.png,horse
34690.png,cat
34691.png,automobile
34692.png,ship
34693.png,deer
34694.png,airplane
34695.png,frog
34696.png,ship
34697.png,frog
34698.png,automobile
34699.png,bird
34700.png,deer
34701.png,automobile
34702.png,automobile
34703.png,dog
34704.png,cat
34705.png,dog
34706.png,airplane
34707.png,frog
34708.png,horse
34709.png,horse
34710.png,horse
34711.png,cat
34712.png,airplane
34713.png,ship
34714.png,truck
34715.png,cat
34716.png,airplane
34717.png,frog
34718.png,horse
34719.png,ship
34720.png,horse
34721.png,automobile
34722.png,automobile
34723.png,airplane
34724.png,automobile
34725.png,airplane
34726.png,frog
34727.png,truck
34728.png,deer
34729.png,dog
34730.png,bird
34731.png,truck
34732.png,truck
34733.png,dog
34734.png,horse
34735.png,bird
34736.png,bird
34737.png,dog
34738.png,deer
34739.png,dog
34740.png,dog
34741.png,frog
34742.png,cat
34743.png,cat
34744.png,ship
34745.png,deer
34746.png,airplane
34747.png,airplane
34748.png,bird
34749.png,airplane
34750.png,ship
34751.png,airplane
34752.png,deer
34753.png,deer
34754.png,truck
34755.png,frog
34756.png,dog
34757.png,cat
34758.png,dog
34759.png,airplane
34760.png,ship
34761.png,deer
34762.png,airplane
34763.png,frog
34764.png,dog
34765.png,frog
34766.png,frog
34767.png,airplane
34768.png,truck
34769.png,cat
34770.png,bird
34771.png,deer
34772.png,cat
34773.png,truck
34774.png,truck
34775.png,truck
34776.png,frog
34777.png,deer
34778.png,deer
34779.png,automobile
34780.png,cat
34781.png,airplane
34782.png,airplane
34783.png,horse
34784.png,airplane
34785.png,deer
34786.png,ship
34787.png,frog
34788.png,airplane
34789.png,horse
34790.png,bird
34791.png,dog
34792.png,automobile
34793.png,ship
34794.png,deer
34795.png,automobile
34796.png,frog
34797.png,truck
34798.png,dog
34799.png,frog
34800.png,airplane
34801.png,truck
34802.png,cat
34803.png,automobile
34804.png,dog
34805.png,frog
34806.png,frog
34807.png,cat
34808.png,horse
34809.png,deer
34810.png,automobile
34811.png,automobile
34812.png,truck
34813.png,dog
34814.png,automobile
34815.png,ship
34816.png,ship
34817.png,deer
34818.png,frog
34819.png,dog
34820.png,deer
34821.png,frog
34822.png,automobile
34823.png,cat
34824.png,frog
34825.png,deer
34826.png,ship
34827.png,horse
34828.png,bird
34829.png,airplane
34830.png,frog
34831.png,automobile
34832.png,airplane
34833.png,automobile
34834.png,dog
34835.png,ship
34836.png,cat
34837.png,bird
34838.png,dog
34839.png,dog
34840.png,dog
34841.png,deer
34842.png,dog
34843.png,truck
34844.png,truck
34845.png,horse
34846.png,automobile
34847.png,dog
34848.png,horse
34849.png,horse
34850.png,frog
34851.png,automobile
34852.png,cat
34853.png,deer
34854.png,cat
34855.png,dog
34856.png,airplane
34857.png,airplane
34858.png,frog
34859.png,cat
34860.png,dog
34861.png,truck
34862.png,frog
34863.png,automobile
34864.png,truck
34865.png,horse
34866.png,cat
34867.png,bird
34868.png,truck
34869.png,horse
34870.png,ship
34871.png,ship
34872.png,automobile
34873.png,truck
34874.png,bird
34875.png,frog
34876.png,frog
34877.png,horse
34878.png,dog
34879.png,truck
34880.png,dog
34881.png,dog
34882.png,deer
34883.png,deer
34884.png,truck
34885.png,dog
34886.png,bird
34887.png,cat
34888.png,dog
34889.png,dog
34890.png,cat
34891.png,automobile
34892.png,dog
34893.png,ship
34894.png,ship
34895.png,ship
34896.png,deer
34897.png,bird
34898.png,ship
34899.png,frog
34900.png,horse
34901.png,horse
34902.png,cat
34903.png,automobile
34904.png,truck
34905.png,horse
34906.png,automobile
34907.png,automobile
34908.png,bird
34909.png,truck
34910.png,automobile
34911.png,ship
34912.png,automobile
34913.png,frog
34914.png,automobile
34915.png,cat
34916.png,horse
34917.png,truck
34918.png,airplane
34919.png,horse
34920.png,airplane
34921.png,frog
34922.png,frog
34923.png,frog
34924.png,automobile
34925.png,dog
34926.png,bird
34927.png,frog
34928.png,automobile
34929.png,bird
34930.png,horse
34931.png,bird
34932.png,dog
34933.png,frog
34934.png,cat
34935.png,cat
34936.png,dog
34937.png,deer
34938.png,horse
34939.png,airplane
34940.png,deer
34941.png,automobile
34942.png,dog
34943.png,frog
34944.png,truck
34945.png,airplane
34946.png,dog
34947.png,cat
34948.png,deer
34949.png,airplane
34950.png,airplane
34951.png,deer
34952.png,frog
34953.png,cat
34954.png,frog
34955.png,dog
34956.png,horse
34957.png,deer
34958.png,truck
34959.png,truck
34960.png,bird
34961.png,bird
34962.png,frog
34963.png,automobile
34964.png,ship
34965.png,airplane
34966.png,frog
34967.png,truck
34968.png,cat
34969.png,bird
34970.png,deer
34971.png,truck
34972.png,bird
34973.png,dog
34974.png,truck
34975.png,bird
34976.png,truck
34977.png,frog
34978.png,ship
34979.png,cat
34980.png,ship
34981.png,cat
34982.png,bird
34983.png,automobile
34984.png,ship
34985.png,cat
34986.png,bird
34987.png,frog
34988.png,cat
34989.png,dog
34990.png,airplane
34991.png,horse
34992.png,truck
34993.png,frog
34994.png,automobile
34995.png,deer
34996.png,truck
34997.png,bird
34998.png,cat
34999.png,airplane
35000.png,cat
35001.png,dog
35002.png,frog
35003.png,horse
35004.png,horse
35005.png,automobile
35006.png,horse
35007.png,truck
35008.png,cat
35009.png,horse
35010.png,cat
35011.png,bird
35012.png,automobile
35013.png,automobile
35014.png,ship
35015.png,ship
35016.png,dog
35017.png,cat
35018.png,frog
35019.png,ship
35020.png,truck
35021.png,horse
35022.png,automobile
35023.png,bird
35024.png,deer
35025.png,cat
35026.png,horse
35027.png,cat
35028.png,deer
35029.png,airplane
35030.png,dog
35031.png,truck
35032.png,bird
35033.png,cat
35034.png,automobile
35035.png,dog
35036.png,ship
35037.png,ship
35038.png,automobile
35039.png,truck
35040.png,airplane
35041.png,cat
35042.png,automobile
35043.png,airplane
35044.png,truck
35045.png,dog
35046.png,deer
35047.png,horse
35048.png,truck
35049.png,automobile
35050.png,dog
35051.png,deer
35052.png,automobile
35053.png,dog
35054.png,dog
35055.png,deer
35056.png,dog
35057.png,horse
35058.png,truck
35059.png,automobile
35060.png,airplane
35061.png,frog
35062.png,dog
35063.png,horse
35064.png,bird
35065.png,truck
35066.png,bird
35067.png,deer
35068.png,horse
35069.png,automobile
35070.png,bird
35071.png,automobile
35072.png,cat
35073.png,deer
35074.png,truck
35075.png,ship
35076.png,bird
35077.png,automobile
35078.png,deer
35079.png,ship
35080.png,airplane
35081.png,truck
35082.png,automobile
35083.png,horse
35084.png,cat
35085.png,ship
35086.png,truck
35087.png,automobile
35088.png,frog
35089.png,ship
35090.png,airplane
35091.png,frog
35092.png,frog
35093.png,cat
35094.png,horse
35095.png,frog
35096.png,airplane
35097.png,bird
35098.png,truck
35099.png,frog
35100.png,frog
35101.png,cat
35102.png,cat
35103.png,cat
35104.png,frog
35105.png,bird
35106.png,automobile
35107.png,automobile
35108.png,bird
35109.png,horse
35110.png,ship
35111.png,horse
35112.png,bird
35113.png,dog
35114.png,deer
35115.png,frog
35116.png,ship
35117.png,truck
35118.png,frog
35119.png,frog
35120.png,frog
35121.png,horse
35122.png,airplane
35123.png,horse
35124.png,frog
35125.png,cat
35126.png,dog
35127.png,bird
35128.png,truck
35129.png,cat
35130.png,automobile
35131.png,cat
35132.png,frog
35133.png,airplane
35134.png,horse
35135.png,automobile
35136.png,deer
35137.png,frog
35138.png,horse
35139.png,truck
35140.png,ship
35141.png,bird
35142.png,cat
35143.png,ship
35144.png,deer
35145.png,cat
35146.png,automobile
35147.png,bird
35148.png,airplane
35149.png,bird
35150.png,airplane
35151.png,ship
35152.png,deer
35153.png,dog
35154.png,horse
35155.png,cat
35156.png,dog
35157.png,deer
35158.png,bird
35159.png,horse
35160.png,truck
35161.png,ship
35162.png,bird
35163.png,airplane
35164.png,cat
35165.png,horse
35166.png,dog
35167.png,dog
35168.png,truck
35169.png,bird
35170.png,ship
35171.png,frog
35172.png,ship
35173.png,bird
35174.png,ship
35175.png,automobile
35176.png,deer
35177.png,horse
35178.png,ship
35179.png,truck
35180.png,airplane
35181.png,deer
35182.png,ship
35183.png,airplane
35184.png,truck
35185.png,truck
35186.png,deer
35187.png,deer
35188.png,deer
35189.png,automobile
35190.png,dog
35191.png,dog
35192.png,bird
35193.png,ship
35194.png,dog
35195.png,dog
35196.png,airplane
35197.png,airplane
35198.png,truck
35199.png,deer
35200.png,ship
35201.png,dog
35202.png,airplane
35203.png,airplane
35204.png,truck
35205.png,cat
35206.png,cat
35207.png,truck
35208.png,automobile
35209.png,frog
35210.png,airplane
35211.png,ship
35212.png,ship
35213.png,deer
35214.png,frog
35215.png,horse
35216.png,cat
35217.png,bird
35218.png,horse
35219.png,truck
35220.png,frog
35221.png,horse
35222.png,frog
35223.png,frog
35224.png,cat
35225.png,ship
35226.png,frog
35227.png,bird
35228.png,dog
35229.png,deer
35230.png,cat
35231.png,bird
35232.png,truck
35233.png,dog
35234.png,truck
35235.png,dog
35236.png,automobile
35237.png,ship
35238.png,dog
35239.png,horse
35240.png,horse
35241.png,frog
35242.png,horse
35243.png,deer
35244.png,bird
35245.png,ship
35246.png,cat
35247.png,cat
35248.png,dog
35249.png,airplane
35250.png,ship
35251.png,deer
35252.png,truck
35253.png,horse
35254.png,horse
35255.png,dog
35256.png,bird
35257.png,airplane
35258.png,truck
35259.png,airplane
35260.png,bird
35261.png,truck
35262.png,frog
35263.png,truck
35264.png,airplane
35265.png,automobile
35266.png,dog
35267.png,ship
35268.png,bird
35269.png,ship
35270.png,airplane
35271.png,frog
35272.png,cat
35273.png,cat
35274.png,dog
35275.png,ship
35276.png,horse
35277.png,deer
35278.png,horse
35279.png,frog
35280.png,airplane
35281.png,truck
35282.png,airplane
35283.png,airplane
35284.png,airplane
35285.png,horse
35286.png,airplane
35287.png,airplane
35288.png,cat
35289.png,truck
35290.png,dog
35291.png,horse
35292.png,automobile
35293.png,cat
35294.png,cat
35295.png,bird
35296.png,ship
35297.png,cat
35298.png,truck
35299.png,cat
35300.png,cat
35301.png,ship
35302.png,ship
35303.png,ship
35304.png,frog
35305.png,deer
35306.png,truck
35307.png,bird
35308.png,cat
35309.png,deer
35310.png,bird
35311.png,bird
35312.png,bird
35313.png,frog
35314.png,cat
35315.png,cat
35316.png,ship
35317.png,horse
35318.png,airplane
35319.png,deer
35320.png,bird
35321.png,bird
35322.png,ship
35323.png,automobile
35324.png,cat
35325.png,deer
35326.png,airplane
35327.png,airplane
35328.png,airplane
35329.png,dog
35330.png,horse
35331.png,truck
35332.png,truck
35333.png,frog
35334.png,horse
35335.png,dog
35336.png,automobile
35337.png,horse
35338.png,bird
35339.png,automobile
35340.png,automobile
35341.png,frog
35342.png,horse
35343.png,frog
35344.png,airplane
35345.png,automobile
35346.png,ship
35347.png,truck
35348.png,bird
35349.png,bird
35350.png,frog
35351.png,bird
35352.png,frog
35353.png,ship
35354.png,bird
35355.png,airplane
35356.png,automobile
35357.png,automobile
35358.png,automobile
35359.png,truck
35360.png,cat
35361.png,bird
35362.png,ship
35363.png,bird
35364.png,bird
35365.png,automobile
35366.png,ship
35367.png,automobile
35368.png,ship
35369.png,cat
35370.png,airplane
35371.png,frog
35372.png,automobile
35373.png,truck
35374.png,airplane
35375.png,ship
35376.png,cat
35377.png,horse
35378.png,airplane
35379.png,deer
35380.png,truck
35381.png,cat
35382.png,airplane
35383.png,truck
35384.png,horse
35385.png,truck
35386.png,horse
35387.png,dog
35388.png,bird
35389.png,ship
35390.png,dog
35391.png,dog
35392.png,airplane
35393.png,horse
35394.png,truck
35395.png,dog
35396.png,deer
35397.png,frog
35398.png,deer
35399.png,cat
35400.png,automobile
35401.png,horse
35402.png,automobile
35403.png,truck
35404.png,airplane
35405.png,automobile
35406.png,bird
35407.png,automobile
35408.png,horse
35409.png,ship
35410.png,dog
35411.png,dog
35412.png,airplane
35413.png,frog
35414.png,deer
35415.png,airplane
35416.png,deer
35417.png,ship
35418.png,airplane
35419.png,airplane
35420.png,ship
35421.png,bird
35422.png,horse
35423.png,airplane
35424.png,truck
35425.png,dog
35426.png,ship
35427.png,horse
35428.png,cat
35429.png,cat
35430.png,deer
35431.png,airplane
35432.png,deer
35433.png,deer
35434.png,truck
35435.png,airplane
35436.png,frog
35437.png,ship
35438.png,cat
35439.png,dog
35440.png,frog
35441.png,automobile
35442.png,ship
35443.png,cat
35444.png,deer
35445.png,frog
35446.png,dog
35447.png,airplane
35448.png,ship
35449.png,bird
35450.png,cat
35451.png,deer
35452.png,bird
35453.png,dog
35454.png,automobile
35455.png,automobile
35456.png,frog
35457.png,airplane
35458.png,deer
35459.png,frog
35460.png,cat
35461.png,bird
35462.png,truck
35463.png,horse
35464.png,cat
35465.png,cat
35466.png,automobile
35467.png,bird
35468.png,deer
35469.png,ship
35470.png,dog
35471.png,airplane
35472.png,dog
35473.png,cat
35474.png,horse
35475.png,deer
35476.png,airplane
35477.png,truck
35478.png,bird
35479.png,cat
35480.png,cat
35481.png,frog
35482.png,cat
35483.png,bird
35484.png,horse
35485.png,deer
35486.png,horse
35487.png,bird
35488.png,dog
35489.png,bird
35490.png,ship
35491.png,airplane
35492.png,ship
35493.png,frog
35494.png,bird
35495.png,deer
35496.png,dog
35497.png,ship
35498.png,dog
35499.png,truck
35500.png,frog
35501.png,cat
35502.png,dog
35503.png,horse
35504.png,bird
35505.png,truck
35506.png,ship
35507.png,frog
35508.png,dog
35509.png,automobile
35510.png,airplane
35511.png,dog
35512.png,horse
35513.png,horse
35514.png,dog
35515.png,deer
35516.png,deer
35517.png,automobile
35518.png,deer
35519.png,ship
35520.png,bird
35521.png,truck
35522.png,truck
35523.png,deer
35524.png,horse
35525.png,airplane
35526.png,cat
35527.png,deer
35528.png,horse
35529.png,airplane
35530.png,airplane
35531.png,automobile
35532.png,automobile
35533.png,cat
35534.png,truck
35535.png,dog
35536.png,frog
35537.png,ship
35538.png,bird
35539.png,deer
35540.png,ship
35541.png,ship
35542.png,cat
35543.png,truck
35544.png,dog
35545.png,airplane
35546.png,truck
35547.png,airplane
35548.png,dog
35549.png,airplane
35550.png,cat
35551.png,automobile
35552.png,airplane
35553.png,dog
35554.png,airplane
35555.png,airplane
35556.png,cat
35557.png,automobile
35558.png,cat
35559.png,truck
35560.png,frog
35561.png,deer
35562.png,frog
35563.png,ship
35564.png,deer
35565.png,deer
35566.png,frog
35567.png,deer
35568.png,automobile
35569.png,truck
35570.png,bird
35571.png,airplane
35572.png,frog
35573.png,ship
35574.png,deer
35575.png,truck
35576.png,bird
35577.png,automobile
35578.png,frog
35579.png,ship
35580.png,truck
35581.png,dog
35582.png,cat
35583.png,cat
35584.png,cat
35585.png,horse
35586.png,frog
35587.png,ship
35588.png,automobile
35589.png,ship
35590.png,horse
35591.png,dog
35592.png,frog
35593.png,truck
35594.png,ship
35595.png,airplane
35596.png,cat
35597.png,bird
35598.png,bird
35599.png,deer
35600.png,airplane
35601.png,frog
35602.png,deer
35603.png,dog
35604.png,airplane
35605.png,dog
35606.png,automobile
35607.png,dog
35608.png,truck
35609.png,airplane
35610.png,dog
35611.png,truck
35612.png,deer
35613.png,truck
35614.png,automobile
35615.png,frog
35616.png,frog
35617.png,bird
35618.png,ship
35619.png,truck
35620.png,ship
35621.png,frog
35622.png,ship
35623.png,deer
35624.png,horse
35625.png,deer
35626.png,truck
35627.png,airplane
35628.png,dog
35629.png,ship
35630.png,cat
35631.png,deer
35632.png,horse
35633.png,horse
35634.png,airplane
35635.png,deer
35636.png,automobile
35637.png,truck
35638.png,frog
35639.png,bird
35640.png,dog
35641.png,dog
35642.png,deer
35643.png,truck
35644.png,bird
35645.png,automobile
35646.png,bird
35647.png,ship
35648.png,horse
35649.png,deer
35650.png,automobile
35651.png,horse
35652.png,automobile
35653.png,dog
35654.png,bird
35655.png,truck
35656.png,bird
35657.png,bird
35658.png,truck
35659.png,airplane
35660.png,frog
35661.png,dog
35662.png,ship
35663.png,airplane
35664.png,ship
35665.png,frog
35666.png,airplane
35667.png,automobile
35668.png,truck
35669.png,automobile
35670.png,cat
35671.png,truck
35672.png,ship
35673.png,frog
35674.png,bird
35675.png,automobile
35676.png,deer
35677.png,truck
35678.png,bird
35679.png,ship
35680.png,ship
35681.png,dog
35682.png,bird
35683.png,horse
35684.png,airplane
35685.png,dog
35686.png,airplane
35687.png,bird
35688.png,ship
35689.png,automobile
35690.png,horse
35691.png,airplane
35692.png,automobile
35693.png,automobile
35694.png,ship
35695.png,automobile
35696.png,dog
35697.png,horse
35698.png,cat
35699.png,horse
35700.png,truck
35701.png,airplane
35702.png,airplane
35703.png,truck
35704.png,frog
35705.png,cat
35706.png,automobile
35707.png,truck
35708.png,ship
35709.png,bird
35710.png,horse
35711.png,horse
35712.png,bird
35713.png,dog
35714.png,airplane
35715.png,deer
35716.png,cat
35717.png,frog
35718.png,truck
35719.png,bird
35720.png,ship
35721.png,truck
35722.png,bird
35723.png,bird
35724.png,bird
35725.png,horse
35726.png,airplane
35727.png,ship
35728.png,ship
35729.png,automobile
35730.png,horse
35731.png,ship
35732.png,airplane
35733.png,frog
35734.png,truck
35735.png,bird
35736.png,dog
35737.png,ship
35738.png,truck
35739.png,airplane
35740.png,frog
35741.png,bird
35742.png,truck
35743.png,frog
35744.png,deer
35745.png,airplane
35746.png,frog
35747.png,truck
35748.png,frog
35749.png,dog
35750.png,truck
35751.png,airplane
35752.png,dog
35753.png,dog
35754.png,automobile
35755.png,cat
35756.png,cat
35757.png,automobile
35758.png,automobile
35759.png,airplane
35760.png,cat
35761.png,deer
35762.png,airplane
35763.png,dog
35764.png,airplane
35765.png,bird
35766.png,bird
35767.png,ship
35768.png,horse
35769.png,horse
35770.png,cat
35771.png,cat
35772.png,bird
35773.png,cat
35774.png,truck
35775.png,deer
35776.png,dog
35777.png,horse
35778.png,deer
35779.png,ship
35780.png,automobile
35781.png,frog
35782.png,frog
35783.png,airplane
35784.png,automobile
35785.png,horse
35786.png,bird
35787.png,dog
35788.png,bird
35789.png,airplane
35790.png,automobile
35791.png,cat
35792.png,deer
35793.png,bird
35794.png,horse
35795.png,cat
35796.png,truck
35797.png,airplane
35798.png,deer
35799.png,airplane
35800.png,automobile
35801.png,bird
35802.png,dog
35803.png,dog
35804.png,automobile
35805.png,cat
35806.png,automobile
35807.png,deer
35808.png,truck
35809.png,ship
35810.png,deer
35811.png,automobile
35812.png,deer
35813.png,horse
35814.png,truck
35815.png,horse
35816.png,horse
35817.png,horse
35818.png,frog
35819.png,horse
35820.png,dog
35821.png,airplane
35822.png,dog
35823.png,dog
35824.png,bird
35825.png,bird
35826.png,ship
35827.png,ship
35828.png,automobile
35829.png,ship
35830.png,truck
35831.png,frog
35832.png,frog
35833.png,cat
35834.png,bird
35835.png,bird
35836.png,airplane
35837.png,cat
35838.png,bird
35839.png,frog
35840.png,deer
35841.png,automobile
35842.png,bird
35843.png,dog
35844.png,deer
35845.png,truck
35846.png,frog
35847.png,airplane
35848.png,automobile
35849.png,frog
35850.png,bird
35851.png,automobile
35852.png,frog
35853.png,truck
35854.png,bird
35855.png,deer
35856.png,airplane
35857.png,truck
35858.png,bird
35859.png,airplane
35860.png,airplane
35861.png,bird
35862.png,automobile
35863.png,bird
35864.png,automobile
35865.png,ship
35866.png,horse
35867.png,automobile
35868.png,dog
35869.png,deer
35870.png,horse
35871.png,bird
35872.png,bird
35873.png,frog
35874.png,airplane
35875.png,bird
35876.png,cat
35877.png,ship
35878.png,deer
35879.png,automobile
35880.png,dog
35881.png,bird
35882.png,ship
35883.png,bird
35884.png,airplane
35885.png,automobile
35886.png,ship
35887.png,truck
35888.png,bird
35889.png,horse
35890.png,cat
35891.png,horse
35892.png,frog
35893.png,dog
35894.png,truck
35895.png,ship
35896.png,ship
35897.png,ship
35898.png,truck
35899.png,dog
35900.png,cat
35901.png,frog
35902.png,bird
35903.png,dog
35904.png,frog
35905.png,frog
35906.png,dog
35907.png,dog
35908.png,deer
35909.png,horse
35910.png,ship
35911.png,automobile
35912.png,ship
35913.png,ship
35914.png,cat
35915.png,automobile
35916.png,deer
35917.png,airplane
35918.png,ship
35919.png,dog
35920.png,cat
35921.png,frog
35922.png,frog
35923.png,horse
35924.png,cat
35925.png,horse
35926.png,deer
35927.png,automobile
35928.png,airplane
35929.png,frog
35930.png,airplane
35931.png,frog
35932.png,cat
35933.png,dog
35934.png,automobile
35935.png,airplane
35936.png,cat
35937.png,bird
35938.png,cat
35939.png,ship
35940.png,automobile
35941.png,bird
35942.png,dog
35943.png,deer
35944.png,truck
35945.png,dog
35946.png,automobile
35947.png,deer
35948.png,bird
35949.png,automobile
35950.png,dog
35951.png,frog
35952.png,frog
35953.png,airplane
35954.png,automobile
35955.png,deer
35956.png,bird
35957.png,deer
35958.png,bird
35959.png,bird
35960.png,bird
35961.png,cat
35962.png,truck
35963.png,horse
35964.png,airplane
35965.png,dog
35966.png,automobile
35967.png,automobile
35968.png,bird
35969.png,deer
35970.png,horse
35971.png,deer
35972.png,frog
35973.png,horse
35974.png,airplane
35975.png,truck
35976.png,horse
35977.png,cat
35978.png,frog
35979.png,deer
35980.png,automobile
35981.png,horse
35982.png,truck
35983.png,horse
35984.png,frog
35985.png,truck
35986.png,ship
35987.png,horse
35988.png,horse
35989.png,horse
35990.png,dog
35991.png,automobile
35992.png,airplane
35993.png,ship
35994.png,dog
35995.png,cat
35996.png,ship
35997.png,airplane
35998.png,deer
35999.png,cat
36000.png,ship
36001.png,cat
36002.png,ship
36003.png,dog
36004.png,deer
36005.png,airplane
36006.png,automobile
36007.png,bird
36008.png,airplane
36009.png,deer
36010.png,bird
36011.png,truck
36012.png,bird
36013.png,frog
36014.png,ship
36015.png,cat
36016.png,automobile
36017.png,dog
36018.png,horse
36019.png,airplane
36020.png,deer
36021.png,bird
36022.png,automobile
36023.png,dog
36024.png,frog
36025.png,ship
36026.png,bird
36027.png,cat
36028.png,cat
36029.png,automobile
36030.png,truck
36031.png,dog
36032.png,truck
36033.png,deer
36034.png,automobile
36035.png,horse
36036.png,dog
36037.png,cat
36038.png,horse
36039.png,airplane
36040.png,automobile
36041.png,automobile
36042.png,dog
36043.png,truck
36044.png,cat
36045.png,frog
36046.png,truck
36047.png,automobile
36048.png,deer
36049.png,dog
36050.png,airplane
36051.png,truck
36052.png,cat
36053.png,airplane
36054.png,automobile
36055.png,cat
36056.png,airplane
36057.png,dog
36058.png,dog
36059.png,automobile
36060.png,truck
36061.png,frog
36062.png,frog
36063.png,frog
36064.png,cat
36065.png,truck
36066.png,horse
36067.png,cat
36068.png,automobile
36069.png,airplane
36070.png,frog
36071.png,bird
36072.png,deer
36073.png,bird
36074.png,dog
36075.png,cat
36076.png,dog
36077.png,truck
36078.png,cat
36079.png,horse
36080.png,frog
36081.png,cat
36082.png,automobile
36083.png,dog
36084.png,deer
36085.png,deer
36086.png,automobile
36087.png,automobile
36088.png,cat
36089.png,truck
36090.png,frog
36091.png,deer
36092.png,ship
36093.png,bird
36094.png,dog
36095.png,bird
36096.png,bird
36097.png,deer
36098.png,ship
36099.png,horse
36100.png,truck
36101.png,airplane
36102.png,automobile
36103.png,automobile
36104.png,dog
36105.png,dog
36106.png,deer
36107.png,airplane
36108.png,automobile
36109.png,ship
36110.png,truck
36111.png,frog
36112.png,frog
36113.png,bird
36114.png,cat
36115.png,horse
36116.png,truck
36117.png,bird
36118.png,truck
36119.png,truck
36120.png,airplane
36121.png,dog
36122.png,dog
36123.png,bird
36124.png,dog
36125.png,cat
36126.png,bird
36127.png,dog
36128.png,dog
36129.png,automobile
36130.png,automobile
36131.png,bird
36132.png,ship
36133.png,dog
36134.png,horse
36135.png,airplane
36136.png,horse
36137.png,horse
36138.png,bird
36139.png,bird
36140.png,dog
36141.png,cat
36142.png,bird
36143.png,deer
36144.png,truck
36145.png,horse
36146.png,cat
36147.png,ship
36148.png,frog
36149.png,airplane
36150.png,airplane
36151.png,dog
36152.png,ship
36153.png,bird
36154.png,automobile
36155.png,bird
36156.png,airplane
36157.png,deer
36158.png,cat
36159.png,automobile
36160.png,cat
36161.png,deer
36162.png,cat
36163.png,bird
36164.png,airplane
36165.png,frog
36166.png,truck
36167.png,dog
36168.png,deer
36169.png,deer
36170.png,bird
36171.png,bird
36172.png,dog
36173.png,horse
36174.png,bird
36175.png,horse
36176.png,airplane
36177.png,frog
36178.png,deer
36179.png,deer
36180.png,truck
36181.png,airplane
36182.png,automobile
36183.png,deer
36184.png,airplane
36185.png,bird
36186.png,bird
36187.png,bird
36188.png,ship
36189.png,frog
36190.png,horse
36191.png,horse
36192.png,dog
36193.png,frog
36194.png,bird
36195.png,automobile
36196.png,airplane
36197.png,dog
36198.png,bird
36199.png,truck
36200.png,deer
36201.png,ship
36202.png,airplane
36203.png,dog
36204.png,horse
36205.png,deer
36206.png,horse
36207.png,dog
36208.png,dog
36209.png,automobile
36210.png,ship
36211.png,truck
36212.png,cat
36213.png,cat
36214.png,bird
36215.png,ship
36216.png,automobile
36217.png,cat
36218.png,dog
36219.png,truck
36220.png,cat
36221.png,ship
36222.png,ship
36223.png,cat
36224.png,truck
36225.png,dog
36226.png,deer
36227.png,cat
36228.png,dog
36229.png,airplane
36230.png,ship
36231.png,cat
36232.png,airplane
36233.png,frog
36234.png,dog
36235.png,deer
36236.png,dog
36237.png,automobile
36238.png,automobile
36239.png,automobile
36240.png,horse
36241.png,cat
36242.png,frog
36243.png,bird
36244.png,frog
36245.png,cat
36246.png,bird
36247.png,dog
36248.png,deer
36249.png,horse
36250.png,cat
36251.png,truck
36252.png,automobile
36253.png,airplane
36254.png,ship
36255.png,airplane
36256.png,ship
36257.png,horse
36258.png,frog
36259.png,automobile
36260.png,dog
36261.png,horse
36262.png,bird
36263.png,ship
36264.png,frog
36265.png,cat
36266.png,horse
36267.png,truck
36268.png,ship
36269.png,bird
36270.png,cat
36271.png,horse
36272.png,truck
36273.png,deer
36274.png,cat
36275.png,frog
36276.png,cat
36277.png,deer
36278.png,truck
36279.png,horse
36280.png,airplane
36281.png,truck
36282.png,horse
36283.png,frog
36284.png,truck
36285.png,frog
36286.png,frog
36287.png,airplane
36288.png,airplane
36289.png,truck
36290.png,airplane
36291.png,frog
36292.png,truck
36293.png,deer
36294.png,bird
36295.png,deer
36296.png,ship
36297.png,frog
36298.png,ship
36299.png,automobile
36300.png,ship
36301.png,bird
36302.png,dog
36303.png,deer
36304.png,horse
36305.png,frog
36306.png,bird
36307.png,horse
36308.png,bird
36309.png,dog
36310.png,truck
36311.png,frog
36312.png,airplane
36313.png,airplane
36314.png,frog
36315.png,airplane
36316.png,truck
36317.png,bird
36318.png,deer
36319.png,frog
36320.png,deer
36321.png,cat
36322.png,truck
36323.png,airplane
36324.png,airplane
36325.png,ship
36326.png,airplane
36327.png,deer
36328.png,deer
36329.png,horse
36330.png,truck
36331.png,bird
36332.png,automobile
36333.png,dog
36334.png,automobile
36335.png,automobile
36336.png,dog
36337.png,deer
36338.png,airplane
36339.png,horse
36340.png,bird
36341.png,bird
36342.png,ship
36343.png,horse
36344.png,automobile
36345.png,bird
36346.png,deer
36347.png,horse
36348.png,dog
36349.png,frog
36350.png,bird
36351.png,dog
36352.png,cat
36353.png,horse
36354.png,airplane
36355.png,dog
36356.png,bird
36357.png,airplane
36358.png,airplane
36359.png,airplane
36360.png,automobile
36361.png,frog
36362.png,deer
36363.png,dog
36364.png,airplane
36365.png,horse
36366.png,frog
36367.png,cat
36368.png,bird
36369.png,frog
36370.png,horse
36371.png,airplane
36372.png,ship
36373.png,deer
36374.png,frog
36375.png,airplane
36376.png,ship
36377.png,automobile
36378.png,bird
36379.png,dog
36380.png,automobile
36381.png,frog
36382.png,truck
36383.png,bird
36384.png,deer
36385.png,truck
36386.png,bird
36387.png,airplane
36388.png,dog
36389.png,automobile
36390.png,airplane
36391.png,ship
36392.png,ship
36393.png,dog
36394.png,airplane
36395.png,horse
36396.png,airplane
36397.png,frog
36398.png,truck
36399.png,bird
36400.png,horse
36401.png,automobile
36402.png,truck
36403.png,bird
36404.png,ship
36405.png,airplane
36406.png,ship
36407.png,deer
36408.png,horse
36409.png,bird
36410.png,horse
36411.png,bird
36412.png,dog
36413.png,horse
36414.png,truck
36415.png,cat
36416.png,airplane
36417.png,dog
36418.png,horse
36419.png,cat
36420.png,frog
36421.png,deer
36422.png,dog
36423.png,cat
36424.png,bird
36425.png,ship
36426.png,cat
36427.png,bird
36428.png,airplane
36429.png,deer
36430.png,horse
36431.png,frog
36432.png,cat
36433.png,truck
36434.png,horse
36435.png,truck
36436.png,dog
36437.png,bird
36438.png,deer
36439.png,ship
36440.png,dog
36441.png,cat
36442.png,bird
36443.png,deer
36444.png,ship
36445.png,ship
36446.png,automobile
36447.png,airplane
36448.png,bird
36449.png,cat
36450.png,bird
36451.png,bird
36452.png,ship
36453.png,horse
36454.png,dog
36455.png,dog
36456.png,automobile
36457.png,truck
36458.png,deer
36459.png,truck
36460.png,truck
36461.png,frog
36462.png,truck
36463.png,frog
36464.png,frog
36465.png,airplane
36466.png,bird
36467.png,deer
36468.png,deer
36469.png,bird
36470.png,bird
36471.png,airplane
36472.png,dog
36473.png,frog
36474.png,automobile
36475.png,cat
36476.png,truck
36477.png,cat
36478.png,cat
36479.png,frog
36480.png,truck
36481.png,deer
36482.png,bird
36483.png,airplane
36484.png,automobile
36485.png,ship
36486.png,automobile
36487.png,frog
36488.png,dog
36489.png,deer
36490.png,cat
36491.png,automobile
36492.png,airplane
36493.png,bird
36494.png,frog
36495.png,bird
36496.png,horse
36497.png,bird
36498.png,airplane
36499.png,ship
36500.png,horse
36501.png,automobile
36502.png,airplane
36503.png,bird
36504.png,cat
36505.png,truck
36506.png,ship
36507.png,airplane
36508.png,truck
36509.png,truck
36510.png,automobile
36511.png,bird
36512.png,cat
36513.png,truck
36514.png,horse
36515.png,deer
36516.png,frog
36517.png,bird
36518.png,deer
36519.png,cat
36520.png,truck
36521.png,automobile
36522.png,truck
36523.png,frog
36524.png,deer
36525.png,bird
36526.png,frog
36527.png,ship
36528.png,cat
36529.png,dog
36530.png,truck
36531.png,airplane
36532.png,airplane
36533.png,dog
36534.png,deer
36535.png,ship
36536.png,horse
36537.png,deer
36538.png,automobile
36539.png,horse
36540.png,bird
36541.png,dog
36542.png,truck
36543.png,automobile
36544.png,cat
36545.png,frog
36546.png,airplane
36547.png,automobile
36548.png,ship
36549.png,cat
36550.png,truck
36551.png,automobile
36552.png,ship
36553.png,deer
36554.png,ship
36555.png,cat
36556.png,ship
36557.png,dog
36558.png,truck
36559.png,airplane
36560.png,truck
36561.png,ship
36562.png,frog
36563.png,horse
36564.png,frog
36565.png,frog
36566.png,horse
36567.png,deer
36568.png,cat
36569.png,automobile
36570.png,horse
36571.png,bird
36572.png,ship
36573.png,deer
36574.png,airplane
36575.png,airplane
36576.png,deer
36577.png,frog
36578.png,truck
36579.png,automobile
36580.png,ship
36581.png,horse
36582.png,bird
36583.png,frog
36584.png,bird
36585.png,ship
36586.png,bird
36587.png,frog
36588.png,dog
36589.png,cat
36590.png,horse
36591.png,truck
36592.png,automobile
36593.png,horse
36594.png,automobile
36595.png,automobile
36596.png,automobile
36597.png,frog
36598.png,horse
36599.png,bird
36600.png,cat
36601.png,deer
36602.png,cat
36603.png,frog
36604.png,dog
36605.png,cat
36606.png,cat
36607.png,airplane
36608.png,frog
36609.png,horse
36610.png,cat
36611.png,airplane
36612.png,automobile
36613.png,horse
36614.png,frog
36615.png,automobile
36616.png,airplane
36617.png,bird
36618.png,dog
36619.png,automobile
36620.png,horse
36621.png,frog
36622.png,airplane
36623.png,bird
36624.png,airplane
36625.png,cat
36626.png,frog
36627.png,bird
36628.png,airplane
36629.png,ship
36630.png,dog
36631.png,deer
36632.png,deer
36633.png,airplane
36634.png,cat
36635.png,airplane
36636.png,bird
36637.png,ship
36638.png,horse
36639.png,frog
36640.png,bird
36641.png,truck
36642.png,automobile
36643.png,frog
36644.png,cat
36645.png,ship
36646.png,frog
36647.png,deer
36648.png,cat
36649.png,automobile
36650.png,truck
36651.png,ship
36652.png,bird
36653.png,deer
36654.png,dog
36655.png,horse
36656.png,deer
36657.png,frog
36658.png,bird
36659.png,bird
36660.png,truck
36661.png,dog
36662.png,frog
36663.png,deer
36664.png,automobile
36665.png,cat
36666.png,deer
36667.png,frog
36668.png,deer
36669.png,truck
36670.png,dog
36671.png,ship
36672.png,deer
36673.png,automobile
36674.png,dog
36675.png,truck
36676.png,bird
36677.png,cat
36678.png,horse
36679.png,ship
36680.png,automobile
36681.png,horse
36682.png,bird
36683.png,bird
36684.png,truck
36685.png,truck
36686.png,cat
36687.png,automobile
36688.png,frog
36689.png,frog
36690.png,frog
36691.png,deer
36692.png,horse
36693.png,dog
36694.png,airplane
36695.png,deer
36696.png,truck
36697.png,frog
36698.png,truck
36699.png,airplane
36700.png,bird
36701.png,bird
36702.png,deer
36703.png,frog
36704.png,automobile
36705.png,frog
36706.png,truck
36707.png,airplane
36708.png,cat
36709.png,ship
36710.png,cat
36711.png,bird
36712.png,deer
36713.png,frog
36714.png,truck
36715.png,cat
36716.png,automobile
36717.png,frog
36718.png,truck
36719.png,horse
36720.png,truck
36721.png,frog
36722.png,automobile
36723.png,ship
36724.png,airplane
36725.png,frog
36726.png,cat
36727.png,bird
36728.png,bird
36729.png,cat
36730.png,horse
36731.png,horse
36732.png,deer
36733.png,automobile
36734.png,ship
36735.png,truck
36736.png,ship
36737.png,automobile
36738.png,airplane
36739.png,cat
36740.png,ship
36741.png,deer
36742.png,truck
36743.png,ship
36744.png,cat
36745.png,ship
36746.png,cat
36747.png,ship
36748.png,ship
36749.png,truck
36750.png,frog
36751.png,airplane
36752.png,automobile
36753.png,bird
36754.png,truck
36755.png,truck
36756.png,deer
36757.png,bird
36758.png,dog
36759.png,ship
36760.png,bird
36761.png,ship
36762.png,cat
36763.png,cat
36764.png,airplane
36765.png,deer
36766.png,ship
36767.png,ship
36768.png,cat
36769.png,frog
36770.png,dog
36771.png,ship
36772.png,airplane
36773.png,cat
36774.png,horse
36775.png,automobile
36776.png,horse
36777.png,horse
36778.png,deer
36779.png,bird
36780.png,cat
36781.png,ship
36782.png,cat
36783.png,dog
36784.png,ship
36785.png,horse
36786.png,bird
36787.png,airplane
36788.png,truck
36789.png,frog
36790.png,airplane
36791.png,frog
36792.png,automobile
36793.png,ship
36794.png,deer
36795.png,truck
36796.png,cat
36797.png,dog
36798.png,truck
36799.png,ship
36800.png,ship
36801.png,cat
36802.png,bird
36803.png,ship
36804.png,ship
36805.png,ship
36806.png,horse
36807.png,horse
36808.png,truck
36809.png,frog
36810.png,cat
36811.png,dog
36812.png,horse
36813.png,cat
36814.png,automobile
36815.png,dog
36816.png,horse
36817.png,frog
36818.png,deer
36819.png,truck
36820.png,airplane
36821.png,horse
36822.png,frog
36823.png,cat
36824.png,frog
36825.png,horse
36826.png,bird
36827.png,frog
36828.png,truck
36829.png,cat
36830.png,horse
36831.png,dog
36832.png,horse
36833.png,bird
36834.png,horse
36835.png,truck
36836.png,bird
36837.png,airplane
36838.png,truck
36839.png,automobile
36840.png,horse
36841.png,dog
36842.png,frog
36843.png,frog
36844.png,deer
36845.png,automobile
36846.png,bird
36847.png,truck
36848.png,frog
36849.png,automobile
36850.png,bird
36851.png,automobile
36852.png,dog
36853.png,cat
36854.png,automobile
36855.png,dog
36856.png,deer
36857.png,ship
36858.png,dog
36859.png,airplane
36860.png,truck
36861.png,bird
36862.png,frog
36863.png,airplane
36864.png,bird
36865.png,ship
36866.png,truck
36867.png,truck
36868.png,deer
36869.png,automobile
36870.png,dog
36871.png,cat
36872.png,dog
36873.png,automobile
36874.png,deer
36875.png,ship
36876.png,truck
36877.png,ship
36878.png,frog
36879.png,truck
36880.png,automobile
36881.png,frog
36882.png,frog
36883.png,ship
36884.png,bird
36885.png,deer
36886.png,bird
36887.png,airplane
36888.png,truck
36889.png,truck
36890.png,airplane
36891.png,cat
36892.png,automobile
36893.png,ship
36894.png,ship
36895.png,cat
36896.png,horse
36897.png,deer
36898.png,horse
36899.png,truck
36900.png,dog
36901.png,cat
36902.png,airplane
36903.png,ship
36904.png,frog
36905.png,horse
36906.png,automobile
36907.png,frog
36908.png,automobile
36909.png,frog
36910.png,airplane
36911.png,truck
36912.png,ship
36913.png,dog
36914.png,frog
36915.png,deer
36916.png,deer
36917.png,deer
36918.png,cat
36919.png,truck
36920.png,bird
36921.png,bird
36922.png,bird
36923.png,frog
36924.png,deer
36925.png,airplane
36926.png,airplane
36927.png,cat
36928.png,airplane
36929.png,truck
36930.png,automobile
36931.png,cat
36932.png,ship
36933.png,horse
36934.png,ship
36935.png,deer
36936.png,automobile
36937.png,horse
36938.png,deer
36939.png,automobile
36940.png,ship
36941.png,ship
36942.png,automobile
36943.png,ship
36944.png,frog
36945.png,dog
36946.png,deer
36947.png,cat
36948.png,frog
36949.png,cat
36950.png,ship
36951.png,automobile
36952.png,cat
36953.png,dog
36954.png,ship
36955.png,dog
36956.png,airplane
36957.png,dog
36958.png,horse
36959.png,dog
36960.png,horse
36961.png,deer
36962.png,cat
36963.png,dog
36964.png,horse
36965.png,dog
36966.png,deer
36967.png,ship
36968.png,truck
36969.png,deer
36970.png,cat
36971.png,cat
36972.png,horse
36973.png,bird
36974.png,cat
36975.png,ship
36976.png,automobile
36977.png,deer
36978.png,horse
36979.png,truck
36980.png,cat
36981.png,cat
36982.png,airplane
36983.png,deer
36984.png,truck
36985.png,frog
36986.png,ship
36987.png,frog
36988.png,horse
36989.png,dog
36990.png,deer
36991.png,cat
36992.png,automobile
36993.png,deer
36994.png,airplane
36995.png,bird
36996.png,frog
36997.png,deer
36998.png,dog
36999.png,frog
37000.png,horse
37001.png,horse
37002.png,horse
37003.png,ship
37004.png,dog
37005.png,deer
37006.png,cat
37007.png,dog
37008.png,automobile
37009.png,bird
37010.png,bird
37011.png,horse
37012.png,dog
37013.png,automobile
37014.png,frog
37015.png,truck
37016.png,bird
37017.png,horse
37018.png,truck
37019.png,deer
37020.png,horse
37021.png,truck
37022.png,frog
37023.png,airplane
37024.png,ship
37025.png,automobile
37026.png,deer
37027.png,bird
37028.png,automobile
37029.png,deer
37030.png,ship
37031.png,automobile
37032.png,truck
37033.png,airplane
37034.png,frog
37035.png,airplane
37036.png,airplane
37037.png,ship
37038.png,horse
37039.png,cat
37040.png,airplane
37041.png,truck
37042.png,airplane
37043.png,ship
37044.png,automobile
37045.png,ship
37046.png,frog
37047.png,dog
37048.png,automobile
37049.png,frog
37050.png,airplane
37051.png,truck
37052.png,ship
37053.png,ship
37054.png,deer
37055.png,bird
37056.png,horse
37057.png,dog
37058.png,cat
37059.png,truck
37060.png,dog
37061.png,ship
37062.png,airplane
37063.png,airplane
37064.png,airplane
37065.png,ship
37066.png,airplane
37067.png,airplane
37068.png,truck
37069.png,airplane
37070.png,deer
37071.png,truck
37072.png,truck
37073.png,ship
37074.png,deer
37075.png,truck
37076.png,deer
37077.png,bird
37078.png,frog
37079.png,airplane
37080.png,airplane
37081.png,cat
37082.png,automobile
37083.png,horse
37084.png,airplane
37085.png,frog
37086.png,dog
37087.png,dog
37088.png,airplane
37089.png,truck
37090.png,deer
37091.png,truck
37092.png,cat
37093.png,automobile
37094.png,deer
37095.png,truck
37096.png,cat
37097.png,dog
37098.png,frog
37099.png,automobile
37100.png,dog
37101.png,horse
37102.png,dog
37103.png,airplane
37104.png,airplane
37105.png,ship
37106.png,cat
37107.png,frog
37108.png,frog
37109.png,dog
37110.png,cat
37111.png,cat
37112.png,bird
37113.png,truck
37114.png,frog
37115.png,dog
37116.png,truck
37117.png,deer
37118.png,cat
37119.png,horse
37120.png,frog
37121.png,cat
37122.png,bird
37123.png,horse
37124.png,deer
37125.png,deer
37126.png,dog
37127.png,truck
37128.png,bird
37129.png,bird
37130.png,bird
37131.png,airplane
37132.png,horse
37133.png,truck
37134.png,cat
37135.png,frog
37136.png,cat
37137.png,automobile
37138.png,bird
37139.png,truck
37140.png,truck
37141.png,frog
37142.png,truck
37143.png,horse
37144.png,bird
37145.png,ship
37146.png,automobile
37147.png,airplane
37148.png,ship
37149.png,ship
37150.png,frog
37151.png,horse
37152.png,dog
37153.png,dog
37154.png,automobile
37155.png,deer
37156.png,truck
37157.png,cat
37158.png,truck
37159.png,horse
37160.png,horse
37161.png,airplane
37162.png,cat
37163.png,cat
37164.png,cat
37165.png,bird
37166.png,airplane
37167.png,bird
37168.png,cat
37169.png,deer
37170.png,dog
37171.png,truck
37172.png,deer
37173.png,deer
37174.png,cat
37175.png,dog
37176.png,cat
37177.png,cat
37178.png,airplane
37179.png,airplane
37180.png,automobile
37181.png,cat
37182.png,airplane
37183.png,airplane
37184.png,automobile
37185.png,dog
37186.png,bird
37187.png,horse
37188.png,cat
37189.png,frog
37190.png,airplane
37191.png,horse
37192.png,airplane
37193.png,deer
37194.png,deer
37195.png,cat
37196.png,truck
37197.png,dog
37198.png,truck
37199.png,bird
37200.png,airplane
37201.png,horse
37202.png,truck
37203.png,horse
37204.png,automobile
37205.png,cat
37206.png,horse
37207.png,frog
37208.png,ship
37209.png,bird
37210.png,cat
37211.png,dog
37212.png,horse
37213.png,bird
37214.png,automobile
37215.png,deer
37216.png,cat
37217.png,dog
37218.png,cat
37219.png,dog
37220.png,frog
37221.png,truck
37222.png,frog
37223.png,horse
37224.png,cat
37225.png,dog
37226.png,truck
37227.png,truck
37228.png,frog
37229.png,horse
37230.png,dog
37231.png,horse
37232.png,frog
37233.png,bird
37234.png,airplane
37235.png,deer
37236.png,automobile
37237.png,cat
37238.png,deer
37239.png,frog
37240.png,automobile
37241.png,airplane
37242.png,deer
37243.png,truck
37244.png,bird
37245.png,horse
37246.png,truck
37247.png,airplane
37248.png,bird
37249.png,automobile
37250.png,truck
37251.png,airplane
37252.png,cat
37253.png,dog
37254.png,automobile
37255.png,horse
37256.png,bird
37257.png,frog
37258.png,automobile
37259.png,ship
37260.png,automobile
37261.png,automobile
37262.png,frog
37263.png,horse
37264.png,cat
37265.png,automobile
37266.png,airplane
37267.png,horse
37268.png,horse
37269.png,bird
37270.png,automobile
37271.png,frog
37272.png,cat
37273.png,dog
37274.png,horse
37275.png,deer
37276.png,frog
37277.png,airplane
37278.png,bird
37279.png,bird
37280.png,airplane
37281.png,bird
37282.png,deer
37283.png,dog
37284.png,bird
37285.png,frog
37286.png,truck
37287.png,horse
37288.png,frog
37289.png,deer
37290.png,frog
37291.png,deer
37292.png,dog
37293.png,horse
37294.png,horse
37295.png,deer
37296.png,truck
37297.png,automobile
37298.png,cat
37299.png,bird
37300.png,ship
37301.png,cat
37302.png,automobile
37303.png,horse
37304.png,automobile
37305.png,cat
37306.png,bird
37307.png,horse
37308.png,ship
37309.png,ship
37310.png,automobile
37311.png,dog
37312.png,cat
37313.png,dog
37314.png,deer
37315.png,truck
37316.png,bird
37317.png,dog
37318.png,dog
37319.png,ship
37320.png,horse
37321.png,automobile
37322.png,bird
37323.png,airplane
37324.png,ship
37325.png,airplane
37326.png,airplane
37327.png,truck
37328.png,automobile
37329.png,airplane
37330.png,ship
37331.png,airplane
37332.png,dog
37333.png,frog
37334.png,bird
37335.png,airplane
37336.png,ship
37337.png,bird
37338.png,bird
37339.png,dog
37340.png,bird
37341.png,deer
37342.png,dog
37343.png,deer
37344.png,bird
37345.png,frog
37346.png,deer
37347.png,horse
37348.png,truck
37349.png,ship
37350.png,truck
37351.png,cat
37352.png,frog
37353.png,bird
37354.png,bird
37355.png,automobile
37356.png,airplane
37357.png,frog
37358.png,cat
37359.png,airplane
37360.png,dog
37361.png,dog
37362.png,bird
37363.png,ship
37364.png,truck
37365.png,dog
37366.png,automobile
37367.png,dog
37368.png,cat
37369.png,bird
37370.png,dog
37371.png,cat
37372.png,airplane
37373.png,frog
37374.png,bird
37375.png,bird
37376.png,dog
37377.png,truck
37378.png,airplane
37379.png,frog
37380.png,horse
37381.png,frog
37382.png,dog
37383.png,automobile
37384.png,truck
37385.png,ship
37386.png,automobile
37387.png,deer
37388.png,truck
37389.png,deer
37390.png,deer
37391.png,automobile
37392.png,dog
37393.png,truck
37394.png,ship
37395.png,ship
37396.png,dog
37397.png,dog
37398.png,bird
37399.png,ship
37400.png,cat
37401.png,truck
37402.png,automobile
37403.png,dog
37404.png,bird
37405.png,frog
37406.png,horse
37407.png,ship
37408.png,truck
37409.png,cat
37410.png,bird
37411.png,cat
37412.png,ship
37413.png,automobile
37414.png,truck
37415.png,cat
37416.png,cat
37417.png,ship
37418.png,cat
37419.png,automobile
37420.png,dog
37421.png,ship
37422.png,cat
37423.png,automobile
37424.png,horse
37425.png,bird
37426.png,cat
37427.png,frog
37428.png,truck
37429.png,automobile
37430.png,cat
37431.png,horse
37432.png,deer
37433.png,airplane
37434.png,truck
37435.png,dog
37436.png,bird
37437.png,dog
37438.png,ship
37439.png,deer
37440.png,airplane
37441.png,automobile
37442.png,dog
37443.png,deer
37444.png,truck
37445.png,truck
37446.png,cat
37447.png,bird
37448.png,truck
37449.png,horse
37450.png,horse
37451.png,deer
37452.png,dog
37453.png,truck
37454.png,cat
37455.png,truck
37456.png,automobile
37457.png,airplane
37458.png,frog
37459.png,horse
37460.png,horse
37461.png,automobile
37462.png,automobile
37463.png,dog
37464.png,deer
37465.png,bird
37466.png,deer
37467.png,deer
37468.png,horse
37469.png,automobile
37470.png,deer
37471.png,dog
37472.png,dog
37473.png,horse
37474.png,frog
37475.png,horse
37476.png,cat
37477.png,automobile
37478.png,ship
37479.png,truck
37480.png,frog
37481.png,automobile
37482.png,frog
37483.png,horse
37484.png,ship
37485.png,dog
37486.png,bird
37487.png,dog
37488.png,frog
37489.png,bird
37490.png,horse
37491.png,truck
37492.png,automobile
37493.png,ship
37494.png,airplane
37495.png,automobile
37496.png,airplane
37497.png,horse
37498.png,horse
37499.png,dog
37500.png,truck
37501.png,cat
37502.png,dog
37503.png,bird
37504.png,bird
37505.png,airplane
37506.png,automobile
37507.png,automobile
37508.png,deer
37509.png,dog
37510.png,truck
37511.png,cat
37512.png,bird
37513.png,automobile
37514.png,cat
37515.png,cat
37516.png,bird
37517.png,ship
37518.png,airplane
37519.png,frog
37520.png,airplane
37521.png,horse
37522.png,dog
37523.png,airplane
37524.png,cat
37525.png,ship
37526.png,horse
37527.png,ship
37528.png,dog
37529.png,deer
37530.png,horse
37531.png,deer
37532.png,dog
37533.png,airplane
37534.png,automobile
37535.png,ship
37536.png,truck
37537.png,truck
37538.png,dog
37539.png,truck
37540.png,truck
37541.png,truck
37542.png,dog
37543.png,frog
37544.png,frog
37545.png,truck
37546.png,bird
37547.png,cat
37548.png,truck
37549.png,cat
37550.png,bird
37551.png,ship
37552.png,automobile
37553.png,truck
37554.png,deer
37555.png,cat
37556.png,ship
37557.png,horse
37558.png,ship
37559.png,airplane
37560.png,dog
37561.png,bird
37562.png,airplane
37563.png,cat
37564.png,deer
37565.png,frog
37566.png,ship
37567.png,airplane
37568.png,ship
37569.png,dog
37570.png,deer
37571.png,automobile
37572.png,truck
37573.png,bird
37574.png,horse
37575.png,frog
37576.png,truck
37577.png,deer
37578.png,deer
37579.png,bird
37580.png,frog
37581.png,truck
37582.png,bird
37583.png,truck
37584.png,ship
37585.png,cat
37586.png,deer
37587.png,bird
37588.png,ship
37589.png,automobile
37590.png,dog
37591.png,automobile
37592.png,deer
37593.png,automobile
37594.png,frog
37595.png,bird
37596.png,horse
37597.png,automobile
37598.png,truck
37599.png,dog
37600.png,deer
37601.png,truck
37602.png,horse
37603.png,deer
37604.png,frog
37605.png,truck
37606.png,airplane
37607.png,truck
37608.png,truck
37609.png,horse
37610.png,frog
37611.png,dog
37612.png,automobile
37613.png,dog
37614.png,bird
37615.png,deer
37616.png,bird
37617.png,automobile
37618.png,frog
37619.png,automobile
37620.png,airplane
37621.png,automobile
37622.png,dog
37623.png,dog
37624.png,dog
37625.png,horse
37626.png,frog
37627.png,bird
37628.png,deer
37629.png,airplane
37630.png,truck
37631.png,automobile
37632.png,cat
37633.png,dog
37634.png,ship
37635.png,truck
37636.png,horse
37637.png,horse
37638.png,horse
37639.png,frog
37640.png,deer
37641.png,cat
37642.png,ship
37643.png,ship
37644.png,ship
37645.png,cat
37646.png,bird
37647.png,airplane
37648.png,bird
37649.png,airplane
37650.png,deer
37651.png,automobile
37652.png,horse
37653.png,automobile
37654.png,ship
37655.png,frog
37656.png,horse
37657.png,deer
37658.png,cat
37659.png,horse
37660.png,ship
37661.png,horse
37662.png,horse
37663.png,cat
37664.png,bird
37665.png,airplane
37666.png,deer
37667.png,automobile
37668.png,truck
37669.png,cat
37670.png,cat
37671.png,horse
37672.png,horse
37673.png,airplane
37674.png,airplane
37675.png,airplane
37676.png,cat
37677.png,dog
37678.png,deer
37679.png,truck
37680.png,horse
37681.png,dog
37682.png,ship
37683.png,frog
37684.png,horse
37685.png,bird
37686.png,dog
37687.png,bird
37688.png,automobile
37689.png,deer
37690.png,automobile
37691.png,airplane
37692.png,deer
37693.png,ship
37694.png,airplane
37695.png,frog
37696.png,horse
37697.png,deer
37698.png,cat
37699.png,automobile
37700.png,frog
37701.png,cat
37702.png,frog
37703.png,automobile
37704.png,ship
37705.png,airplane
37706.png,frog
37707.png,dog
37708.png,deer
37709.png,dog
37710.png,truck
37711.png,ship
37712.png,ship
37713.png,airplane
37714.png,bird
37715.png,frog
37716.png,frog
37717.png,horse
37718.png,frog
37719.png,airplane
37720.png,deer
37721.png,dog
37722.png,deer
37723.png,ship
37724.png,truck
37725.png,horse
37726.png,frog
37727.png,ship
37728.png,automobile
37729.png,airplane
37730.png,airplane
37731.png,truck
37732.png,deer
37733.png,dog
37734.png,cat
37735.png,frog
37736.png,frog
37737.png,dog
37738.png,truck
37739.png,airplane
37740.png,truck
37741.png,dog
37742.png,deer
37743.png,bird
37744.png,automobile
37745.png,horse
37746.png,bird
37747.png,dog
37748.png,airplane
37749.png,frog
37750.png,dog
37751.png,dog
37752.png,truck
37753.png,cat
37754.png,cat
37755.png,bird
37756.png,automobile
37757.png,cat
37758.png,deer
37759.png,airplane
37760.png,frog
37761.png,horse
37762.png,airplane
37763.png,truck
37764.png,horse
37765.png,frog
37766.png,cat
37767.png,bird
37768.png,horse
37769.png,dog
37770.png,cat
37771.png,cat
37772.png,ship
37773.png,airplane
37774.png,cat
37775.png,frog
37776.png,deer
37777.png,cat
37778.png,deer
37779.png,deer
37780.png,automobile
37781.png,truck
37782.png,bird
37783.png,truck
37784.png,airplane
37785.png,dog
37786.png,cat
37787.png,ship
37788.png,horse
37789.png,airplane
37790.png,frog
37791.png,dog
37792.png,horse
37793.png,automobile
37794.png,truck
37795.png,ship
37796.png,dog
37797.png,frog
37798.png,bird
37799.png,ship
37800.png,automobile
37801.png,horse
37802.png,automobile
37803.png,horse
37804.png,ship
37805.png,cat
37806.png,deer
37807.png,airplane
37808.png,horse
37809.png,ship
37810.png,cat
37811.png,horse
37812.png,bird
37813.png,cat
37814.png,dog
37815.png,ship
37816.png,dog
37817.png,bird
37818.png,cat
37819.png,frog
37820.png,truck
37821.png,bird
37822.png,bird
37823.png,frog
37824.png,ship
37825.png,truck
37826.png,frog
37827.png,automobile
37828.png,deer
37829.png,bird
37830.png,cat
37831.png,automobile
37832.png,frog
37833.png,ship
37834.png,truck
37835.png,dog
37836.png,frog
37837.png,horse
37838.png,horse
37839.png,bird
37840.png,deer
37841.png,bird
37842.png,airplane
37843.png,horse
37844.png,airplane
37845.png,automobile
37846.png,ship
37847.png,frog
37848.png,automobile
37849.png,bird
37850.png,automobile
37851.png,deer
37852.png,frog
37853.png,dog
37854.png,deer
37855.png,deer
37856.png,bird
37857.png,bird
37858.png,truck
37859.png,ship
37860.png,horse
37861.png,dog
37862.png,cat
37863.png,horse
37864.png,cat
37865.png,truck
37866.png,frog
37867.png,automobile
37868.png,airplane
37869.png,dog
37870.png,airplane
37871.png,airplane
37872.png,deer
37873.png,airplane
37874.png,ship
37875.png,dog
37876.png,deer
37877.png,dog
37878.png,airplane
37879.png,bird
37880.png,airplane
37881.png,dog
37882.png,airplane
37883.png,horse
37884.png,airplane
37885.png,horse
37886.png,dog
37887.png,deer
37888.png,frog
37889.png,ship
37890.png,horse
37891.png,frog
37892.png,deer
37893.png,horse
37894.png,horse
37895.png,dog
37896.png,bird
37897.png,horse
37898.png,horse
37899.png,horse
37900.png,dog
37901.png,dog
37902.png,deer
37903.png,horse
37904.png,deer
37905.png,cat
37906.png,airplane
37907.png,cat
37908.png,frog
37909.png,horse
37910.png,airplane
37911.png,cat
37912.png,dog
37913.png,cat
37914.png,automobile
37915.png,dog
37916.png,dog
37917.png,automobile
37918.png,frog
37919.png,frog
37920.png,horse
37921.png,automobile
37922.png,dog
37923.png,frog
37924.png,deer
37925.png,cat
37926.png,bird
37927.png,frog
37928.png,truck
37929.png,deer
37930.png,automobile
37931.png,horse
37932.png,airplane
37933.png,bird
37934.png,frog
37935.png,bird
37936.png,horse
37937.png,dog
37938.png,automobile
37939.png,automobile
37940.png,cat
37941.png,frog
37942.png,bird
37943.png,deer
37944.png,bird
37945.png,airplane
37946.png,airplane
37947.png,dog
37948.png,bird
37949.png,horse
37950.png,airplane
37951.png,airplane
37952.png,cat
37953.png,bird
37954.png,ship
37955.png,deer
37956.png,airplane
37957.png,frog
37958.png,horse
37959.png,dog
37960.png,ship
37961.png,deer
37962.png,truck
37963.png,airplane
37964.png,deer
37965.png,cat
37966.png,cat
37967.png,cat
37968.png,cat
37969.png,truck
37970.png,bird
37971.png,frog
37972.png,horse
37973.png,bird
37974.png,cat
37975.png,frog
37976.png,truck
37977.png,airplane
37978.png,deer
37979.png,airplane
37980.png,automobile
37981.png,horse
37982.png,automobile
37983.png,cat
37984.png,cat
37985.png,airplane
37986.png,horse
37987.png,dog
37988.png,deer
37989.png,ship
37990.png,automobile
37991.png,bird
37992.png,ship
37993.png,frog
37994.png,truck
37995.png,ship
37996.png,automobile
37997.png,deer
37998.png,frog
37999.png,cat
38000.png,airplane
38001.png,airplane
38002.png,bird
38003.png,ship
38004.png,airplane
38005.png,dog
38006.png,truck
38007.png,cat
38008.png,bird
38009.png,ship
38010.png,ship
38011.png,airplane
38012.png,airplane
38013.png,cat
38014.png,dog
38015.png,deer
38016.png,deer
38017.png,bird
38018.png,truck
38019.png,truck
38020.png,deer
38021.png,frog
38022.png,dog
38023.png,bird
38024.png,airplane
38025.png,truck
38026.png,horse
38027.png,frog
38028.png,truck
38029.png,automobile
38030.png,airplane
38031.png,bird
38032.png,automobile
38033.png,bird
38034.png,deer
38035.png,ship
38036.png,truck
38037.png,airplane
38038.png,automobile
38039.png,bird
38040.png,airplane
38041.png,cat
38042.png,airplane
38043.png,horse
38044.png,airplane
38045.png,airplane
38046.png,ship
38047.png,bird
38048.png,automobile
38049.png,cat
38050.png,bird
38051.png,frog
38052.png,airplane
38053.png,airplane
38054.png,airplane
38055.png,bird
38056.png,bird
38057.png,truck
38058.png,horse
38059.png,bird
38060.png,dog
38061.png,bird
38062.png,frog
38063.png,horse
38064.png,bird
38065.png,automobile
38066.png,ship
38067.png,cat
38068.png,horse
38069.png,cat
38070.png,frog
38071.png,deer
38072.png,truck
38073.png,bird
38074.png,horse
38075.png,dog
38076.png,automobile
38077.png,deer
38078.png,deer
38079.png,automobile
38080.png,dog
38081.png,bird
38082.png,ship
38083.png,truck
38084.png,airplane
38085.png,automobile
38086.png,cat
38087.png,automobile
38088.png,cat
38089.png,frog
38090.png,ship
38091.png,deer
38092.png,airplane
38093.png,deer
38094.png,cat
38095.png,horse
38096.png,cat
38097.png,bird
38098.png,cat
38099.png,airplane
38100.png,dog
38101.png,cat
38102.png,deer
38103.png,bird
38104.png,deer
38105.png,horse
38106.png,ship
38107.png,dog
38108.png,ship
38109.png,dog
38110.png,horse
38111.png,horse
38112.png,ship
38113.png,airplane
38114.png,horse
38115.png,dog
38116.png,deer
38117.png,truck
38118.png,truck
38119.png,dog
38120.png,deer
38121.png,ship
38122.png,horse
38123.png,frog
38124.png,deer
38125.png,deer
38126.png,frog
38127.png,cat
38128.png,cat
38129.png,horse
38130.png,bird
38131.png,airplane
38132.png,horse
38133.png,truck
38134.png,ship
38135.png,deer
38136.png,deer
38137.png,ship
38138.png,frog
38139.png,ship
38140.png,truck
38141.png,dog
38142.png,frog
38143.png,horse
38144.png,horse
38145.png,dog
38146.png,horse
38147.png,deer
38148.png,cat
38149.png,frog
38150.png,cat
38151.png,bird
38152.png,frog
38153.png,automobile
38154.png,truck
38155.png,airplane
38156.png,horse
38157.png,frog
38158.png,automobile
38159.png,ship
38160.png,truck
38161.png,dog
38162.png,deer
38163.png,ship
38164.png,horse
38165.png,ship
38166.png,dog
38167.png,frog
38168.png,automobile
38169.png,truck
38170.png,frog
38171.png,bird
38172.png,cat
38173.png,dog
38174.png,deer
38175.png,automobile
38176.png,automobile
38177.png,horse
38178.png,automobile
38179.png,horse
38180.png,airplane
38181.png,horse
38182.png,frog
38183.png,bird
38184.png,automobile
38185.png,ship
38186.png,airplane
38187.png,bird
38188.png,airplane
38189.png,deer
38190.png,frog
38191.png,airplane
38192.png,truck
38193.png,automobile
38194.png,cat
38195.png,horse
38196.png,horse
38197.png,horse
38198.png,frog
38199.png,airplane
38200.png,dog
38201.png,cat
38202.png,horse
38203.png,dog
38204.png,horse
38205.png,automobile
38206.png,airplane
38207.png,ship
38208.png,automobile
38209.png,airplane
38210.png,cat
38211.png,dog
38212.png,automobile
38213.png,horse
38214.png,deer
38215.png,ship
38216.png,cat
38217.png,bird
38218.png,airplane
38219.png,ship
38220.png,bird
38221.png,horse
38222.png,ship
38223.png,airplane
38224.png,automobile
38225.png,airplane
38226.png,horse
38227.png,truck
38228.png,frog
38229.png,deer
38230.png,cat
38231.png,frog
38232.png,automobile
38233.png,horse
38234.png,airplane
38235.png,bird
38236.png,airplane
38237.png,horse
38238.png,ship
38239.png,airplane
38240.png,ship
38241.png,dog
38242.png,dog
38243.png,deer
38244.png,horse
38245.png,bird
38246.png,dog
38247.png,cat
38248.png,deer
38249.png,deer
38250.png,horse
38251.png,frog
38252.png,frog
38253.png,horse
38254.png,dog
38255.png,airplane
38256.png,ship
38257.png,horse
38258.png,automobile
38259.png,dog
38260.png,deer
38261.png,automobile
38262.png,automobile
38263.png,automobile
38264.png,deer
38265.png,ship
38266.png,horse
38267.png,automobile
38268.png,truck
38269.png,frog
38270.png,deer
38271.png,automobile
38272.png,automobile
38273.png,dog
38274.png,truck
38275.png,ship
38276.png,cat
38277.png,ship
38278.png,truck
38279.png,automobile
38280.png,horse
38281.png,truck
38282.png,deer
38283.png,automobile
38284.png,deer
38285.png,horse
38286.png,airplane
38287.png,horse
38288.png,bird
38289.png,ship
38290.png,airplane
38291.png,frog
38292.png,bird
38293.png,cat
38294.png,deer
38295.png,deer
38296.png,dog
38297.png,deer
38298.png,frog
38299.png,frog
38300.png,airplane
38301.png,truck
38302.png,ship
38303.png,dog
38304.png,dog
38305.png,cat
38306.png,dog
38307.png,dog
38308.png,airplane
38309.png,horse
38310.png,frog
38311.png,frog
38312.png,bird
38313.png,airplane
38314.png,dog
38315.png,truck
38316.png,ship
38317.png,deer
38318.png,cat
38319.png,frog
38320.png,cat
38321.png,airplane
38322.png,airplane
38323.png,ship
38324.png,ship
38325.png,truck
38326.png,horse
38327.png,airplane
38328.png,automobile
38329.png,truck
38330.png,bird
38331.png,automobile
38332.png,truck
38333.png,ship
38334.png,automobile
38335.png,airplane
38336.png,airplane
38337.png,frog
38338.png,frog
38339.png,cat
38340.png,ship
38341.png,airplane
38342.png,airplane
38343.png,airplane
38344.png,dog
38345.png,airplane
38346.png,airplane
38347.png,dog
38348.png,automobile
38349.png,ship
38350.png,bird
38351.png,deer
38352.png,deer
38353.png,bird
38354.png,deer
38355.png,deer
38356.png,frog
38357.png,horse
38358.png,truck
38359.png,horse
38360.png,dog
38361.png,cat
38362.png,dog
38363.png,ship
38364.png,truck
38365.png,cat
38366.png,bird
38367.png,dog
38368.png,horse
38369.png,airplane
38370.png,dog
38371.png,truck
38372.png,ship
38373.png,frog
38374.png,dog
38375.png,ship
38376.png,deer
38377.png,deer
38378.png,cat
38379.png,truck
38380.png,truck
38381.png,truck
38382.png,ship
38383.png,ship
38384.png,cat
38385.png,ship
38386.png,dog
38387.png,deer
38388.png,airplane
38389.png,horse
38390.png,bird
38391.png,cat
38392.png,frog
38393.png,dog
38394.png,truck
38395.png,horse
38396.png,deer
38397.png,frog
38398.png,frog
38399.png,bird
38400.png,bird
38401.png,cat
38402.png,frog
38403.png,truck
38404.png,dog
38405.png,deer
38406.png,truck
38407.png,truck
38408.png,bird
38409.png,ship
38410.png,frog
38411.png,airplane
38412.png,dog
38413.png,ship
38414.png,ship
38415.png,truck
38416.png,horse
38417.png,ship
38418.png,dog
38419.png,deer
38420.png,airplane
38421.png,automobile
38422.png,ship
38423.png,horse
38424.png,cat
38425.png,dog
38426.png,horse
38427.png,truck
38428.png,dog
38429.png,frog
38430.png,cat
38431.png,truck
38432.png,airplane
38433.png,cat
38434.png,airplane
38435.png,bird
38436.png,horse
38437.png,ship
38438.png,dog
38439.png,frog
38440.png,bird
38441.png,horse
38442.png,ship
38443.png,cat
38444.png,ship
38445.png,cat
38446.png,cat
38447.png,automobile
38448.png,dog
38449.png,automobile
38450.png,cat
38451.png,frog
38452.png,bird
38453.png,automobile
38454.png,ship
38455.png,deer
38456.png,deer
38457.png,bird
38458.png,bird
38459.png,ship
38460.png,bird
38461.png,ship
38462.png,frog
38463.png,frog
38464.png,automobile
38465.png,automobile
38466.png,deer
38467.png,airplane
38468.png,ship
38469.png,horse
38470.png,ship
38471.png,frog
38472.png,dog
38473.png,cat
38474.png,truck
38475.png,horse
38476.png,frog
38477.png,bird
38478.png,ship
38479.png,airplane
38480.png,airplane
38481.png,bird
38482.png,truck
38483.png,automobile
38484.png,truck
38485.png,automobile
38486.png,cat
38487.png,horse
38488.png,automobile
38489.png,bird
38490.png,dog
38491.png,frog
38492.png,automobile
38493.png,deer
38494.png,automobile
38495.png,truck
38496.png,ship
38497.png,deer
38498.png,deer
38499.png,dog
38500.png,airplane
38501.png,horse
38502.png,truck
38503.png,bird
38504.png,dog
38505.png,cat
38506.png,horse
38507.png,ship
38508.png,dog
38509.png,frog
38510.png,bird
38511.png,horse
38512.png,deer
38513.png,horse
38514.png,dog
38515.png,automobile
38516.png,automobile
38517.png,truck
38518.png,deer
38519.png,airplane
38520.png,airplane
38521.png,bird
38522.png,cat
38523.png,automobile
38524.png,ship
38525.png,ship
38526.png,ship
38527.png,deer
38528.png,frog
38529.png,horse
38530.png,dog
38531.png,truck
38532.png,bird
38533.png,truck
38534.png,airplane
38535.png,frog
38536.png,bird
38537.png,airplane
38538.png,frog
38539.png,horse
38540.png,horse
38541.png,ship
38542.png,truck
38543.png,automobile
38544.png,deer
38545.png,ship
38546.png,airplane
38547.png,bird
38548.png,airplane
38549.png,frog
38550.png,automobile
38551.png,horse
38552.png,airplane
38553.png,cat
38554.png,horse
38555.png,ship
38556.png,dog
38557.png,bird
38558.png,cat
38559.png,bird
38560.png,frog
38561.png,bird
38562.png,truck
38563.png,automobile
38564.png,bird
38565.png,dog
38566.png,bird
38567.png,airplane
38568.png,ship
38569.png,frog
38570.png,truck
38571.png,dog
38572.png,automobile
38573.png,frog
38574.png,bird
38575.png,airplane
38576.png,horse
38577.png,airplane
38578.png,automobile
38579.png,deer
38580.png,automobile
38581.png,airplane
38582.png,airplane
38583.png,dog
38584.png,frog
38585.png,deer
38586.png,truck
38587.png,airplane
38588.png,ship
38589.png,frog
38590.png,ship
38591.png,automobile
38592.png,airplane
38593.png,bird
38594.png,deer
38595.png,bird
38596.png,horse
38597.png,automobile
38598.png,horse
38599.png,deer
38600.png,ship
38601.png,dog
38602.png,truck
38603.png,truck
38604.png,deer
38605.png,horse
38606.png,bird
38607.png,frog
38608.png,ship
38609.png,ship
38610.png,cat
38611.png,automobile
38612.png,horse
38613.png,frog
38614.png,airplane
38615.png,cat
38616.png,horse
38617.png,horse
38618.png,airplane
38619.png,airplane
38620.png,ship
38621.png,cat
38622.png,truck
38623.png,bird
38624.png,bird
38625.png,dog
38626.png,ship
38627.png,cat
38628.png,dog
38629.png,airplane
38630.png,dog
38631.png,automobile
38632.png,ship
38633.png,dog
38634.png,airplane
38635.png,cat
38636.png,airplane
38637.png,dog
38638.png,automobile
38639.png,bird
38640.png,airplane
38641.png,deer
38642.png,frog
38643.png,automobile
38644.png,automobile
38645.png,truck
38646.png,ship
38647.png,automobile
38648.png,cat
38649.png,cat
38650.png,cat
38651.png,automobile
38652.png,truck
38653.png,cat
38654.png,horse
38655.png,cat
38656.png,bird
38657.png,airplane
38658.png,dog
38659.png,automobile
38660.png,frog
38661.png,deer
38662.png,deer
38663.png,frog
38664.png,truck
38665.png,bird
38666.png,frog
38667.png,ship
38668.png,horse
38669.png,deer
38670.png,truck
38671.png,airplane
38672.png,frog
38673.png,dog
38674.png,cat
38675.png,frog
38676.png,airplane
38677.png,bird
38678.png,frog
38679.png,horse
38680.png,cat
38681.png,dog
38682.png,airplane
38683.png,automobile
38684.png,airplane
38685.png,cat
38686.png,deer
38687.png,ship
38688.png,truck
38689.png,horse
38690.png,ship
38691.png,frog
38692.png,automobile
38693.png,dog
38694.png,horse
38695.png,ship
38696.png,dog
38697.png,dog
38698.png,cat
38699.png,frog
38700.png,cat
38701.png,ship
38702.png,deer
38703.png,cat
38704.png,horse
38705.png,bird
38706.png,bird
38707.png,cat
38708.png,frog
38709.png,deer
38710.png,dog
38711.png,automobile
38712.png,airplane
38713.png,deer
38714.png,horse
38715.png,deer
38716.png,ship
38717.png,airplane
38718.png,dog
38719.png,airplane
38720.png,automobile
38721.png,deer
38722.png,frog
38723.png,bird
38724.png,frog
38725.png,ship
38726.png,automobile
38727.png,ship
38728.png,ship
38729.png,deer
38730.png,horse
38731.png,deer
38732.png,bird
38733.png,horse
38734.png,ship
38735.png,ship
38736.png,automobile
38737.png,frog
38738.png,horse
38739.png,frog
38740.png,dog
38741.png,truck
38742.png,bird
38743.png,truck
38744.png,ship
38745.png,automobile
38746.png,bird
38747.png,bird
38748.png,frog
38749.png,airplane
38750.png,horse
38751.png,bird
38752.png,frog
38753.png,truck
38754.png,airplane
38755.png,ship
38756.png,deer
38757.png,automobile
38758.png,frog
38759.png,dog
38760.png,truck
38761.png,horse
38762.png,cat
38763.png,deer
38764.png,frog
38765.png,cat
38766.png,bird
38767.png,bird
38768.png,horse
38769.png,truck
38770.png,frog
38771.png,airplane
38772.png,frog
38773.png,airplane
38774.png,frog
38775.png,deer
38776.png,dog
38777.png,deer
38778.png,truck
38779.png,truck
38780.png,ship
38781.png,horse
38782.png,cat
38783.png,airplane
38784.png,airplane
38785.png,dog
38786.png,automobile
38787.png,frog
38788.png,deer
38789.png,dog
38790.png,truck
38791.png,dog
38792.png,airplane
38793.png,dog
38794.png,truck
38795.png,deer
38796.png,automobile
38797.png,airplane
38798.png,ship
38799.png,horse
38800.png,automobile
38801.png,ship
38802.png,bird
38803.png,deer
38804.png,horse
38805.png,automobile
38806.png,deer
38807.png,bird
38808.png,dog
38809.png,ship
38810.png,ship
38811.png,deer
38812.png,cat
38813.png,automobile
38814.png,bird
38815.png,horse
38816.png,ship
38817.png,automobile
38818.png,ship
38819.png,automobile
38820.png,dog
38821.png,truck
38822.png,deer
38823.png,automobile
38824.png,airplane
38825.png,deer
38826.png,cat
38827.png,horse
38828.png,truck
38829.png,airplane
38830.png,cat
38831.png,bird
38832.png,frog
38833.png,ship
38834.png,horse
38835.png,frog
38836.png,ship
38837.png,truck
38838.png,horse
38839.png,automobile
38840.png,dog
38841.png,dog
38842.png,automobile
38843.png,automobile
38844.png,frog
38845.png,frog
38846.png,frog
38847.png,dog
38848.png,airplane
38849.png,truck
38850.png,airplane
38851.png,ship
38852.png,dog
38853.png,deer
38854.png,frog
38855.png,dog
38856.png,airplane
38857.png,frog
38858.png,ship
38859.png,automobile
38860.png,dog
38861.png,dog
38862.png,bird
38863.png,ship
38864.png,truck
38865.png,frog
38866.png,frog
38867.png,frog
38868.png,ship
38869.png,truck
38870.png,deer
38871.png,ship
38872.png,truck
38873.png,automobile
38874.png,truck
38875.png,dog
38876.png,horse
38877.png,deer
38878.png,deer
38879.png,automobile
38880.png,cat
38881.png,cat
38882.png,ship
38883.png,dog
38884.png,bird
38885.png,horse
38886.png,airplane
38887.png,dog
38888.png,cat
38889.png,dog
38890.png,bird
38891.png,horse
38892.png,cat
38893.png,automobile
38894.png,frog
38895.png,cat
38896.png,deer
38897.png,dog
38898.png,cat
38899.png,airplane
38900.png,ship
38901.png,airplane
38902.png,ship
38903.png,automobile
38904.png,cat
38905.png,ship
38906.png,bird
38907.png,deer
38908.png,bird
38909.png,automobile
38910.png,deer
38911.png,deer
38912.png,automobile
38913.png,cat
38914.png,airplane
38915.png,ship
38916.png,horse
38917.png,truck
38918.png,frog
38919.png,horse
38920.png,automobile
38921.png,horse
38922.png,airplane
38923.png,frog
38924.png,deer
38925.png,dog
38926.png,ship
38927.png,truck
38928.png,ship
38929.png,truck
38930.png,automobile
38931.png,deer
38932.png,cat
38933.png,cat
38934.png,truck
38935.png,horse
38936.png,automobile
38937.png,frog
38938.png,airplane
38939.png,horse
38940.png,bird
38941.png,deer
38942.png,deer
38943.png,cat
38944.png,airplane
38945.png,dog
38946.png,cat
38947.png,automobile
38948.png,horse
38949.png,airplane
38950.png,ship
38951.png,automobile
38952.png,cat
38953.png,ship
38954.png,deer
38955.png,dog
38956.png,horse
38957.png,cat
38958.png,frog
38959.png,automobile
38960.png,frog
38961.png,cat
38962.png,truck
38963.png,horse
38964.png,airplane
38965.png,deer
38966.png,horse
38967.png,dog
38968.png,deer
38969.png,frog
38970.png,ship
38971.png,airplane
38972.png,bird
38973.png,deer
38974.png,frog
38975.png,automobile
38976.png,dog
38977.png,cat
38978.png,airplane
38979.png,ship
38980.png,deer
38981.png,airplane
38982.png,bird
38983.png,cat
38984.png,deer
38985.png,cat
38986.png,truck
38987.png,truck
38988.png,ship
38989.png,dog
38990.png,bird
38991.png,dog
38992.png,bird
38993.png,cat
38994.png,frog
38995.png,cat
38996.png,deer
38997.png,bird
38998.png,dog
38999.png,truck
39000.png,cat
39001.png,frog
39002.png,bird
39003.png,dog
39004.png,deer
39005.png,dog
39006.png,deer
39007.png,airplane
39008.png,frog
39009.png,bird
39010.png,deer
39011.png,frog
39012.png,ship
39013.png,airplane
39014.png,cat
39015.png,truck
39016.png,ship
39017.png,truck
39018.png,horse
39019.png,dog
39020.png,bird
39021.png,frog
39022.png,cat
39023.png,ship
39024.png,automobile
39025.png,cat
39026.png,truck
39027.png,airplane
39028.png,airplane
39029.png,frog
39030.png,dog
39031.png,horse
39032.png,frog
39033.png,ship
39034.png,cat
39035.png,frog
39036.png,ship
39037.png,deer
39038.png,airplane
39039.png,ship
39040.png,automobile
39041.png,automobile
39042.png,truck
39043.png,dog
39044.png,truck
39045.png,airplane
39046.png,cat
39047.png,frog
39048.png,deer
39049.png,truck
39050.png,airplane
39051.png,truck
39052.png,bird
39053.png,frog
39054.png,horse
39055.png,frog
39056.png,bird
39057.png,airplane
39058.png,frog
39059.png,automobile
39060.png,airplane
39061.png,bird
39062.png,deer
39063.png,bird
39064.png,truck
39065.png,horse
39066.png,truck
39067.png,dog
39068.png,deer
39069.png,frog
39070.png,ship
39071.png,dog
39072.png,cat
39073.png,ship
39074.png,cat
39075.png,cat
39076.png,ship
39077.png,airplane
39078.png,horse
39079.png,horse
39080.png,ship
39081.png,airplane
39082.png,horse
39083.png,bird
39084.png,airplane
39085.png,truck
39086.png,horse
39087.png,frog
39088.png,frog
39089.png,horse
39090.png,ship
39091.png,dog
39092.png,frog
39093.png,dog
39094.png,truck
39095.png,ship
39096.png,cat
39097.png,bird
39098.png,automobile
39099.png,ship
39100.png,truck
39101.png,cat
39102.png,cat
39103.png,automobile
39104.png,dog
39105.png,airplane
39106.png,deer
39107.png,ship
39108.png,horse
39109.png,cat
39110.png,automobile
39111.png,bird
39112.png,horse
39113.png,bird
39114.png,airplane
39115.png,ship
39116.png,truck
39117.png,dog
39118.png,truck
39119.png,automobile
39120.png,ship
39121.png,frog
39122.png,airplane
39123.png,frog
39124.png,dog
39125.png,dog
39126.png,deer
39127.png,deer
39128.png,deer
39129.png,bird
39130.png,cat
39131.png,cat
39132.png,dog
39133.png,automobile
39134.png,frog
39135.png,frog
39136.png,cat
39137.png,horse
39138.png,truck
39139.png,airplane
39140.png,ship
39141.png,cat
39142.png,automobile
39143.png,ship
39144.png,deer
39145.png,horse
39146.png,bird
39147.png,deer
39148.png,dog
39149.png,frog
39150.png,airplane
39151.png,cat
39152.png,cat
39153.png,cat
39154.png,airplane
39155.png,ship
39156.png,horse
39157.png,truck
39158.png,dog
39159.png,cat
39160.png,frog
39161.png,dog
39162.png,frog
39163.png,deer
39164.png,cat
39165.png,horse
39166.png,cat
39167.png,cat
39168.png,dog
39169.png,horse
39170.png,deer
39171.png,airplane
39172.png,cat
39173.png,horse
39174.png,deer
39175.png,truck
39176.png,cat
39177.png,dog
39178.png,deer
39179.png,bird
39180.png,airplane
39181.png,horse
39182.png,horse
39183.png,deer
39184.png,truck
39185.png,ship
39186.png,bird
39187.png,deer
39188.png,cat
39189.png,frog
39190.png,frog
39191.png,frog
39192.png,ship
39193.png,automobile
39194.png,ship
39195.png,cat
39196.png,automobile
39197.png,airplane
39198.png,frog
39199.png,ship
39200.png,truck
39201.png,frog
39202.png,airplane
39203.png,deer
39204.png,frog
39205.png,automobile
39206.png,frog
39207.png,frog
39208.png,ship
39209.png,automobile
39210.png,deer
39211.png,ship
39212.png,cat
39213.png,truck
39214.png,airplane
39215.png,dog
39216.png,horse
39217.png,dog
39218.png,deer
39219.png,automobile
39220.png,horse
39221.png,cat
39222.png,deer
39223.png,bird
39224.png,airplane
39225.png,frog
39226.png,dog
39227.png,frog
39228.png,frog
39229.png,dog
39230.png,dog
39231.png,airplane
39232.png,horse
39233.png,ship
39234.png,bird
39235.png,automobile
39236.png,cat
39237.png,airplane
39238.png,bird
39239.png,truck
39240.png,ship
39241.png,automobile
39242.png,airplane
39243.png,bird
39244.png,ship
39245.png,deer
39246.png,airplane
39247.png,horse
39248.png,horse
39249.png,bird
39250.png,deer
39251.png,automobile
39252.png,horse
39253.png,frog
39254.png,ship
39255.png,ship
39256.png,horse
39257.png,automobile
39258.png,horse
39259.png,frog
39260.png,horse
39261.png,airplane
39262.png,horse
39263.png,horse
39264.png,ship
39265.png,truck
39266.png,deer
39267.png,horse
39268.png,ship
39269.png,automobile
39270.png,bird
39271.png,horse
39272.png,airplane
39273.png,cat
39274.png,bird
39275.png,truck
39276.png,automobile
39277.png,horse
39278.png,automobile
39279.png,ship
39280.png,automobile
39281.png,truck
39282.png,airplane
39283.png,dog
39284.png,ship
39285.png,deer
39286.png,dog
39287.png,airplane
39288.png,cat
39289.png,airplane
39290.png,cat
39291.png,deer
39292.png,automobile
39293.png,deer
39294.png,deer
39295.png,cat
39296.png,frog
39297.png,deer
39298.png,horse
39299.png,ship
39300.png,ship
39301.png,cat
39302.png,airplane
39303.png,deer
39304.png,horse
39305.png,horse
39306.png,frog
39307.png,horse
39308.png,horse
39309.png,bird
39310.png,bird
39311.png,bird
39312.png,airplane
39313.png,bird
39314.png,cat
39315.png,horse
39316.png,frog
39317.png,dog
39318.png,ship
39319.png,dog
39320.png,truck
39321.png,truck
39322.png,cat
39323.png,automobile
39324.png,frog
39325.png,bird
39326.png,cat
39327.png,frog
39328.png,truck
39329.png,horse
39330.png,airplane
39331.png,truck
39332.png,truck
39333.png,dog
39334.png,automobile
39335.png,ship
39336.png,ship
39337.png,ship
39338.png,frog
39339.png,automobile
39340.png,bird
39341.png,automobile
39342.png,cat
39343.png,ship
39344.png,frog
39345.png,deer
39346.png,horse
39347.png,dog
39348.png,dog
39349.png,deer
39350.png,automobile
39351.png,ship
39352.png,horse
39353.png,automobile
39354.png,automobile
39355.png,horse
39356.png,cat
39357.png,deer
39358.png,frog
39359.png,ship
39360.png,truck
39361.png,bird
39362.png,truck
39363.png,ship
39364.png,automobile
39365.png,ship
39366.png,ship
39367.png,cat
39368.png,ship
39369.png,bird
39370.png,deer
39371.png,frog
39372.png,truck
39373.png,airplane
39374.png,automobile
39375.png,cat
39376.png,cat
39377.png,truck
39378.png,deer
39379.png,horse
39380.png,airplane
39381.png,airplane
39382.png,dog
39383.png,bird
39384.png,ship
39385.png,cat
39386.png,ship
39387.png,airplane
39388.png,automobile
39389.png,deer
39390.png,bird
39391.png,bird
39392.png,automobile
39393.png,airplane
39394.png,ship
39395.png,dog
39396.png,horse
39397.png,airplane
39398.png,airplane
39399.png,cat
39400.png,cat
39401.png,horse
39402.png,frog
39403.png,automobile
39404.png,dog
39405.png,automobile
39406.png,automobile
39407.png,horse
39408.png,bird
39409.png,horse
39410.png,airplane
39411.png,cat
39412.png,dog
39413.png,bird
39414.png,deer
39415.png,dog
39416.png,frog
39417.png,deer
39418.png,frog
39419.png,truck
39420.png,ship
39421.png,cat
39422.png,horse
39423.png,automobile
39424.png,cat
39425.png,ship
39426.png,horse
39427.png,bird
39428.png,truck
39429.png,cat
39430.png,horse
39431.png,deer
39432.png,airplane
39433.png,horse
39434.png,ship
39435.png,truck
39436.png,airplane
39437.png,bird
39438.png,automobile
39439.png,cat
39440.png,deer
39441.png,truck
39442.png,dog
39443.png,ship
39444.png,horse
39445.png,ship
39446.png,dog
39447.png,dog
39448.png,airplane
39449.png,ship
39450.png,truck
39451.png,truck
39452.png,deer
39453.png,frog
39454.png,truck
39455.png,ship
39456.png,automobile
39457.png,dog
39458.png,frog
39459.png,dog
39460.png,deer
39461.png,ship
39462.png,cat
39463.png,ship
39464.png,dog
39465.png,frog
39466.png,horse
39467.png,bird
39468.png,deer
39469.png,ship
39470.png,frog
39471.png,deer
39472.png,airplane
39473.png,horse
39474.png,deer
39475.png,automobile
39476.png,dog
39477.png,automobile
39478.png,airplane
39479.png,bird
39480.png,dog
39481.png,airplane
39482.png,deer
39483.png,cat
39484.png,frog
39485.png,automobile
39486.png,horse
39487.png,airplane
39488.png,dog
39489.png,deer
39490.png,automobile
39491.png,automobile
39492.png,deer
39493.png,bird
39494.png,truck
39495.png,horse
39496.png,deer
39497.png,cat
39498.png,dog
39499.png,horse
39500.png,bird
39501.png,cat
39502.png,deer
39503.png,ship
39504.png,horse
39505.png,airplane
39506.png,deer
39507.png,cat
39508.png,ship
39509.png,bird
39510.png,deer
39511.png,truck
39512.png,frog
39513.png,frog
39514.png,horse
39515.png,bird
39516.png,bird
39517.png,frog
39518.png,truck
39519.png,horse
39520.png,airplane
39521.png,bird
39522.png,airplane
39523.png,truck
39524.png,frog
39525.png,automobile
39526.png,dog
39527.png,cat
39528.png,frog
39529.png,bird
39530.png,horse
39531.png,airplane
39532.png,airplane
39533.png,automobile
39534.png,cat
39535.png,ship
39536.png,bird
39537.png,horse
39538.png,frog
39539.png,dog
39540.png,dog
39541.png,bird
39542.png,deer
39543.png,frog
39544.png,cat
39545.png,frog
39546.png,ship
39547.png,truck
39548.png,horse
39549.png,truck
39550.png,automobile
39551.png,bird
39552.png,dog
39553.png,cat
39554.png,airplane
39555.png,cat
39556.png,frog
39557.png,truck
39558.png,truck
39559.png,dog
39560.png,frog
39561.png,automobile
39562.png,deer
39563.png,frog
39564.png,ship
39565.png,truck
39566.png,deer
39567.png,automobile
39568.png,truck
39569.png,frog
39570.png,dog
39571.png,truck
39572.png,ship
39573.png,truck
39574.png,deer
39575.png,airplane
39576.png,cat
39577.png,deer
39578.png,ship
39579.png,ship
39580.png,ship
39581.png,bird
39582.png,truck
39583.png,horse
39584.png,truck
39585.png,airplane
39586.png,truck
39587.png,truck
39588.png,dog
39589.png,deer
39590.png,airplane
39591.png,ship
39592.png,dog
39593.png,ship
39594.png,ship
39595.png,bird
39596.png,horse
39597.png,deer
39598.png,truck
39599.png,ship
39600.png,cat
39601.png,truck
39602.png,airplane
39603.png,dog
39604.png,dog
39605.png,cat
39606.png,ship
39607.png,airplane
39608.png,deer
39609.png,cat
39610.png,cat
39611.png,bird
39612.png,truck
39613.png,ship
39614.png,ship
39615.png,cat
39616.png,deer
39617.png,cat
39618.png,frog
39619.png,deer
39620.png,airplane
39621.png,truck
39622.png,ship
39623.png,automobile
39624.png,truck
39625.png,dog
39626.png,truck
39627.png,deer
39628.png,ship
39629.png,airplane
39630.png,horse
39631.png,frog
39632.png,airplane
39633.png,bird
39634.png,horse
39635.png,cat
39636.png,truck
39637.png,frog
39638.png,frog
39639.png,automobile
39640.png,frog
39641.png,cat
39642.png,cat
39643.png,dog
39644.png,frog
39645.png,cat
39646.png,dog
39647.png,bird
39648.png,dog
39649.png,bird
39650.png,dog
39651.png,airplane
39652.png,cat
39653.png,automobile
39654.png,ship
39655.png,automobile
39656.png,bird
39657.png,deer
39658.png,frog
39659.png,ship
39660.png,cat
39661.png,dog
39662.png,bird
39663.png,dog
39664.png,dog
39665.png,airplane
39666.png,cat
39667.png,airplane
39668.png,horse
39669.png,automobile
39670.png,dog
39671.png,airplane
39672.png,bird
39673.png,truck
39674.png,truck
39675.png,automobile
39676.png,bird
39677.png,deer
39678.png,dog
39679.png,frog
39680.png,automobile
39681.png,frog
39682.png,cat
39683.png,dog
39684.png,bird
39685.png,ship
39686.png,truck
39687.png,bird
39688.png,bird
39689.png,truck
39690.png,cat
39691.png,deer
39692.png,airplane
39693.png,automobile
39694.png,bird
39695.png,dog
39696.png,dog
39697.png,automobile
39698.png,frog
39699.png,deer
39700.png,truck
39701.png,horse
39702.png,deer
39703.png,ship
39704.png,deer
39705.png,ship
39706.png,deer
39707.png,dog
39708.png,ship
39709.png,horse
39710.png,airplane
39711.png,frog
39712.png,horse
39713.png,dog
39714.png,truck
39715.png,dog
39716.png,ship
39717.png,airplane
39718.png,horse
39719.png,dog
39720.png,airplane
39721.png,horse
39722.png,truck
39723.png,dog
39724.png,airplane
39725.png,automobile
39726.png,airplane
39727.png,horse
39728.png,horse
39729.png,bird
39730.png,bird
39731.png,dog
39732.png,truck
39733.png,bird
39734.png,dog
39735.png,deer
39736.png,automobile
39737.png,truck
39738.png,automobile
39739.png,ship
39740.png,airplane
39741.png,deer
39742.png,truck
39743.png,dog
39744.png,truck
39745.png,bird
39746.png,automobile
39747.png,truck
39748.png,bird
39749.png,dog
39750.png,automobile
39751.png,horse
39752.png,cat
39753.png,deer
39754.png,bird
39755.png,truck
39756.png,horse
39757.png,frog
39758.png,dog
39759.png,horse
39760.png,frog
39761.png,airplane
39762.png,cat
39763.png,horse
39764.png,airplane
39765.png,truck
39766.png,bird
39767.png,ship
39768.png,horse
39769.png,deer
39770.png,automobile
39771.png,ship
39772.png,automobile
39773.png,deer
39774.png,cat
39775.png,airplane
39776.png,truck
39777.png,ship
39778.png,cat
39779.png,cat
39780.png,dog
39781.png,airplane
39782.png,truck
39783.png,horse
39784.png,dog
39785.png,truck
39786.png,deer
39787.png,bird
39788.png,ship
39789.png,dog
39790.png,cat
39791.png,dog
39792.png,frog
39793.png,automobile
39794.png,airplane
39795.png,bird
39796.png,ship
39797.png,horse
39798.png,horse
39799.png,horse
39800.png,horse
39801.png,automobile
39802.png,truck
39803.png,ship
39804.png,deer
39805.png,truck
39806.png,automobile
39807.png,truck
39808.png,horse
39809.png,frog
39810.png,bird
39811.png,horse
39812.png,automobile
39813.png,horse
39814.png,truck
39815.png,frog
39816.png,airplane
39817.png,truck
39818.png,dog
39819.png,automobile
39820.png,airplane
39821.png,automobile
39822.png,bird
39823.png,cat
39824.png,frog
39825.png,automobile
39826.png,automobile
39827.png,airplane
39828.png,truck
39829.png,automobile
39830.png,deer
39831.png,truck
39832.png,truck
39833.png,truck
39834.png,deer
39835.png,bird
39836.png,horse
39837.png,bird
39838.png,truck
39839.png,ship
39840.png,truck
39841.png,ship
39842.png,truck
39843.png,frog
39844.png,automobile
39845.png,truck
39846.png,dog
39847.png,dog
39848.png,bird
39849.png,automobile
39850.png,deer
39851.png,cat
39852.png,dog
39853.png,cat
39854.png,deer
39855.png,bird
39856.png,truck
39857.png,truck
39858.png,bird
39859.png,frog
39860.png,truck
39861.png,truck
39862.png,bird
39863.png,cat
39864.png,airplane
39865.png,ship
39866.png,cat
39867.png,deer
39868.png,frog
39869.png,cat
39870.png,dog
39871.png,truck
39872.png,cat
39873.png,truck
39874.png,frog
39875.png,frog
39876.png,airplane
39877.png,truck
39878.png,airplane
39879.png,deer
39880.png,truck
39881.png,dog
39882.png,bird
39883.png,bird
39884.png,airplane
39885.png,truck
39886.png,cat
39887.png,airplane
39888.png,bird
39889.png,horse
39890.png,frog
39891.png,truck
39892.png,deer
39893.png,automobile
39894.png,dog
39895.png,truck
39896.png,ship
39897.png,ship
39898.png,cat
39899.png,cat
39900.png,airplane
39901.png,frog
39902.png,bird
39903.png,automobile
39904.png,cat
39905.png,airplane
39906.png,automobile
39907.png,automobile
39908.png,airplane
39909.png,ship
39910.png,frog
39911.png,cat
39912.png,automobile
39913.png,automobile
39914.png,frog
39915.png,airplane
39916.png,ship
39917.png,ship
39918.png,truck
39919.png,ship
39920.png,cat
39921.png,dog
39922.png,cat
39923.png,frog
39924.png,dog
39925.png,cat
39926.png,bird
39927.png,airplane
39928.png,airplane
39929.png,bird
39930.png,dog
39931.png,truck
39932.png,bird
39933.png,deer
39934.png,automobile
39935.png,truck
39936.png,bird
39937.png,automobile
39938.png,ship
39939.png,frog
39940.png,frog
39941.png,automobile
39942.png,cat
39943.png,deer
39944.png,bird
39945.png,horse
39946.png,deer
39947.png,deer
39948.png,deer
39949.png,automobile
39950.png,horse
39951.png,cat
39952.png,bird
39953.png,bird
39954.png,automobile
39955.png,frog
39956.png,truck
39957.png,ship
39958.png,airplane
39959.png,deer
39960.png,airplane
39961.png,bird
39962.png,horse
39963.png,horse
39964.png,frog
39965.png,automobile
39966.png,automobile
39967.png,airplane
39968.png,dog
39969.png,frog
39970.png,frog
39971.png,ship
39972.png,ship
39973.png,cat
39974.png,dog
39975.png,automobile
39976.png,dog
39977.png,bird
39978.png,deer
39979.png,frog
39980.png,cat
39981.png,cat
39982.png,ship
39983.png,frog
39984.png,bird
39985.png,truck
39986.png,horse
39987.png,frog
39988.png,automobile
39989.png,horse
39990.png,cat
39991.png,automobile
39992.png,bird
39993.png,ship
39994.png,truck
39995.png,frog
39996.png,airplane
39997.png,automobile
39998.png,frog
39999.png,bird
40000.png,ship
40001.png,automobile
40002.png,ship
40003.png,dog
40004.png,automobile
40005.png,dog
40006.png,horse
40007.png,deer
40008.png,cat
40009.png,ship
40010.png,bird
40011.png,horse
40012.png,bird
40013.png,airplane
40014.png,automobile
40015.png,dog
40016.png,truck
40017.png,frog
40018.png,bird
40019.png,airplane
40020.png,ship
40021.png,bird
40022.png,horse
40023.png,airplane
40024.png,deer
40025.png,automobile
40026.png,horse
40027.png,horse
40028.png,deer
40029.png,deer
40030.png,truck
40031.png,truck
40032.png,frog
40033.png,bird
40034.png,deer
40035.png,automobile
40036.png,frog
40037.png,deer
40038.png,truck
40039.png,frog
40040.png,frog
40041.png,truck
40042.png,frog
40043.png,truck
40044.png,truck
40045.png,dog
40046.png,horse
40047.png,automobile
40048.png,frog
40049.png,ship
40050.png,bird
40051.png,truck
40052.png,dog
40053.png,truck
40054.png,dog
40055.png,cat
40056.png,horse
40057.png,automobile
40058.png,cat
40059.png,cat
40060.png,truck
40061.png,automobile
40062.png,horse
40063.png,ship
40064.png,truck
40065.png,horse
40066.png,deer
40067.png,cat
40068.png,deer
40069.png,truck
40070.png,dog
40071.png,ship
40072.png,deer
40073.png,truck
40074.png,cat
40075.png,frog
40076.png,automobile
40077.png,automobile
40078.png,deer
40079.png,cat
40080.png,truck
40081.png,truck
40082.png,automobile
40083.png,truck
40084.png,truck
40085.png,bird
40086.png,deer
40087.png,cat
40088.png,bird
40089.png,deer
40090.png,horse
40091.png,automobile
40092.png,dog
40093.png,automobile
40094.png,ship
40095.png,frog
40096.png,cat
40097.png,frog
40098.png,cat
40099.png,deer
40100.png,deer
40101.png,truck
40102.png,truck
40103.png,truck
40104.png,horse
40105.png,airplane
40106.png,dog
40107.png,horse
40108.png,horse
40109.png,deer
40110.png,ship
40111.png,ship
40112.png,deer
40113.png,bird
40114.png,airplane
40115.png,dog
40116.png,bird
40117.png,deer
40118.png,truck
40119.png,automobile
40120.png,horse
40121.png,horse
40122.png,deer
40123.png,ship
40124.png,ship
40125.png,ship
40126.png,airplane
40127.png,bird
40128.png,cat
40129.png,frog
40130.png,cat
40131.png,truck
40132.png,airplane
40133.png,ship
40134.png,bird
40135.png,bird
40136.png,deer
40137.png,ship
40138.png,ship
40139.png,automobile
40140.png,ship
40141.png,dog
40142.png,horse
40143.png,frog
40144.png,airplane
40145.png,truck
40146.png,automobile
40147.png,deer
40148.png,ship
40149.png,bird
40150.png,automobile
40151.png,airplane
40152.png,dog
40153.png,automobile
40154.png,frog
40155.png,dog
40156.png,cat
40157.png,deer
40158.png,truck
40159.png,truck
40160.png,airplane
40161.png,cat
40162.png,dog
40163.png,deer
40164.png,bird
40165.png,frog
40166.png,cat
40167.png,truck
40168.png,deer
40169.png,truck
40170.png,ship
40171.png,frog
40172.png,deer
40173.png,automobile
40174.png,automobile
40175.png,truck
40176.png,ship
40177.png,bird
40178.png,bird
40179.png,automobile
40180.png,ship
40181.png,dog
40182.png,truck
40183.png,horse
40184.png,ship
40185.png,automobile
40186.png,automobile
40187.png,deer
40188.png,bird
40189.png,deer
40190.png,bird
40191.png,airplane
40192.png,ship
40193.png,ship
40194.png,airplane
40195.png,airplane
40196.png,deer
40197.png,cat
40198.png,airplane
40199.png,horse
40200.png,horse
40201.png,frog
40202.png,automobile
40203.png,frog
40204.png,horse
40205.png,automobile
40206.png,dog
40207.png,frog
40208.png,automobile
40209.png,horse
40210.png,bird
40211.png,deer
40212.png,airplane
40213.png,bird
40214.png,bird
40215.png,dog
40216.png,truck
40217.png,cat
40218.png,bird
40219.png,automobile
40220.png,deer
40221.png,automobile
40222.png,bird
40223.png,truck
40224.png,ship
40225.png,dog
40226.png,bird
40227.png,cat
40228.png,cat
40229.png,deer
40230.png,truck
40231.png,horse
40232.png,bird
40233.png,cat
40234.png,truck
40235.png,horse
40236.png,frog
40237.png,bird
40238.png,truck
40239.png,horse
40240.png,dog
40241.png,deer
40242.png,airplane
40243.png,ship
40244.png,horse
40245.png,bird
40246.png,airplane
40247.png,cat
40248.png,dog
40249.png,automobile
40250.png,cat
40251.png,automobile
40252.png,horse
40253.png,ship
40254.png,horse
40255.png,truck
40256.png,ship
40257.png,bird
40258.png,truck
40259.png,automobile
40260.png,deer
40261.png,ship
40262.png,frog
40263.png,horse
40264.png,cat
40265.png,frog
40266.png,truck
40267.png,horse
40268.png,truck
40269.png,deer
40270.png,dog
40271.png,ship
40272.png,airplane
40273.png,dog
40274.png,frog
40275.png,frog
40276.png,airplane
40277.png,ship
40278.png,deer
40279.png,frog
40280.png,automobile
40281.png,deer
40282.png,bird
40283.png,bird
40284.png,automobile
40285.png,ship
40286.png,deer
40287.png,deer
40288.png,airplane
40289.png,bird
40290.png,deer
40291.png,automobile
40292.png,truck
40293.png,ship
40294.png,truck
40295.png,airplane
40296.png,horse
40297.png,automobile
40298.png,automobile
40299.png,frog
40300.png,deer
40301.png,horse
40302.png,deer
40303.png,frog
40304.png,truck
40305.png,cat
40306.png,bird
40307.png,horse
40308.png,cat
40309.png,horse
40310.png,deer
40311.png,dog
40312.png,automobile
40313.png,truck
40314.png,frog
40315.png,cat
40316.png,truck
40317.png,frog
40318.png,airplane
40319.png,horse
40320.png,airplane
40321.png,airplane
40322.png,airplane
40323.png,frog
40324.png,frog
40325.png,truck
40326.png,horse
40327.png,cat
40328.png,bird
40329.png,airplane
40330.png,frog
40331.png,horse
40332.png,dog
40333.png,airplane
40334.png,bird
40335.png,airplane
40336.png,cat
40337.png,ship
40338.png,frog
40339.png,truck
40340.png,truck
40341.png,horse
40342.png,automobile
40343.png,bird
40344.png,airplane
40345.png,ship
40346.png,ship
40347.png,airplane
40348.png,ship
40349.png,bird
40350.png,airplane
40351.png,truck
40352.png,dog
40353.png,automobile
40354.png,cat
40355.png,cat
40356.png,airplane
40357.png,horse
40358.png,frog
40359.png,automobile
40360.png,airplane
40361.png,horse
40362.png,truck
40363.png,cat
40364.png,automobile
40365.png,frog
40366.png,cat
40367.png,dog
40368.png,automobile
40369.png,ship
40370.png,cat
40371.png,cat
40372.png,bird
40373.png,bird
40374.png,dog
40375.png,horse
40376.png,deer
40377.png,ship
40378.png,deer
40379.png,cat
40380.png,airplane
40381.png,dog
40382.png,truck
40383.png,dog
40384.png,deer
40385.png,cat
40386.png,bird
40387.png,automobile
40388.png,truck
40389.png,bird
40390.png,ship
40391.png,horse
40392.png,ship
40393.png,bird
40394.png,truck
40395.png,automobile
40396.png,ship
40397.png,frog
40398.png,deer
40399.png,bird
40400.png,cat
40401.png,cat
40402.png,airplane
40403.png,ship
40404.png,bird
40405.png,cat
40406.png,dog
40407.png,horse
40408.png,automobile
40409.png,ship
40410.png,ship
40411.png,automobile
40412.png,airplane
40413.png,truck
40414.png,truck
40415.png,truck
40416.png,ship
40417.png,horse
40418.png,dog
40419.png,airplane
40420.png,dog
40421.png,airplane
40422.png,dog
40423.png,automobile
40424.png,automobile
40425.png,deer
40426.png,frog
40427.png,horse
40428.png,automobile
40429.png,bird
40430.png,ship
40431.png,dog
40432.png,automobile
40433.png,airplane
40434.png,cat
40435.png,dog
40436.png,ship
40437.png,frog
40438.png,frog
40439.png,frog
40440.png,horse
40441.png,horse
40442.png,deer
40443.png,airplane
40444.png,dog
40445.png,bird
40446.png,ship
40447.png,cat
40448.png,horse
40449.png,airplane
40450.png,automobile
40451.png,truck
40452.png,truck
40453.png,bird
40454.png,automobile
40455.png,horse
40456.png,frog
40457.png,dog
40458.png,cat
40459.png,ship
40460.png,cat
40461.png,airplane
40462.png,horse
40463.png,frog
40464.png,bird
40465.png,horse
40466.png,horse
40467.png,frog
40468.png,dog
40469.png,frog
40470.png,deer
40471.png,ship
40472.png,dog
40473.png,automobile
40474.png,deer
40475.png,truck
40476.png,automobile
40477.png,airplane
40478.png,dog
40479.png,horse
40480.png,airplane
40481.png,bird
40482.png,dog
40483.png,airplane
40484.png,ship
40485.png,automobile
40486.png,airplane
40487.png,deer
40488.png,bird
40489.png,bird
40490.png,dog
40491.png,dog
40492.png,ship
40493.png,airplane
40494.png,ship
40495.png,truck
40496.png,ship
40497.png,deer
40498.png,horse
40499.png,frog
40500.png,deer
40501.png,ship
40502.png,frog
40503.png,horse
40504.png,dog
40505.png,airplane
40506.png,automobile
40507.png,cat
40508.png,truck
40509.png,truck
40510.png,automobile
40511.png,deer
40512.png,cat
40513.png,ship
40514.png,frog
40515.png,frog
40516.png,bird
40517.png,airplane
40518.png,horse
40519.png,automobile
40520.png,frog
40521.png,automobile
40522.png,frog
40523.png,deer
40524.png,deer
40525.png,ship
40526.png,airplane
40527.png,airplane
40528.png,bird
40529.png,dog
40530.png,deer
40531.png,deer
40532.png,deer
40533.png,cat
40534.png,horse
40535.png,bird
40536.png,airplane
40537.png,dog
40538.png,automobile
40539.png,dog
40540.png,horse
40541.png,truck
40542.png,horse
40543.png,airplane
40544.png,dog
40545.png,frog
40546.png,bird
40547.png,cat
40548.png,ship
40549.png,airplane
40550.png,frog
40551.png,deer
40552.png,frog
40553.png,ship
40554.png,deer
40555.png,automobile
40556.png,dog
40557.png,airplane
40558.png,frog
40559.png,cat
40560.png,truck
40561.png,deer
40562.png,dog
40563.png,deer
40564.png,horse
40565.png,truck
40566.png,frog
40567.png,bird
40568.png,horse
40569.png,frog
40570.png,automobile
40571.png,horse
40572.png,ship
40573.png,dog
40574.png,automobile
40575.png,truck
40576.png,ship
40577.png,automobile
40578.png,cat
40579.png,ship
40580.png,horse
40581.png,deer
40582.png,ship
40583.png,automobile
40584.png,bird
40585.png,cat
40586.png,horse
40587.png,airplane
40588.png,cat
40589.png,deer
40590.png,airplane
40591.png,airplane
40592.png,deer
40593.png,ship
40594.png,deer
40595.png,automobile
40596.png,automobile
40597.png,truck
40598.png,deer
40599.png,ship
40600.png,truck
40601.png,dog
40602.png,ship
40603.png,automobile
40604.png,cat
40605.png,horse
40606.png,truck
40607.png,ship
40608.png,airplane
40609.png,dog
40610.png,ship
40611.png,deer
40612.png,cat
40613.png,airplane
40614.png,frog
40615.png,ship
40616.png,automobile
40617.png,dog
40618.png,frog
40619.png,airplane
40620.png,airplane
40621.png,dog
40622.png,airplane
40623.png,truck
40624.png,bird
40625.png,cat
40626.png,bird
40627.png,horse
40628.png,frog
40629.png,frog
40630.png,deer
40631.png,horse
40632.png,deer
40633.png,dog
40634.png,automobile
40635.png,cat
40636.png,airplane
40637.png,ship
40638.png,horse
40639.png,truck
40640.png,airplane
40641.png,frog
40642.png,ship
40643.png,deer
40644.png,cat
40645.png,airplane
40646.png,ship
40647.png,horse
40648.png,deer
40649.png,airplane
40650.png,airplane
40651.png,deer
40652.png,cat
40653.png,airplane
40654.png,frog
40655.png,airplane
40656.png,automobile
40657.png,automobile
40658.png,dog
40659.png,deer
40660.png,horse
40661.png,deer
40662.png,bird
40663.png,dog
40664.png,deer
40665.png,frog
40666.png,deer
40667.png,frog
40668.png,ship
40669.png,cat
40670.png,ship
40671.png,cat
40672.png,ship
40673.png,horse
40674.png,frog
40675.png,deer
40676.png,frog
40677.png,truck
40678.png,frog
40679.png,automobile
40680.png,airplane
40681.png,airplane
40682.png,dog
40683.png,deer
40684.png,ship
40685.png,horse
40686.png,frog
40687.png,dog
40688.png,bird
40689.png,dog
40690.png,horse
40691.png,cat
40692.png,ship
40693.png,horse
40694.png,truck
40695.png,horse
40696.png,ship
40697.png,frog
40698.png,dog
40699.png,truck
40700.png,truck
40701.png,ship
40702.png,bird
40703.png,ship
40704.png,airplane
40705.png,bird
40706.png,deer
40707.png,bird
40708.png,deer
40709.png,airplane
40710.png,horse
40711.png,frog
40712.png,truck
40713.png,cat
40714.png,automobile
40715.png,bird
40716.png,frog
40717.png,bird
40718.png,dog
40719.png,deer
40720.png,truck
40721.png,bird
40722.png,dog
40723.png,truck
40724.png,horse
40725.png,truck
40726.png,frog
40727.png,cat
40728.png,bird
40729.png,ship
40730.png,truck
40731.png,horse
40732.png,horse
40733.png,cat
40734.png,airplane
40735.png,truck
40736.png,truck
40737.png,bird
40738.png,cat
40739.png,ship
40740.png,deer
40741.png,airplane
40742.png,airplane
40743.png,truck
40744.png,horse
40745.png,horse
40746.png,deer
40747.png,airplane
40748.png,airplane
40749.png,frog
40750.png,automobile
40751.png,truck
40752.png,automobile
40753.png,airplane
40754.png,truck
40755.png,dog
40756.png,frog
40757.png,cat
40758.png,deer
40759.png,automobile
40760.png,automobile
40761.png,frog
40762.png,airplane
40763.png,automobile
40764.png,dog
40765.png,cat
40766.png,dog
40767.png,truck
40768.png,frog
40769.png,airplane
40770.png,deer
40771.png,deer
40772.png,dog
40773.png,dog
40774.png,dog
40775.png,truck
40776.png,cat
40777.png,dog
40778.png,truck
40779.png,ship
40780.png,dog
40781.png,ship
40782.png,truck
40783.png,frog
40784.png,dog
40785.png,ship
40786.png,ship
40787.png,bird
40788.png,bird
40789.png,cat
40790.png,ship
40791.png,truck
40792.png,bird
40793.png,cat
40794.png,deer
40795.png,deer
40796.png,truck
40797.png,airplane
40798.png,frog
40799.png,deer
40800.png,dog
40801.png,dog
40802.png,truck
40803.png,airplane
40804.png,deer
40805.png,frog
40806.png,ship
40807.png,airplane
40808.png,airplane
40809.png,automobile
40810.png,cat
40811.png,truck
40812.png,frog
40813.png,truck
40814.png,dog
40815.png,automobile
40816.png,automobile
40817.png,horse
40818.png,horse
40819.png,airplane
40820.png,truck
40821.png,horse
40822.png,horse
40823.png,automobile
40824.png,frog
40825.png,frog
40826.png,truck
40827.png,cat
40828.png,deer
40829.png,bird
40830.png,horse
40831.png,airplane
40832.png,dog
40833.png,bird
40834.png,truck
40835.png,horse
40836.png,deer
40837.png,frog
40838.png,horse
40839.png,automobile
40840.png,cat
40841.png,deer
40842.png,bird
40843.png,deer
40844.png,airplane
40845.png,deer
40846.png,truck
40847.png,deer
40848.png,cat
40849.png,deer
40850.png,bird
40851.png,frog
40852.png,airplane
40853.png,cat
40854.png,horse
40855.png,deer
40856.png,truck
40857.png,frog
40858.png,dog
40859.png,truck
40860.png,horse
40861.png,bird
40862.png,airplane
40863.png,deer
40864.png,cat
40865.png,ship
40866.png,bird
40867.png,horse
40868.png,airplane
40869.png,dog
40870.png,cat
40871.png,cat
40872.png,dog
40873.png,airplane
40874.png,airplane
40875.png,frog
40876.png,truck
40877.png,airplane
40878.png,cat
40879.png,dog
40880.png,frog
40881.png,automobile
40882.png,ship
40883.png,frog
40884.png,ship
40885.png,frog
40886.png,truck
40887.png,ship
40888.png,dog
40889.png,cat
40890.png,dog
40891.png,airplane
40892.png,cat
40893.png,horse
40894.png,horse
40895.png,frog
40896.png,truck
40897.png,airplane
40898.png,horse
40899.png,truck
40900.png,ship
40901.png,bird
40902.png,horse
40903.png,truck
40904.png,truck
40905.png,dog
40906.png,dog
40907.png,airplane
40908.png,cat
40909.png,bird
40910.png,frog
40911.png,airplane
40912.png,bird
40913.png,horse
40914.png,ship
40915.png,cat
40916.png,truck
40917.png,horse
40918.png,bird
40919.png,bird
40920.png,ship
40921.png,frog
40922.png,frog
40923.png,cat
40924.png,truck
40925.png,bird
40926.png,ship
40927.png,ship
40928.png,frog
40929.png,airplane
40930.png,frog
40931.png,horse
40932.png,truck
40933.png,dog
40934.png,deer
40935.png,dog
40936.png,automobile
40937.png,automobile
40938.png,deer
40939.png,dog
40940.png,ship
40941.png,dog
40942.png,bird
40943.png,horse
40944.png,deer
40945.png,dog
40946.png,airplane
40947.png,frog
40948.png,ship
40949.png,truck
40950.png,deer
40951.png,cat
40952.png,dog
40953.png,frog
40954.png,automobile
40955.png,cat
40956.png,horse
40957.png,airplane
40958.png,dog
40959.png,automobile
40960.png,frog
40961.png,bird
40962.png,bird
40963.png,deer
40964.png,ship
40965.png,automobile
40966.png,bird
40967.png,bird
40968.png,automobile
40969.png,bird
40970.png,dog
40971.png,truck
40972.png,automobile
40973.png,automobile
40974.png,cat
40975.png,deer
40976.png,bird
40977.png,truck
40978.png,horse
40979.png,airplane
40980.png,ship
40981.png,bird
40982.png,deer
40983.png,frog
40984.png,ship
40985.png,airplane
40986.png,cat
40987.png,horse
40988.png,automobile
40989.png,ship
40990.png,dog
40991.png,ship
40992.png,frog
40993.png,dog
40994.png,frog
40995.png,bird
40996.png,bird
40997.png,cat
40998.png,dog
40999.png,horse
41000.png,horse
41001.png,horse
41002.png,horse
41003.png,ship
41004.png,deer
41005.png,frog
41006.png,deer
41007.png,automobile
41008.png,bird
41009.png,ship
41010.png,frog
41011.png,automobile
41012.png,truck
41013.png,cat
41014.png,cat
41015.png,bird
41016.png,automobile
41017.png,cat
41018.png,automobile
41019.png,bird
41020.png,airplane
41021.png,cat
41022.png,cat
41023.png,dog
41024.png,deer
41025.png,bird
41026.png,dog
41027.png,automobile
41028.png,cat
41029.png,ship
41030.png,frog
41031.png,airplane
41032.png,deer
41033.png,automobile
41034.png,deer
41035.png,dog
41036.png,cat
41037.png,airplane
41038.png,dog
41039.png,airplane
41040.png,horse
41041.png,airplane
41042.png,ship
41043.png,ship
41044.png,deer
41045.png,truck
41046.png,frog
41047.png,dog
41048.png,ship
41049.png,ship
41050.png,frog
41051.png,horse
41052.png,automobile
41053.png,horse
41054.png,cat
41055.png,truck
41056.png,airplane
41057.png,deer
41058.png,cat
41059.png,deer
41060.png,ship
41061.png,cat
41062.png,automobile
41063.png,dog
41064.png,automobile
41065.png,frog
41066.png,horse
41067.png,cat
41068.png,automobile
41069.png,airplane
41070.png,dog
41071.png,ship
41072.png,bird
41073.png,automobile
41074.png,airplane
41075.png,frog
41076.png,automobile
41077.png,horse
41078.png,deer
41079.png,ship
41080.png,truck
41081.png,bird
41082.png,dog
41083.png,dog
41084.png,ship
41085.png,bird
41086.png,bird
41087.png,deer
41088.png,automobile
41089.png,frog
41090.png,truck
41091.png,frog
41092.png,automobile
41093.png,automobile
41094.png,deer
41095.png,dog
41096.png,horse
41097.png,dog
41098.png,deer
41099.png,dog
41100.png,dog
41101.png,deer
41102.png,deer
41103.png,cat
41104.png,deer
41105.png,bird
41106.png,automobile
41107.png,frog
41108.png,deer
41109.png,cat
41110.png,ship
41111.png,automobile
41112.png,horse
41113.png,ship
41114.png,dog
41115.png,automobile
41116.png,dog
41117.png,cat
41118.png,cat
41119.png,airplane
41120.png,dog
41121.png,deer
41122.png,airplane
41123.png,ship
41124.png,horse
41125.png,airplane
41126.png,bird
41127.png,truck
41128.png,deer
41129.png,truck
41130.png,horse
41131.png,dog
41132.png,airplane
41133.png,ship
41134.png,automobile
41135.png,cat
41136.png,truck
41137.png,deer
41138.png,cat
41139.png,automobile
41140.png,dog
41141.png,frog
41142.png,dog
41143.png,frog
41144.png,bird
41145.png,cat
41146.png,bird
41147.png,airplane
41148.png,automobile
41149.png,deer
41150.png,truck
41151.png,horse
41152.png,airplane
41153.png,airplane
41154.png,automobile
41155.png,cat
41156.png,automobile
41157.png,truck
41158.png,bird
41159.png,cat
41160.png,cat
41161.png,frog
41162.png,truck
41163.png,deer
41164.png,ship
41165.png,airplane
41166.png,ship
41167.png,truck
41168.png,airplane
41169.png,cat
41170.png,truck
41171.png,automobile
41172.png,deer
41173.png,ship
41174.png,truck
41175.png,bird
41176.png,dog
41177.png,dog
41178.png,frog
41179.png,deer
41180.png,airplane
41181.png,horse
41182.png,truck
41183.png,cat
41184.png,truck
41185.png,frog
41186.png,horse
41187.png,deer
41188.png,ship
41189.png,frog
41190.png,automobile
41191.png,dog
41192.png,deer
41193.png,automobile
41194.png,deer
41195.png,bird
41196.png,horse
41197.png,frog
41198.png,horse
41199.png,bird
41200.png,bird
41201.png,airplane
41202.png,ship
41203.png,deer
41204.png,frog
41205.png,truck
41206.png,horse
41207.png,dog
41208.png,ship
41209.png,bird
41210.png,automobile
41211.png,dog
41212.png,bird
41213.png,airplane
41214.png,cat
41215.png,bird
41216.png,automobile
41217.png,deer
41218.png,automobile
41219.png,ship
41220.png,deer
41221.png,airplane
41222.png,dog
41223.png,airplane
41224.png,bird
41225.png,ship
41226.png,ship
41227.png,truck
41228.png,horse
41229.png,truck
41230.png,cat
41231.png,automobile
41232.png,bird
41233.png,dog
41234.png,airplane
41235.png,airplane
41236.png,airplane
41237.png,bird
41238.png,deer
41239.png,airplane
41240.png,horse
41241.png,ship
41242.png,automobile
41243.png,airplane
41244.png,airplane
41245.png,truck
41246.png,truck
41247.png,deer
41248.png,ship
41249.png,automobile
41250.png,deer
41251.png,ship
41252.png,ship
41253.png,deer
41254.png,ship
41255.png,automobile
41256.png,bird
41257.png,ship
41258.png,automobile
41259.png,airplane
41260.png,automobile
41261.png,frog
41262.png,truck
41263.png,automobile
41264.png,deer
41265.png,ship
41266.png,deer
41267.png,airplane
41268.png,truck
41269.png,deer
41270.png,cat
41271.png,deer
41272.png,cat
41273.png,frog
41274.png,bird
41275.png,airplane
41276.png,frog
41277.png,truck
41278.png,airplane
41279.png,truck
41280.png,automobile
41281.png,truck
41282.png,ship
41283.png,truck
41284.png,deer
41285.png,truck
41286.png,cat
41287.png,deer
41288.png,frog
41289.png,ship
41290.png,automobile
41291.png,frog
41292.png,automobile
41293.png,ship
41294.png,frog
41295.png,deer
41296.png,bird
41297.png,automobile
41298.png,frog
41299.png,ship
41300.png,bird
41301.png,airplane
41302.png,deer
41303.png,deer
41304.png,frog
41305.png,horse
41306.png,deer
41307.png,cat
41308.png,automobile
41309.png,bird
41310.png,frog
41311.png,truck
41312.png,frog
41313.png,bird
41314.png,truck
41315.png,ship
41316.png,ship
41317.png,truck
41318.png,horse
41319.png,dog
41320.png,horse
41321.png,frog
41322.png,bird
41323.png,automobile
41324.png,cat
41325.png,airplane
41326.png,bird
41327.png,frog
41328.png,frog
41329.png,frog
41330.png,truck
41331.png,cat
41332.png,frog
41333.png,horse
41334.png,bird
41335.png,cat
41336.png,ship
41337.png,automobile
41338.png,deer
41339.png,automobile
41340.png,dog
41341.png,dog
41342.png,frog
41343.png,bird
41344.png,cat
41345.png,horse
41346.png,airplane
41347.png,bird
41348.png,horse
41349.png,truck
41350.png,cat
41351.png,frog
41352.png,cat
41353.png,airplane
41354.png,cat
41355.png,truck
41356.png,airplane
41357.png,automobile
41358.png,truck
41359.png,dog
41360.png,truck
41361.png,dog
41362.png,truck
41363.png,bird
41364.png,truck
41365.png,cat
41366.png,dog
41367.png,ship
41368.png,dog
41369.png,automobile
41370.png,cat
41371.png,horse
41372.png,dog
41373.png,cat
41374.png,ship
41375.png,frog
41376.png,ship
41377.png,dog
41378.png,deer
41379.png,automobile
41380.png,frog
41381.png,deer
41382.png,horse
41383.png,deer
41384.png,truck
41385.png,cat
41386.png,bird
41387.png,truck
41388.png,frog
41389.png,deer
41390.png,cat
41391.png,horse
41392.png,truck
41393.png,automobile
41394.png,horse
41395.png,cat
41396.png,truck
41397.png,truck
41398.png,horse
41399.png,automobile
41400.png,frog
41401.png,dog
41402.png,bird
41403.png,deer
41404.png,ship
41405.png,automobile
41406.png,bird
41407.png,dog
41408.png,bird
41409.png,truck
41410.png,truck
41411.png,airplane
41412.png,bird
41413.png,cat
41414.png,ship
41415.png,airplane
41416.png,truck
41417.png,horse
41418.png,deer
41419.png,horse
41420.png,truck
41421.png,dog
41422.png,cat
41423.png,bird
41424.png,bird
41425.png,ship
41426.png,dog
41427.png,horse
41428.png,truck
41429.png,cat
41430.png,ship
41431.png,horse
41432.png,frog
41433.png,airplane
41434.png,automobile
41435.png,ship
41436.png,airplane
41437.png,truck
41438.png,horse
41439.png,horse
41440.png,automobile
41441.png,ship
41442.png,deer
41443.png,dog
41444.png,frog
41445.png,frog
41446.png,automobile
41447.png,cat
41448.png,ship
41449.png,frog
41450.png,horse
41451.png,ship
41452.png,deer
41453.png,airplane
41454.png,deer
41455.png,bird
41456.png,automobile
41457.png,airplane
41458.png,airplane
41459.png,bird
41460.png,bird
41461.png,airplane
41462.png,cat
41463.png,horse
41464.png,automobile
41465.png,frog
41466.png,ship
41467.png,frog
41468.png,airplane
41469.png,truck
41470.png,bird
41471.png,bird
41472.png,automobile
41473.png,automobile
41474.png,horse
41475.png,bird
41476.png,dog
41477.png,frog
41478.png,truck
41479.png,cat
41480.png,horse
41481.png,dog
41482.png,bird
41483.png,deer
41484.png,deer
41485.png,airplane
41486.png,ship
41487.png,cat
41488.png,frog
41489.png,bird
41490.png,automobile
41491.png,airplane
41492.png,frog
41493.png,horse
41494.png,cat
41495.png,truck
41496.png,truck
41497.png,horse
41498.png,cat
41499.png,bird
41500.png,dog
41501.png,deer
41502.png,dog
41503.png,automobile
41504.png,truck
41505.png,truck
41506.png,truck
41507.png,horse
41508.png,ship
41509.png,truck
41510.png,ship
41511.png,airplane
41512.png,cat
41513.png,bird
41514.png,cat
41515.png,cat
41516.png,frog
41517.png,frog
41518.png,horse
41519.png,deer
41520.png,automobile
41521.png,automobile
41522.png,cat
41523.png,deer
41524.png,deer
41525.png,airplane
41526.png,automobile
41527.png,horse
41528.png,cat
41529.png,frog
41530.png,automobile
41531.png,deer
41532.png,dog
41533.png,automobile
41534.png,frog
41535.png,frog
41536.png,truck
41537.png,cat
41538.png,frog
41539.png,bird
41540.png,truck
41541.png,cat
41542.png,truck
41543.png,bird
41544.png,ship
41545.png,truck
41546.png,cat
41547.png,airplane
41548.png,deer
41549.png,bird
41550.png,frog
41551.png,automobile
41552.png,bird
41553.png,frog
41554.png,frog
41555.png,deer
41556.png,ship
41557.png,bird
41558.png,airplane
41559.png,frog
41560.png,dog
41561.png,truck
41562.png,frog
41563.png,bird
41564.png,automobile
41565.png,dog
41566.png,dog
41567.png,dog
41568.png,ship
41569.png,automobile
41570.png,cat
41571.png,ship
41572.png,truck
41573.png,ship
41574.png,deer
41575.png,airplane
41576.png,horse
41577.png,automobile
41578.png,bird
41579.png,cat
41580.png,automobile
41581.png,truck
41582.png,cat
41583.png,deer
41584.png,dog
41585.png,horse
41586.png,ship
41587.png,automobile
41588.png,dog
41589.png,airplane
41590.png,cat
41591.png,deer
41592.png,bird
41593.png,truck
41594.png,frog
41595.png,cat
41596.png,deer
41597.png,horse
41598.png,cat
41599.png,ship
41600.png,bird
41601.png,airplane
41602.png,cat
41603.png,automobile
41604.png,frog
41605.png,bird
41606.png,truck
41607.png,airplane
41608.png,automobile
41609.png,deer
41610.png,airplane
41611.png,deer
41612.png,truck
41613.png,ship
41614.png,airplane
41615.png,truck
41616.png,ship
41617.png,ship
41618.png,automobile
41619.png,deer
41620.png,bird
41621.png,horse
41622.png,frog
41623.png,frog
41624.png,deer
41625.png,horse
41626.png,deer
41627.png,horse
41628.png,automobile
41629.png,airplane
41630.png,ship
41631.png,truck
41632.png,truck
41633.png,frog
41634.png,truck
41635.png,truck
41636.png,deer
41637.png,airplane
41638.png,automobile
41639.png,dog
41640.png,cat
41641.png,truck
41642.png,frog
41643.png,deer
41644.png,automobile
41645.png,bird
41646.png,frog
41647.png,dog
41648.png,ship
41649.png,deer
41650.png,deer
41651.png,frog
41652.png,airplane
41653.png,frog
41654.png,automobile
41655.png,automobile
41656.png,horse
41657.png,frog
41658.png,deer
41659.png,cat
41660.png,deer
41661.png,horse
41662.png,bird
41663.png,bird
41664.png,automobile
41665.png,airplane
41666.png,deer
41667.png,automobile
41668.png,bird
41669.png,frog
41670.png,deer
41671.png,horse
41672.png,frog
41673.png,frog
41674.png,cat
41675.png,ship
41676.png,deer
41677.png,ship
41678.png,airplane
41679.png,ship
41680.png,horse
41681.png,dog
41682.png,bird
41683.png,airplane
41684.png,truck
41685.png,frog
41686.png,ship
41687.png,automobile
41688.png,dog
41689.png,deer
41690.png,ship
41691.png,automobile
41692.png,deer
41693.png,dog
41694.png,horse
41695.png,cat
41696.png,automobile
41697.png,airplane
41698.png,dog
41699.png,truck
41700.png,deer
41701.png,horse
41702.png,automobile
41703.png,airplane
41704.png,dog
41705.png,horse
41706.png,cat
41707.png,automobile
41708.png,frog
41709.png,dog
41710.png,frog
41711.png,automobile
41712.png,deer
41713.png,ship
41714.png,cat
41715.png,ship
41716.png,cat
41717.png,bird
41718.png,horse
41719.png,dog
41720.png,cat
41721.png,dog
41722.png,bird
41723.png,frog
41724.png,automobile
41725.png,horse
41726.png,cat
41727.png,deer
41728.png,ship
41729.png,dog
41730.png,horse
41731.png,ship
41732.png,airplane
41733.png,ship
41734.png,automobile
41735.png,cat
41736.png,horse
41737.png,automobile
41738.png,deer
41739.png,cat
41740.png,automobile
41741.png,airplane
41742.png,airplane
41743.png,automobile
41744.png,dog
41745.png,ship
41746.png,airplane
41747.png,truck
41748.png,cat
41749.png,automobile
41750.png,frog
41751.png,deer
41752.png,airplane
41753.png,dog
41754.png,ship
41755.png,horse
41756.png,horse
41757.png,airplane
41758.png,ship
41759.png,horse
41760.png,dog
41761.png,automobile
41762.png,ship
41763.png,airplane
41764.png,bird
41765.png,bird
41766.png,truck
41767.png,deer
41768.png,bird
41769.png,automobile
41770.png,ship
41771.png,deer
41772.png,truck
41773.png,airplane
41774.png,ship
41775.png,airplane
41776.png,bird
41777.png,truck
41778.png,deer
41779.png,frog
41780.png,ship
41781.png,horse
41782.png,horse
41783.png,cat
41784.png,horse
41785.png,horse
41786.png,frog
41787.png,truck
41788.png,truck
41789.png,deer
41790.png,dog
41791.png,bird
41792.png,horse
41793.png,airplane
41794.png,dog
41795.png,automobile
41796.png,horse
41797.png,frog
41798.png,airplane
41799.png,dog
41800.png,frog
41801.png,airplane
41802.png,frog
41803.png,bird
41804.png,horse
41805.png,deer
41806.png,horse
41807.png,airplane
41808.png,automobile
41809.png,ship
41810.png,frog
41811.png,deer
41812.png,truck
41813.png,dog
41814.png,truck
41815.png,deer
41816.png,cat
41817.png,horse
41818.png,dog
41819.png,airplane
41820.png,deer
41821.png,deer
41822.png,airplane
41823.png,deer
41824.png,deer
41825.png,deer
41826.png,deer
41827.png,cat
41828.png,cat
41829.png,dog
41830.png,ship
41831.png,frog
41832.png,cat
41833.png,dog
41834.png,ship
41835.png,bird
41836.png,ship
41837.png,deer
41838.png,automobile
41839.png,horse
41840.png,deer
41841.png,truck
41842.png,horse
41843.png,airplane
41844.png,horse
41845.png,automobile
41846.png,cat
41847.png,horse
41848.png,automobile
41849.png,airplane
41850.png,automobile
41851.png,horse
41852.png,airplane
41853.png,deer
41854.png,cat
41855.png,horse
41856.png,airplane
41857.png,bird
41858.png,automobile
41859.png,airplane
41860.png,automobile
41861.png,bird
41862.png,automobile
41863.png,automobile
41864.png,airplane
41865.png,ship
41866.png,bird
41867.png,cat
41868.png,ship
41869.png,airplane
41870.png,automobile
41871.png,frog
41872.png,cat
41873.png,cat
41874.png,frog
41875.png,cat
41876.png,dog
41877.png,truck
41878.png,horse
41879.png,deer
41880.png,airplane
41881.png,airplane
41882.png,horse
41883.png,airplane
41884.png,horse
41885.png,bird
41886.png,truck
41887.png,dog
41888.png,frog
41889.png,automobile
41890.png,ship
41891.png,bird
41892.png,bird
41893.png,cat
41894.png,ship
41895.png,bird
41896.png,truck
41897.png,automobile
41898.png,deer
41899.png,horse
41900.png,truck
41901.png,airplane
41902.png,truck
41903.png,ship
41904.png,cat
41905.png,truck
41906.png,truck
41907.png,truck
41908.png,airplane
41909.png,automobile
41910.png,frog
41911.png,cat
41912.png,automobile
41913.png,bird
41914.png,ship
41915.png,cat
41916.png,dog
41917.png,frog
41918.png,cat
41919.png,cat
41920.png,deer
41921.png,truck
41922.png,frog
41923.png,automobile
41924.png,frog
41925.png,frog
41926.png,bird
41927.png,truck
41928.png,deer
41929.png,dog
41930.png,airplane
41931.png,bird
41932.png,deer
41933.png,airplane
41934.png,bird
41935.png,deer
41936.png,ship
41937.png,frog
41938.png,cat
41939.png,dog
41940.png,bird
41941.png,frog
41942.png,ship
41943.png,dog
41944.png,ship
41945.png,cat
41946.png,cat
41947.png,automobile
41948.png,bird
41949.png,automobile
41950.png,horse
41951.png,ship
41952.png,cat
41953.png,cat
41954.png,deer
41955.png,ship
41956.png,deer
41957.png,horse
41958.png,ship
41959.png,deer
41960.png,horse
41961.png,airplane
41962.png,deer
41963.png,ship
41964.png,automobile
41965.png,automobile
41966.png,frog
41967.png,automobile
41968.png,truck
41969.png,horse
41970.png,frog
41971.png,bird
41972.png,airplane
41973.png,bird
41974.png,horse
41975.png,horse
41976.png,airplane
41977.png,truck
41978.png,truck
41979.png,automobile
41980.png,automobile
41981.png,ship
41982.png,frog
41983.png,deer
41984.png,frog
41985.png,automobile
41986.png,horse
41987.png,automobile
41988.png,deer
41989.png,ship
41990.png,cat
41991.png,bird
41992.png,bird
41993.png,cat
41994.png,cat
41995.png,truck
41996.png,bird
41997.png,truck
41998.png,dog
41999.png,cat
42000.png,bird
42001.png,truck
42002.png,dog
42003.png,ship
42004.png,horse
42005.png,ship
42006.png,dog
42007.png,ship
42008.png,automobile
42009.png,cat
42010.png,frog
42011.png,airplane
42012.png,cat
42013.png,cat
42014.png,frog
42015.png,bird
42016.png,frog
42017.png,dog
42018.png,ship
42019.png,horse
42020.png,airplane
42021.png,bird
42022.png,cat
42023.png,deer
42024.png,cat
42025.png,ship
42026.png,truck
42027.png,airplane
42028.png,frog
42029.png,cat
42030.png,cat
42031.png,deer
42032.png,automobile
42033.png,ship
42034.png,dog
42035.png,horse
42036.png,deer
42037.png,deer
42038.png,cat
42039.png,dog
42040.png,airplane
42041.png,deer
42042.png,dog
42043.png,truck
42044.png,bird
42045.png,airplane
42046.png,bird
42047.png,frog
42048.png,truck
42049.png,ship
42050.png,frog
42051.png,ship
42052.png,horse
42053.png,horse
42054.png,automobile
42055.png,dog
42056.png,truck
42057.png,cat
42058.png,airplane
42059.png,truck
42060.png,deer
42061.png,automobile
42062.png,horse
42063.png,bird
42064.png,horse
42065.png,dog
42066.png,automobile
42067.png,ship
42068.png,frog
42069.png,ship
42070.png,airplane
42071.png,deer
42072.png,cat
42073.png,deer
42074.png,airplane
42075.png,cat
42076.png,horse
42077.png,dog
42078.png,frog
42079.png,horse
42080.png,frog
42081.png,deer
42082.png,automobile
42083.png,horse
42084.png,airplane
42085.png,cat
42086.png,automobile
42087.png,cat
42088.png,deer
42089.png,dog
42090.png,dog
42091.png,bird
42092.png,bird
42093.png,dog
42094.png,frog
42095.png,bird
42096.png,horse
42097.png,deer
42098.png,horse
42099.png,bird
42100.png,frog
42101.png,dog
42102.png,truck
42103.png,truck
42104.png,airplane
42105.png,deer
42106.png,airplane
42107.png,truck
42108.png,bird
42109.png,frog
42110.png,deer
42111.png,airplane
42112.png,dog
42113.png,bird
42114.png,automobile
42115.png,horse
42116.png,dog
42117.png,automobile
42118.png,horse
42119.png,horse
42120.png,automobile
42121.png,bird
42122.png,automobile
42123.png,cat
42124.png,truck
42125.png,automobile
42126.png,horse
42127.png,horse
42128.png,truck
42129.png,truck
42130.png,cat
42131.png,automobile
42132.png,cat
42133.png,bird
42134.png,cat
42135.png,cat
42136.png,ship
42137.png,frog
42138.png,horse
42139.png,deer
42140.png,truck
42141.png,truck
42142.png,cat
42143.png,deer
42144.png,automobile
42145.png,bird
42146.png,frog
42147.png,deer
42148.png,bird
42149.png,airplane
42150.png,truck
42151.png,automobile
42152.png,airplane
42153.png,dog
42154.png,cat
42155.png,truck
42156.png,bird
42157.png,frog
42158.png,truck
42159.png,bird
42160.png,truck
42161.png,deer
42162.png,ship
42163.png,ship
42164.png,automobile
42165.png,deer
42166.png,airplane
42167.png,airplane
42168.png,frog
42169.png,bird
42170.png,frog
42171.png,dog
42172.png,automobile
42173.png,bird
42174.png,truck
42175.png,dog
42176.png,airplane
42177.png,cat
42178.png,dog
42179.png,dog
42180.png,airplane
42181.png,bird
42182.png,bird
42183.png,ship
42184.png,airplane
42185.png,horse
42186.png,bird
42187.png,frog
42188.png,cat
42189.png,automobile
42190.png,cat
42191.png,airplane
42192.png,truck
42193.png,cat
42194.png,bird
42195.png,dog
42196.png,cat
42197.png,frog
42198.png,bird
42199.png,cat
42200.png,airplane
42201.png,bird
42202.png,airplane
42203.png,ship
42204.png,ship
42205.png,airplane
42206.png,airplane
42207.png,cat
42208.png,ship
42209.png,truck
42210.png,frog
42211.png,automobile
42212.png,automobile
42213.png,dog
42214.png,truck
42215.png,truck
42216.png,ship
42217.png,deer
42218.png,bird
42219.png,dog
42220.png,deer
42221.png,ship
42222.png,automobile
42223.png,dog
42224.png,cat
42225.png,truck
42226.png,deer
42227.png,airplane
42228.png,bird
42229.png,automobile
42230.png,deer
42231.png,bird
42232.png,airplane
42233.png,frog
42234.png,cat
42235.png,bird
42236.png,airplane
42237.png,ship
42238.png,automobile
42239.png,horse
42240.png,automobile
42241.png,dog
42242.png,airplane
42243.png,dog
42244.png,dog
42245.png,truck
42246.png,ship
42247.png,truck
42248.png,ship
42249.png,airplane
42250.png,ship
42251.png,frog
42252.png,horse
42253.png,cat
42254.png,truck
42255.png,ship
42256.png,horse
42257.png,dog
42258.png,frog
42259.png,cat
42260.png,horse
42261.png,automobile
42262.png,frog
42263.png,truck
42264.png,truck
42265.png,truck
42266.png,ship
42267.png,ship
42268.png,bird
42269.png,horse
42270.png,bird
42271.png,ship
42272.png,bird
42273.png,airplane
42274.png,dog
42275.png,dog
42276.png,ship
42277.png,automobile
42278.png,deer
42279.png,truck
42280.png,truck
42281.png,ship
42282.png,automobile
42283.png,automobile
42284.png,airplane
42285.png,horse
42286.png,deer
42287.png,dog
42288.png,automobile
42289.png,airplane
42290.png,truck
42291.png,horse
42292.png,frog
42293.png,automobile
42294.png,dog
42295.png,automobile
42296.png,truck
42297.png,deer
42298.png,frog
42299.png,airplane
42300.png,horse
42301.png,ship
42302.png,airplane
42303.png,bird
42304.png,deer
42305.png,horse
42306.png,automobile
42307.png,truck
42308.png,automobile
42309.png,frog
42310.png,airplane
42311.png,deer
42312.png,frog
42313.png,deer
42314.png,deer
42315.png,deer
42316.png,deer
42317.png,ship
42318.png,dog
42319.png,automobile
42320.png,deer
42321.png,airplane
42322.png,cat
42323.png,horse
42324.png,dog
42325.png,ship
42326.png,ship
42327.png,truck
42328.png,frog
42329.png,bird
42330.png,bird
42331.png,horse
42332.png,ship
42333.png,airplane
42334.png,ship
42335.png,frog
42336.png,automobile
42337.png,cat
42338.png,dog
42339.png,horse
42340.png,horse
42341.png,frog
42342.png,automobile
42343.png,deer
42344.png,truck
42345.png,dog
42346.png,bird
42347.png,truck
42348.png,automobile
42349.png,dog
42350.png,truck
42351.png,deer
42352.png,cat
42353.png,automobile
42354.png,horse
42355.png,cat
42356.png,horse
42357.png,dog
42358.png,cat
42359.png,frog
42360.png,ship
42361.png,horse
42362.png,airplane
42363.png,truck
42364.png,dog
42365.png,airplane
42366.png,cat
42367.png,horse
42368.png,ship
42369.png,horse
42370.png,truck
42371.png,cat
42372.png,ship
42373.png,airplane
42374.png,cat
42375.png,frog
42376.png,deer
42377.png,airplane
42378.png,dog
42379.png,horse
42380.png,airplane
42381.png,frog
42382.png,horse
42383.png,cat
42384.png,deer
42385.png,dog
42386.png,truck
42387.png,horse
42388.png,truck
42389.png,ship
42390.png,ship
42391.png,horse
42392.png,frog
42393.png,automobile
42394.png,dog
42395.png,bird
42396.png,truck
42397.png,dog
42398.png,dog
42399.png,deer
42400.png,airplane
42401.png,airplane
42402.png,deer
42403.png,automobile
42404.png,deer
42405.png,frog
42406.png,dog
42407.png,truck
42408.png,truck
42409.png,cat
42410.png,dog
42411.png,automobile
42412.png,cat
42413.png,bird
42414.png,automobile
42415.png,truck
42416.png,frog
42417.png,frog
42418.png,cat
42419.png,deer
42420.png,deer
42421.png,truck
42422.png,horse
42423.png,truck
42424.png,horse
42425.png,automobile
42426.png,automobile
42427.png,horse
42428.png,bird
42429.png,bird
42430.png,ship
42431.png,bird
42432.png,deer
42433.png,dog
42434.png,cat
42435.png,deer
42436.png,airplane
42437.png,frog
42438.png,automobile
42439.png,automobile
42440.png,airplane
42441.png,horse
42442.png,truck
42443.png,deer
42444.png,automobile
42445.png,frog
42446.png,cat
42447.png,airplane
42448.png,frog
42449.png,automobile
42450.png,ship
42451.png,bird
42452.png,dog
42453.png,truck
42454.png,horse
42455.png,truck
42456.png,cat
42457.png,airplane
42458.png,horse
42459.png,truck
42460.png,frog
42461.png,frog
42462.png,dog
42463.png,truck
42464.png,horse
42465.png,automobile
42466.png,airplane
42467.png,horse
42468.png,ship
42469.png,bird
42470.png,ship
42471.png,horse
42472.png,truck
42473.png,bird
42474.png,truck
42475.png,cat
42476.png,automobile
42477.png,airplane
42478.png,ship
42479.png,horse
42480.png,cat
42481.png,bird
42482.png,cat
42483.png,cat
42484.png,bird
42485.png,frog
42486.png,horse
42487.png,deer
42488.png,deer
42489.png,ship
42490.png,bird
42491.png,automobile
42492.png,dog
42493.png,cat
42494.png,airplane
42495.png,dog
42496.png,truck
42497.png,cat
42498.png,ship
42499.png,automobile
42500.png,ship
42501.png,horse
42502.png,cat
42503.png,ship
42504.png,dog
42505.png,cat
42506.png,dog
42507.png,ship
42508.png,automobile
42509.png,cat
42510.png,frog
42511.png,frog
42512.png,dog
42513.png,deer
42514.png,dog
42515.png,horse
42516.png,ship
42517.png,deer
42518.png,airplane
42519.png,dog
42520.png,airplane
42521.png,dog
42522.png,ship
42523.png,cat
42524.png,bird
42525.png,dog
42526.png,frog
42527.png,deer
42528.png,frog
42529.png,dog
42530.png,frog
42531.png,dog
42532.png,automobile
42533.png,bird
42534.png,dog
42535.png,ship
42536.png,deer
42537.png,bird
42538.png,dog
42539.png,dog
42540.png,automobile
42541.png,frog
42542.png,cat
42543.png,bird
42544.png,airplane
42545.png,deer
42546.png,cat
42547.png,horse
42548.png,cat
42549.png,cat
42550.png,dog
42551.png,horse
42552.png,cat
42553.png,frog
42554.png,deer
42555.png,truck
42556.png,horse
42557.png,truck
42558.png,ship
42559.png,cat
42560.png,airplane
42561.png,truck
42562.png,truck
42563.png,frog
42564.png,airplane
42565.png,bird
42566.png,frog
42567.png,airplane
42568.png,frog
42569.png,bird
42570.png,airplane
42571.png,deer
42572.png,ship
42573.png,airplane
42574.png,airplane
42575.png,ship
42576.png,deer
42577.png,airplane
42578.png,frog
42579.png,dog
42580.png,ship
42581.png,dog
42582.png,bird
42583.png,dog
42584.png,ship
42585.png,frog
42586.png,cat
42587.png,truck
42588.png,airplane
42589.png,bird
42590.png,airplane
42591.png,cat
42592.png,truck
42593.png,frog
42594.png,horse
42595.png,bird
42596.png,horse
42597.png,horse
42598.png,airplane
42599.png,horse
42600.png,truck
42601.png,bird
42602.png,bird
42603.png,bird
42604.png,deer
42605.png,cat
42606.png,bird
42607.png,automobile
42608.png,ship
42609.png,horse
42610.png,ship
42611.png,frog
42612.png,ship
42613.png,horse
42614.png,dog
42615.png,frog
42616.png,bird
42617.png,frog
42618.png,ship
42619.png,airplane
42620.png,frog
42621.png,dog
42622.png,airplane
42623.png,airplane
42624.png,dog
42625.png,truck
42626.png,automobile
42627.png,horse
42628.png,truck
42629.png,airplane
42630.png,deer
42631.png,airplane
42632.png,deer
42633.png,truck
42634.png,cat
42635.png,horse
42636.png,dog
42637.png,deer
42638.png,automobile
42639.png,truck
42640.png,bird
42641.png,deer
42642.png,frog
42643.png,dog
42644.png,deer
42645.png,airplane
42646.png,dog
42647.png,cat
42648.png,cat
42649.png,bird
42650.png,airplane
42651.png,cat
42652.png,horse
42653.png,automobile
42654.png,deer
42655.png,cat
42656.png,automobile
42657.png,deer
42658.png,cat
42659.png,automobile
42660.png,horse
42661.png,frog
42662.png,bird
42663.png,deer
42664.png,automobile
42665.png,deer
42666.png,deer
42667.png,automobile
42668.png,truck
42669.png,horse
42670.png,automobile
42671.png,cat
42672.png,frog
42673.png,truck
42674.png,automobile
42675.png,airplane
42676.png,deer
42677.png,ship
42678.png,ship
42679.png,airplane
42680.png,frog
42681.png,horse
42682.png,truck
42683.png,cat
42684.png,ship
42685.png,automobile
42686.png,horse
42687.png,dog
42688.png,bird
42689.png,airplane
42690.png,truck
42691.png,frog
42692.png,dog
42693.png,ship
42694.png,ship
42695.png,bird
42696.png,deer
42697.png,bird
42698.png,automobile
42699.png,dog
42700.png,ship
42701.png,deer
42702.png,ship
42703.png,deer
42704.png,truck
42705.png,truck
42706.png,ship
42707.png,bird
42708.png,automobile
42709.png,cat
42710.png,automobile
42711.png,automobile
42712.png,airplane
42713.png,frog
42714.png,ship
42715.png,truck
42716.png,automobile
42717.png,deer
42718.png,bird
42719.png,deer
42720.png,horse
42721.png,ship
42722.png,dog
42723.png,airplane
42724.png,frog
42725.png,frog
42726.png,deer
42727.png,automobile
42728.png,truck
42729.png,dog
42730.png,deer
42731.png,ship
42732.png,dog
42733.png,frog
42734.png,truck
42735.png,automobile
42736.png,automobile
42737.png,cat
42738.png,cat
42739.png,cat
42740.png,truck
42741.png,cat
42742.png,truck
42743.png,frog
42744.png,bird
42745.png,cat
42746.png,dog
42747.png,bird
42748.png,horse
42749.png,frog
42750.png,ship
42751.png,deer
42752.png,horse
42753.png,cat
42754.png,automobile
42755.png,airplane
42756.png,airplane
42757.png,frog
42758.png,cat
42759.png,automobile
42760.png,airplane
42761.png,deer
42762.png,automobile
42763.png,frog
42764.png,ship
42765.png,truck
42766.png,bird
42767.png,cat
42768.png,truck
42769.png,ship
42770.png,deer
42771.png,ship
42772.png,horse
42773.png,dog
42774.png,cat
42775.png,bird
42776.png,bird
42777.png,dog
42778.png,frog
42779.png,frog
42780.png,cat
42781.png,frog
42782.png,ship
42783.png,dog
42784.png,cat
42785.png,airplane
42786.png,automobile
42787.png,airplane
42788.png,cat
42789.png,horse
42790.png,cat
42791.png,frog
42792.png,frog
42793.png,bird
42794.png,automobile
42795.png,ship
42796.png,deer
42797.png,airplane
42798.png,airplane
42799.png,dog
42800.png,ship
42801.png,cat
42802.png,cat
42803.png,automobile
42804.png,bird
42805.png,airplane
42806.png,automobile
42807.png,cat
42808.png,ship
42809.png,airplane
42810.png,deer
42811.png,ship
42812.png,deer
42813.png,horse
42814.png,dog
42815.png,horse
42816.png,bird
42817.png,horse
42818.png,dog
42819.png,dog
42820.png,frog
42821.png,dog
42822.png,bird
42823.png,ship
42824.png,automobile
42825.png,truck
42826.png,cat
42827.png,ship
42828.png,cat
42829.png,dog
42830.png,airplane
42831.png,deer
42832.png,horse
42833.png,bird
42834.png,automobile
42835.png,automobile
42836.png,ship
42837.png,frog
42838.png,cat
42839.png,dog
42840.png,bird
42841.png,ship
42842.png,truck
42843.png,ship
42844.png,truck
42845.png,airplane
42846.png,cat
42847.png,dog
42848.png,ship
42849.png,bird
42850.png,deer
42851.png,frog
42852.png,truck
42853.png,airplane
42854.png,cat
42855.png,bird
42856.png,truck
42857.png,bird
42858.png,truck
42859.png,frog
42860.png,frog
42861.png,automobile
42862.png,bird
42863.png,dog
42864.png,deer
42865.png,ship
42866.png,cat
42867.png,dog
42868.png,airplane
42869.png,horse
42870.png,airplane
42871.png,ship
42872.png,deer
42873.png,frog
42874.png,frog
42875.png,horse
42876.png,truck
42877.png,frog
42878.png,automobile
42879.png,airplane
42880.png,automobile
42881.png,cat
42882.png,frog
42883.png,cat
42884.png,airplane
42885.png,ship
42886.png,truck
42887.png,horse
42888.png,horse
42889.png,frog
42890.png,bird
42891.png,truck
42892.png,bird
42893.png,airplane
42894.png,frog
42895.png,bird
42896.png,horse
42897.png,frog
42898.png,ship
42899.png,ship
42900.png,automobile
42901.png,truck
42902.png,frog
42903.png,dog
42904.png,deer
42905.png,deer
42906.png,truck
42907.png,frog
42908.png,deer
42909.png,airplane
42910.png,horse
42911.png,deer
42912.png,truck
42913.png,automobile
42914.png,automobile
42915.png,cat
42916.png,deer
42917.png,automobile
42918.png,ship
42919.png,automobile
42920.png,dog
42921.png,cat
42922.png,automobile
42923.png,ship
42924.png,frog
42925.png,dog
42926.png,automobile
42927.png,ship
42928.png,automobile
42929.png,bird
42930.png,airplane
42931.png,cat
42932.png,airplane
42933.png,dog
42934.png,ship
42935.png,airplane
42936.png,automobile
42937.png,horse
42938.png,dog
42939.png,deer
42940.png,horse
42941.png,dog
42942.png,truck
42943.png,bird
42944.png,dog
42945.png,ship
42946.png,airplane
42947.png,dog
42948.png,bird
42949.png,frog
42950.png,cat
42951.png,dog
42952.png,horse
42953.png,airplane
42954.png,cat
42955.png,automobile
42956.png,horse
42957.png,frog
42958.png,ship
42959.png,automobile
42960.png,horse
42961.png,frog
42962.png,dog
42963.png,horse
42964.png,ship
42965.png,horse
42966.png,ship
42967.png,dog
42968.png,deer
42969.png,frog
42970.png,deer
42971.png,cat
42972.png,truck
42973.png,airplane
42974.png,truck
42975.png,deer
42976.png,frog
42977.png,automobile
42978.png,deer
42979.png,automobile
42980.png,deer
42981.png,frog
42982.png,truck
42983.png,deer
42984.png,deer
42985.png,airplane
42986.png,deer
42987.png,bird
42988.png,dog
42989.png,bird
42990.png,dog
42991.png,bird
42992.png,automobile
42993.png,airplane
42994.png,bird
42995.png,truck
42996.png,bird
42997.png,horse
42998.png,cat
42999.png,airplane
43000.png,cat
43001.png,dog
43002.png,ship
43003.png,airplane
43004.png,ship
43005.png,frog
43006.png,dog
43007.png,automobile
43008.png,ship
43009.png,truck
43010.png,dog
43011.png,bird
43012.png,dog
43013.png,airplane
43014.png,cat
43015.png,ship
43016.png,automobile
43017.png,truck
43018.png,cat
43019.png,cat
43020.png,bird
43021.png,automobile
43022.png,frog
43023.png,frog
43024.png,frog
43025.png,deer
43026.png,dog
43027.png,frog
43028.png,frog
43029.png,frog
43030.png,ship
43031.png,deer
43032.png,deer
43033.png,deer
43034.png,deer
43035.png,cat
43036.png,ship
43037.png,horse
43038.png,airplane
43039.png,dog
43040.png,truck
43041.png,cat
43042.png,bird
43043.png,truck
43044.png,cat
43045.png,deer
43046.png,airplane
43047.png,ship
43048.png,ship
43049.png,ship
43050.png,deer
43051.png,automobile
43052.png,horse
43053.png,cat
43054.png,dog
43055.png,airplane
43056.png,deer
43057.png,dog
43058.png,bird
43059.png,dog
43060.png,bird
43061.png,horse
43062.png,automobile
43063.png,truck
43064.png,dog
43065.png,automobile
43066.png,cat
43067.png,horse
43068.png,truck
43069.png,automobile
43070.png,frog
43071.png,frog
43072.png,dog
43073.png,cat
43074.png,airplane
43075.png,frog
43076.png,dog
43077.png,airplane
43078.png,airplane
43079.png,bird
43080.png,horse
43081.png,bird
43082.png,truck
43083.png,bird
43084.png,horse
43085.png,cat
43086.png,automobile
43087.png,ship
43088.png,dog
43089.png,dog
43090.png,automobile
43091.png,deer
43092.png,horse
43093.png,airplane
43094.png,dog
43095.png,horse
43096.png,bird
43097.png,ship
43098.png,deer
43099.png,automobile
43100.png,bird
43101.png,ship
43102.png,ship
43103.png,automobile
43104.png,dog
43105.png,truck
43106.png,cat
43107.png,bird
43108.png,dog
43109.png,truck
43110.png,ship
43111.png,cat
43112.png,frog
43113.png,truck
43114.png,ship
43115.png,frog
43116.png,dog
43117.png,bird
43118.png,frog
43119.png,bird
43120.png,ship
43121.png,dog
43122.png,truck
43123.png,bird
43124.png,cat
43125.png,horse
43126.png,airplane
43127.png,cat
43128.png,bird
43129.png,horse
43130.png,dog
43131.png,horse
43132.png,truck
43133.png,automobile
43134.png,dog
43135.png,bird
43136.png,bird
43137.png,ship
43138.png,truck
43139.png,airplane
43140.png,deer
43141.png,dog
43142.png,truck
43143.png,dog
43144.png,frog
43145.png,horse
43146.png,automobile
43147.png,deer
43148.png,deer
43149.png,automobile
43150.png,ship
43151.png,horse
43152.png,deer
43153.png,horse
43154.png,dog
43155.png,bird
43156.png,frog
43157.png,dog
43158.png,frog
43159.png,horse
43160.png,ship
43161.png,airplane
43162.png,ship
43163.png,bird
43164.png,horse
43165.png,automobile
43166.png,truck
43167.png,frog
43168.png,automobile
43169.png,horse
43170.png,truck
43171.png,deer
43172.png,truck
43173.png,deer
43174.png,bird
43175.png,frog
43176.png,ship
43177.png,truck
43178.png,bird
43179.png,automobile
43180.png,bird
43181.png,deer
43182.png,dog
43183.png,frog
43184.png,ship
43185.png,airplane
43186.png,horse
43187.png,automobile
43188.png,cat
43189.png,deer
43190.png,dog
43191.png,bird
43192.png,ship
43193.png,bird
43194.png,horse
43195.png,airplane
43196.png,automobile
43197.png,deer
43198.png,truck
43199.png,ship
43200.png,truck
43201.png,truck
43202.png,frog
43203.png,deer
43204.png,deer
43205.png,cat
43206.png,automobile
43207.png,automobile
43208.png,automobile
43209.png,dog
43210.png,dog
43211.png,frog
43212.png,airplane
43213.png,ship
43214.png,dog
43215.png,automobile
43216.png,horse
43217.png,bird
43218.png,automobile
43219.png,truck
43220.png,airplane
43221.png,airplane
43222.png,dog
43223.png,deer
43224.png,horse
43225.png,deer
43226.png,dog
43227.png,truck
43228.png,horse
43229.png,deer
43230.png,horse
43231.png,horse
43232.png,deer
43233.png,automobile
43234.png,cat
43235.png,deer
43236.png,automobile
43237.png,frog
43238.png,cat
43239.png,deer
43240.png,deer
43241.png,automobile
43242.png,deer
43243.png,horse
43244.png,cat
43245.png,bird
43246.png,airplane
43247.png,horse
43248.png,horse
43249.png,dog
43250.png,dog
43251.png,frog
43252.png,automobile
43253.png,airplane
43254.png,airplane
43255.png,cat
43256.png,horse
43257.png,horse
43258.png,cat
43259.png,frog
43260.png,dog
43261.png,horse
43262.png,bird
43263.png,cat
43264.png,bird
43265.png,frog
43266.png,truck
43267.png,airplane
43268.png,automobile
43269.png,frog
43270.png,frog
43271.png,horse
43272.png,truck
43273.png,horse
43274.png,dog
43275.png,automobile
43276.png,dog
43277.png,deer
43278.png,airplane
43279.png,ship
43280.png,airplane
43281.png,automobile
43282.png,truck
43283.png,truck
43284.png,cat
43285.png,frog
43286.png,bird
43287.png,bird
43288.png,bird
43289.png,airplane
43290.png,airplane
43291.png,automobile
43292.png,ship
43293.png,airplane
43294.png,horse
43295.png,deer
43296.png,cat
43297.png,deer
43298.png,automobile
43299.png,frog
43300.png,deer
43301.png,bird
43302.png,airplane
43303.png,frog
43304.png,airplane
43305.png,deer
43306.png,horse
43307.png,deer
43308.png,dog
43309.png,frog
43310.png,horse
43311.png,truck
43312.png,truck
43313.png,bird
43314.png,cat
43315.png,bird
43316.png,dog
43317.png,horse
43318.png,automobile
43319.png,cat
43320.png,bird
43321.png,horse
43322.png,dog
43323.png,horse
43324.png,dog
43325.png,airplane
43326.png,truck
43327.png,truck
43328.png,deer
43329.png,cat
43330.png,truck
43331.png,dog
43332.png,bird
43333.png,truck
43334.png,truck
43335.png,ship
43336.png,deer
43337.png,cat
43338.png,deer
43339.png,dog
43340.png,cat
43341.png,dog
43342.png,truck
43343.png,airplane
43344.png,horse
43345.png,ship
43346.png,dog
43347.png,truck
43348.png,dog
43349.png,ship
43350.png,cat
43351.png,ship
43352.png,deer
43353.png,cat
43354.png,frog
43355.png,truck
43356.png,horse
43357.png,automobile
43358.png,ship
43359.png,horse
43360.png,automobile
43361.png,horse
43362.png,bird
43363.png,ship
43364.png,airplane
43365.png,deer
43366.png,bird
43367.png,dog
43368.png,bird
43369.png,airplane
43370.png,automobile
43371.png,horse
43372.png,automobile
43373.png,automobile
43374.png,frog
43375.png,deer
43376.png,airplane
43377.png,truck
43378.png,truck
43379.png,airplane
43380.png,frog
43381.png,frog
43382.png,ship
43383.png,cat
43384.png,ship
43385.png,truck
43386.png,cat
43387.png,deer
43388.png,dog
43389.png,frog
43390.png,frog
43391.png,frog
43392.png,deer
43393.png,frog
43394.png,horse
43395.png,automobile
43396.png,dog
43397.png,horse
43398.png,dog
43399.png,automobile
43400.png,dog
43401.png,ship
43402.png,truck
43403.png,cat
43404.png,airplane
43405.png,dog
43406.png,truck
43407.png,truck
43408.png,frog
43409.png,ship
43410.png,ship
43411.png,deer
43412.png,cat
43413.png,dog
43414.png,automobile
43415.png,frog
43416.png,frog
43417.png,automobile
43418.png,automobile
43419.png,dog
43420.png,truck
43421.png,deer
43422.png,bird
43423.png,bird
43424.png,ship
43425.png,frog
43426.png,dog
43427.png,frog
43428.png,airplane
43429.png,cat
43430.png,ship
43431.png,cat
43432.png,frog
43433.png,ship
43434.png,dog
43435.png,frog
43436.png,horse
43437.png,horse
43438.png,truck
43439.png,cat
43440.png,frog
43441.png,cat
43442.png,bird
43443.png,airplane
43444.png,bird
43445.png,ship
43446.png,horse
43447.png,dog
43448.png,automobile
43449.png,deer
43450.png,horse
43451.png,bird
43452.png,airplane
43453.png,frog
43454.png,automobile
43455.png,airplane
43456.png,dog
43457.png,cat
43458.png,automobile
43459.png,airplane
43460.png,frog
43461.png,deer
43462.png,frog
43463.png,cat
43464.png,horse
43465.png,cat
43466.png,bird
43467.png,dog
43468.png,dog
43469.png,dog
43470.png,bird
43471.png,deer
43472.png,ship
43473.png,cat
43474.png,deer
43475.png,truck
43476.png,airplane
43477.png,bird
43478.png,frog
43479.png,bird
43480.png,airplane
43481.png,automobile
43482.png,frog
43483.png,frog
43484.png,airplane
43485.png,bird
43486.png,ship
43487.png,deer
43488.png,cat
43489.png,frog
43490.png,ship
43491.png,cat
43492.png,horse
43493.png,ship
43494.png,cat
43495.png,deer
43496.png,dog
43497.png,truck
43498.png,cat
43499.png,horse
43500.png,deer
43501.png,cat
43502.png,frog
43503.png,deer
43504.png,bird
43505.png,airplane
43506.png,ship
43507.png,deer
43508.png,bird
43509.png,airplane
43510.png,deer
43511.png,horse
43512.png,truck
43513.png,horse
43514.png,bird
43515.png,automobile
43516.png,horse
43517.png,deer
43518.png,deer
43519.png,automobile
43520.png,automobile
43521.png,automobile
43522.png,frog
43523.png,truck
43524.png,bird
43525.png,deer
43526.png,airplane
43527.png,dog
43528.png,bird
43529.png,horse
43530.png,deer
43531.png,horse
43532.png,horse
43533.png,horse
43534.png,cat
43535.png,ship
43536.png,dog
43537.png,horse
43538.png,horse
43539.png,frog
43540.png,truck
43541.png,ship
43542.png,bird
43543.png,airplane
43544.png,dog
43545.png,horse
43546.png,bird
43547.png,frog
43548.png,automobile
43549.png,airplane
43550.png,deer
43551.png,deer
43552.png,cat
43553.png,truck
43554.png,deer
43555.png,cat
43556.png,automobile
43557.png,horse
43558.png,deer
43559.png,truck
43560.png,truck
43561.png,truck
43562.png,frog
43563.png,cat
43564.png,deer
43565.png,airplane
43566.png,cat
43567.png,truck
43568.png,deer
43569.png,horse
43570.png,bird
43571.png,bird
43572.png,bird
43573.png,bird
43574.png,cat
43575.png,bird
43576.png,deer
43577.png,cat
43578.png,frog
43579.png,truck
43580.png,horse
43581.png,horse
43582.png,frog
43583.png,deer
43584.png,automobile
43585.png,deer
43586.png,automobile
43587.png,deer
43588.png,horse
43589.png,frog
43590.png,bird
43591.png,dog
43592.png,truck
43593.png,airplane
43594.png,bird
43595.png,frog
43596.png,deer
43597.png,truck
43598.png,frog
43599.png,cat
43600.png,dog
43601.png,automobile
43602.png,frog
43603.png,automobile
43604.png,frog
43605.png,truck
43606.png,automobile
43607.png,cat
43608.png,bird
43609.png,automobile
43610.png,automobile
43611.png,airplane
43612.png,frog
43613.png,ship
43614.png,dog
43615.png,truck
43616.png,dog
43617.png,truck
43618.png,horse
43619.png,automobile
43620.png,truck
43621.png,deer
43622.png,deer
43623.png,ship
43624.png,ship
43625.png,frog
43626.png,horse
43627.png,cat
43628.png,deer
43629.png,airplane
43630.png,horse
43631.png,cat
43632.png,bird
43633.png,deer
43634.png,cat
43635.png,truck
43636.png,truck
43637.png,automobile
43638.png,deer
43639.png,automobile
43640.png,airplane
43641.png,deer
43642.png,automobile
43643.png,truck
43644.png,horse
43645.png,ship
43646.png,frog
43647.png,automobile
43648.png,horse
43649.png,truck
43650.png,airplane
43651.png,deer
43652.png,dog
43653.png,truck
43654.png,dog
43655.png,dog
43656.png,automobile
43657.png,horse
43658.png,airplane
43659.png,bird
43660.png,airplane
43661.png,airplane
43662.png,frog
43663.png,ship
43664.png,frog
43665.png,airplane
43666.png,bird
43667.png,frog
43668.png,airplane
43669.png,automobile
43670.png,automobile
43671.png,airplane
43672.png,horse
43673.png,bird
43674.png,truck
43675.png,ship
43676.png,ship
43677.png,frog
43678.png,horse
43679.png,ship
43680.png,truck
43681.png,bird
43682.png,deer
43683.png,deer
43684.png,deer
43685.png,automobile
43686.png,cat
43687.png,dog
43688.png,automobile
43689.png,frog
43690.png,truck
43691.png,cat
43692.png,frog
43693.png,bird
43694.png,dog
43695.png,deer
43696.png,truck
43697.png,truck
43698.png,frog
43699.png,airplane
43700.png,ship
43701.png,airplane
43702.png,cat
43703.png,bird
43704.png,dog
43705.png,cat
43706.png,ship
43707.png,horse
43708.png,cat
43709.png,airplane
43710.png,airplane
43711.png,automobile
43712.png,automobile
43713.png,frog
43714.png,ship
43715.png,deer
43716.png,bird
43717.png,cat
43718.png,horse
43719.png,deer
43720.png,truck
43721.png,cat
43722.png,truck
43723.png,cat
43724.png,horse
43725.png,horse
43726.png,ship
43727.png,cat
43728.png,airplane
43729.png,automobile
43730.png,truck
43731.png,cat
43732.png,airplane
43733.png,deer
43734.png,cat
43735.png,frog
43736.png,cat
43737.png,frog
43738.png,cat
43739.png,bird
43740.png,truck
43741.png,airplane
43742.png,deer
43743.png,cat
43744.png,deer
43745.png,cat
43746.png,bird
43747.png,deer
43748.png,bird
43749.png,horse
43750.png,cat
43751.png,airplane
43752.png,cat
43753.png,cat
43754.png,dog
43755.png,airplane
43756.png,ship
43757.png,deer
43758.png,airplane
43759.png,deer
43760.png,dog
43761.png,truck
43762.png,frog
43763.png,cat
43764.png,bird
43765.png,frog
43766.png,deer
43767.png,bird
43768.png,cat
43769.png,horse
43770.png,frog
43771.png,dog
43772.png,airplane
43773.png,ship
43774.png,cat
43775.png,horse
43776.png,airplane
43777.png,cat
43778.png,airplane
43779.png,deer
43780.png,cat
43781.png,truck
43782.png,bird
43783.png,horse
43784.png,airplane
43785.png,cat
43786.png,truck
43787.png,automobile
43788.png,truck
43789.png,truck
43790.png,automobile
43791.png,dog
43792.png,horse
43793.png,horse
43794.png,deer
43795.png,ship
43796.png,bird
43797.png,dog
43798.png,automobile
43799.png,dog
43800.png,cat
43801.png,cat
43802.png,dog
43803.png,truck
43804.png,truck
43805.png,automobile
43806.png,ship
43807.png,automobile
43808.png,ship
43809.png,deer
43810.png,dog
43811.png,deer
43812.png,airplane
43813.png,cat
43814.png,cat
43815.png,airplane
43816.png,truck
43817.png,dog
43818.png,ship
43819.png,automobile
43820.png,dog
43821.png,frog
43822.png,truck
43823.png,bird
43824.png,bird
43825.png,truck
43826.png,automobile
43827.png,bird
43828.png,cat
43829.png,airplane
43830.png,airplane
43831.png,horse
43832.png,airplane
43833.png,cat
43834.png,horse
43835.png,deer
43836.png,deer
43837.png,cat
43838.png,frog
43839.png,airplane
43840.png,truck
43841.png,dog
43842.png,cat
43843.png,dog
43844.png,cat
43845.png,horse
43846.png,cat
43847.png,ship
43848.png,automobile
43849.png,horse
43850.png,airplane
43851.png,cat
43852.png,dog
43853.png,dog
43854.png,automobile
43855.png,automobile
43856.png,ship
43857.png,bird
43858.png,deer
43859.png,ship
43860.png,automobile
43861.png,deer
43862.png,automobile
43863.png,frog
43864.png,truck
43865.png,frog
43866.png,automobile
43867.png,dog
43868.png,airplane
43869.png,dog
43870.png,frog
43871.png,deer
43872.png,frog
43873.png,ship
43874.png,bird
43875.png,deer
43876.png,airplane
43877.png,horse
43878.png,cat
43879.png,dog
43880.png,dog
43881.png,frog
43882.png,dog
43883.png,truck
43884.png,ship
43885.png,horse
43886.png,deer
43887.png,dog
43888.png,frog
43889.png,frog
43890.png,ship
43891.png,dog
43892.png,automobile
43893.png,horse
43894.png,automobile
43895.png,horse
43896.png,ship
43897.png,horse
43898.png,deer
43899.png,bird
43900.png,ship
43901.png,truck
43902.png,truck
43903.png,horse
43904.png,truck
43905.png,bird
43906.png,frog
43907.png,horse
43908.png,airplane
43909.png,automobile
43910.png,airplane
43911.png,truck
43912.png,automobile
43913.png,frog
43914.png,ship
43915.png,deer
43916.png,horse
43917.png,ship
43918.png,frog
43919.png,automobile
43920.png,horse
43921.png,dog
43922.png,truck
43923.png,cat
43924.png,deer
43925.png,airplane
43926.png,deer
43927.png,deer
43928.png,deer
43929.png,deer
43930.png,horse
43931.png,bird
43932.png,horse
43933.png,automobile
43934.png,frog
43935.png,deer
43936.png,automobile
43937.png,horse
43938.png,frog
43939.png,truck
43940.png,ship
43941.png,horse
43942.png,horse
43943.png,truck
43944.png,truck
43945.png,airplane
43946.png,airplane
43947.png,truck
43948.png,airplane
43949.png,automobile
43950.png,airplane
43951.png,deer
43952.png,airplane
43953.png,horse
43954.png,cat
43955.png,automobile
43956.png,cat
43957.png,dog
43958.png,deer
43959.png,frog
43960.png,bird
43961.png,truck
43962.png,bird
43963.png,dog
43964.png,airplane
43965.png,horse
43966.png,airplane
43967.png,bird
43968.png,airplane
43969.png,cat
43970.png,automobile
43971.png,bird
43972.png,cat
43973.png,automobile
43974.png,frog
43975.png,deer
43976.png,deer
43977.png,automobile
43978.png,frog
43979.png,cat
43980.png,dog
43981.png,airplane
43982.png,cat
43983.png,ship
43984.png,deer
43985.png,automobile
43986.png,ship
43987.png,frog
43988.png,bird
43989.png,automobile
43990.png,airplane
43991.png,bird
43992.png,dog
43993.png,airplane
43994.png,airplane
43995.png,dog
43996.png,frog
43997.png,airplane
43998.png,truck
43999.png,airplane
44000.png,dog
44001.png,horse
44002.png,airplane
44003.png,deer
44004.png,deer
44005.png,automobile
44006.png,bird
44007.png,horse
44008.png,deer
44009.png,bird
44010.png,truck
44011.png,truck
44012.png,frog
44013.png,frog
44014.png,truck
44015.png,frog
44016.png,frog
44017.png,horse
44018.png,airplane
44019.png,frog
44020.png,automobile
44021.png,cat
44022.png,dog
44023.png,ship
44024.png,frog
44025.png,dog
44026.png,horse
44027.png,automobile
44028.png,airplane
44029.png,frog
44030.png,cat
44031.png,automobile
44032.png,airplane
44033.png,deer
44034.png,dog
44035.png,automobile
44036.png,airplane
44037.png,truck
44038.png,airplane
44039.png,bird
44040.png,cat
44041.png,deer
44042.png,frog
44043.png,horse
44044.png,ship
44045.png,deer
44046.png,airplane
44047.png,dog
44048.png,cat
44049.png,bird
44050.png,horse
44051.png,truck
44052.png,automobile
44053.png,truck
44054.png,bird
44055.png,ship
44056.png,frog
44057.png,truck
44058.png,ship
44059.png,truck
44060.png,ship
44061.png,ship
44062.png,deer
44063.png,frog
44064.png,horse
44065.png,horse
44066.png,truck
44067.png,truck
44068.png,airplane
44069.png,frog
44070.png,frog
44071.png,bird
44072.png,deer
44073.png,truck
44074.png,frog
44075.png,airplane
44076.png,bird
44077.png,horse
44078.png,frog
44079.png,frog
44080.png,deer
44081.png,automobile
44082.png,horse
44083.png,airplane
44084.png,ship
44085.png,cat
44086.png,dog
44087.png,horse
44088.png,dog
44089.png,truck
44090.png,dog
44091.png,bird
44092.png,horse
44093.png,ship
44094.png,cat
44095.png,dog
44096.png,deer
44097.png,frog
44098.png,automobile
44099.png,horse
44100.png,frog
44101.png,ship
44102.png,horse
44103.png,automobile
44104.png,cat
44105.png,dog
44106.png,horse
44107.png,dog
44108.png,automobile
44109.png,cat
44110.png,automobile
44111.png,cat
44112.png,horse
44113.png,dog
44114.png,bird
44115.png,ship
44116.png,horse
44117.png,airplane
44118.png,automobile
44119.png,dog
44120.png,dog
44121.png,cat
44122.png,bird
44123.png,airplane
44124.png,horse
44125.png,cat
44126.png,deer
44127.png,airplane
44128.png,cat
44129.png,frog
44130.png,ship
44131.png,horse
44132.png,frog
44133.png,truck
44134.png,horse
44135.png,automobile
44136.png,horse
44137.png,airplane
44138.png,ship
44139.png,automobile
44140.png,cat
44141.png,bird
44142.png,airplane
44143.png,cat
44144.png,airplane
44145.png,cat
44146.png,airplane
44147.png,automobile
44148.png,deer
44149.png,airplane
44150.png,airplane
44151.png,dog
44152.png,horse
44153.png,cat
44154.png,cat
44155.png,dog
44156.png,truck
44157.png,ship
44158.png,truck
44159.png,automobile
44160.png,bird
44161.png,dog
44162.png,bird
44163.png,deer
44164.png,frog
44165.png,dog
44166.png,airplane
44167.png,horse
44168.png,airplane
44169.png,automobile
44170.png,horse
44171.png,airplane
44172.png,deer
44173.png,deer
44174.png,cat
44175.png,bird
44176.png,airplane
44177.png,airplane
44178.png,bird
44179.png,airplane
44180.png,dog
44181.png,ship
44182.png,bird
44183.png,truck
44184.png,automobile
44185.png,frog
44186.png,automobile
44187.png,bird
44188.png,frog
44189.png,truck
44190.png,dog
44191.png,truck
44192.png,cat
44193.png,cat
44194.png,bird
44195.png,frog
44196.png,bird
44197.png,dog
44198.png,cat
44199.png,automobile
44200.png,ship
44201.png,deer
44202.png,truck
44203.png,deer
44204.png,bird
44205.png,automobile
44206.png,ship
44207.png,truck
44208.png,bird
44209.png,bird
44210.png,frog
44211.png,automobile
44212.png,dog
44213.png,truck
44214.png,ship
44215.png,dog
44216.png,deer
44217.png,bird
44218.png,automobile
44219.png,bird
44220.png,cat
44221.png,automobile
44222.png,horse
44223.png,horse
44224.png,dog
44225.png,frog
44226.png,automobile
44227.png,cat
44228.png,dog
44229.png,horse
44230.png,dog
44231.png,bird
44232.png,automobile
44233.png,cat
44234.png,cat
44235.png,cat
44236.png,automobile
44237.png,ship
44238.png,dog
44239.png,bird
44240.png,frog
44241.png,truck
44242.png,bird
44243.png,truck
44244.png,airplane
44245.png,frog
44246.png,airplane
44247.png,automobile
44248.png,truck
44249.png,frog
44250.png,horse
44251.png,frog
44252.png,frog
44253.png,cat
44254.png,bird
44255.png,deer
44256.png,frog
44257.png,bird
44258.png,airplane
44259.png,frog
44260.png,frog
44261.png,dog
44262.png,horse
44263.png,horse
44264.png,cat
44265.png,truck
44266.png,dog
44267.png,automobile
44268.png,cat
44269.png,dog
44270.png,automobile
44271.png,deer
44272.png,ship
44273.png,automobile
44274.png,automobile
44275.png,frog
44276.png,airplane
44277.png,cat
44278.png,bird
44279.png,horse
44280.png,bird
44281.png,truck
44282.png,automobile
44283.png,automobile
44284.png,deer
44285.png,dog
44286.png,ship
44287.png,horse
44288.png,truck
44289.png,bird
44290.png,truck
44291.png,dog
44292.png,deer
44293.png,horse
44294.png,dog
44295.png,airplane
44296.png,horse
44297.png,airplane
44298.png,horse
44299.png,airplane
44300.png,airplane
44301.png,dog
44302.png,dog
44303.png,bird
44304.png,airplane
44305.png,ship
44306.png,bird
44307.png,dog
44308.png,airplane
44309.png,automobile
44310.png,automobile
44311.png,ship
44312.png,automobile
44313.png,dog
44314.png,cat
44315.png,frog
44316.png,truck
44317.png,deer
44318.png,ship
44319.png,cat
44320.png,airplane
44321.png,airplane
44322.png,truck
44323.png,cat
44324.png,cat
44325.png,deer
44326.png,dog
44327.png,horse
44328.png,bird
44329.png,bird
44330.png,frog
44331.png,dog
44332.png,ship
44333.png,truck
44334.png,ship
44335.png,bird
44336.png,bird
44337.png,deer
44338.png,dog
44339.png,horse
44340.png,truck
44341.png,bird
44342.png,automobile
44343.png,frog
44344.png,dog
44345.png,bird
44346.png,dog
44347.png,frog
44348.png,horse
44349.png,horse
44350.png,dog
44351.png,airplane
44352.png,bird
44353.png,truck
44354.png,horse
44355.png,cat
44356.png,cat
44357.png,horse
44358.png,ship
44359.png,dog
44360.png,automobile
44361.png,deer
44362.png,dog
44363.png,ship
44364.png,horse
44365.png,ship
44366.png,frog
44367.png,horse
44368.png,automobile
44369.png,deer
44370.png,airplane
44371.png,deer
44372.png,dog
44373.png,truck
44374.png,ship
44375.png,horse
44376.png,ship
44377.png,cat
44378.png,dog
44379.png,horse
44380.png,frog
44381.png,truck
44382.png,cat
44383.png,ship
44384.png,cat
44385.png,ship
44386.png,automobile
44387.png,horse
44388.png,frog
44389.png,dog
44390.png,deer
44391.png,cat
44392.png,truck
44393.png,bird
44394.png,frog
44395.png,truck
44396.png,automobile
44397.png,dog
44398.png,deer
44399.png,horse
44400.png,cat
44401.png,deer
44402.png,truck
44403.png,frog
44404.png,dog
44405.png,truck
44406.png,frog
44407.png,horse
44408.png,dog
44409.png,cat
44410.png,cat
44411.png,truck
44412.png,automobile
44413.png,automobile
44414.png,horse
44415.png,ship
44416.png,automobile
44417.png,ship
44418.png,frog
44419.png,automobile
44420.png,cat
44421.png,ship
44422.png,dog
44423.png,frog
44424.png,automobile
44425.png,horse
44426.png,automobile
44427.png,airplane
44428.png,bird
44429.png,frog
44430.png,cat
44431.png,airplane
44432.png,frog
44433.png,dog
44434.png,automobile
44435.png,dog
44436.png,dog
44437.png,automobile
44438.png,dog
44439.png,ship
44440.png,dog
44441.png,horse
44442.png,dog
44443.png,ship
44444.png,airplane
44445.png,ship
44446.png,dog
44447.png,deer
44448.png,horse
44449.png,automobile
44450.png,truck
44451.png,deer
44452.png,cat
44453.png,dog
44454.png,horse
44455.png,airplane
44456.png,cat
44457.png,cat
44458.png,horse
44459.png,ship
44460.png,dog
44461.png,truck
44462.png,airplane
44463.png,truck
44464.png,airplane
44465.png,airplane
44466.png,deer
44467.png,automobile
44468.png,bird
44469.png,airplane
44470.png,truck
44471.png,airplane
44472.png,horse
44473.png,automobile
44474.png,deer
44475.png,automobile
44476.png,automobile
44477.png,airplane
44478.png,ship
44479.png,frog
44480.png,truck
44481.png,bird
44482.png,cat
44483.png,bird
44484.png,automobile
44485.png,airplane
44486.png,dog
44487.png,frog
44488.png,automobile
44489.png,automobile
44490.png,frog
44491.png,ship
44492.png,bird
44493.png,frog
44494.png,horse
44495.png,airplane
44496.png,bird
44497.png,dog
44498.png,dog
44499.png,airplane
44500.png,automobile
44501.png,airplane
44502.png,ship
44503.png,truck
44504.png,deer
44505.png,ship
44506.png,horse
44507.png,dog
44508.png,cat
44509.png,airplane
44510.png,horse
44511.png,bird
44512.png,truck
44513.png,bird
44514.png,cat
44515.png,horse
44516.png,truck
44517.png,deer
44518.png,deer
44519.png,frog
44520.png,deer
44521.png,automobile
44522.png,truck
44523.png,frog
44524.png,bird
44525.png,automobile
44526.png,deer
44527.png,automobile
44528.png,ship
44529.png,ship
44530.png,automobile
44531.png,cat
44532.png,horse
44533.png,dog
44534.png,frog
44535.png,ship
44536.png,bird
44537.png,frog
44538.png,automobile
44539.png,dog
44540.png,bird
44541.png,bird
44542.png,automobile
44543.png,bird
44544.png,cat
44545.png,bird
44546.png,airplane
44547.png,airplane
44548.png,truck
44549.png,truck
44550.png,automobile
44551.png,cat
44552.png,dog
44553.png,airplane
44554.png,deer
44555.png,truck
44556.png,dog
44557.png,ship
44558.png,automobile
44559.png,deer
44560.png,horse
44561.png,horse
44562.png,dog
44563.png,cat
44564.png,deer
44565.png,truck
44566.png,deer
44567.png,frog
44568.png,horse
44569.png,airplane
44570.png,ship
44571.png,ship
44572.png,automobile
44573.png,deer
44574.png,frog
44575.png,bird
44576.png,automobile
44577.png,cat
44578.png,ship
44579.png,horse
44580.png,frog
44581.png,airplane
44582.png,dog
44583.png,airplane
44584.png,dog
44585.png,bird
44586.png,cat
44587.png,deer
44588.png,deer
44589.png,truck
44590.png,automobile
44591.png,frog
44592.png,automobile
44593.png,airplane
44594.png,dog
44595.png,ship
44596.png,bird
44597.png,dog
44598.png,frog
44599.png,automobile
44600.png,airplane
44601.png,frog
44602.png,automobile
44603.png,frog
44604.png,dog
44605.png,horse
44606.png,truck
44607.png,truck
44608.png,horse
44609.png,bird
44610.png,airplane
44611.png,horse
44612.png,frog
44613.png,frog
44614.png,automobile
44615.png,deer
44616.png,ship
44617.png,airplane
44618.png,horse
44619.png,airplane
44620.png,airplane
44621.png,automobile
44622.png,cat
44623.png,bird
44624.png,dog
44625.png,airplane
44626.png,automobile
44627.png,frog
44628.png,bird
44629.png,cat
44630.png,deer
44631.png,airplane
44632.png,cat
44633.png,dog
44634.png,ship
44635.png,bird
44636.png,cat
44637.png,cat
44638.png,airplane
44639.png,truck
44640.png,frog
44641.png,truck
44642.png,deer
44643.png,horse
44644.png,automobile
44645.png,bird
44646.png,airplane
44647.png,truck
44648.png,automobile
44649.png,bird
44650.png,ship
44651.png,frog
44652.png,truck
44653.png,bird
44654.png,airplane
44655.png,frog
44656.png,horse
44657.png,deer
44658.png,cat
44659.png,bird
44660.png,ship
44661.png,bird
44662.png,horse
44663.png,airplane
44664.png,cat
44665.png,horse
44666.png,dog
44667.png,airplane
44668.png,dog
44669.png,airplane
44670.png,truck
44671.png,bird
44672.png,automobile
44673.png,ship
44674.png,cat
44675.png,automobile
44676.png,frog
44677.png,dog
44678.png,cat
44679.png,truck
44680.png,automobile
44681.png,airplane
44682.png,ship
44683.png,truck
44684.png,truck
44685.png,frog
44686.png,ship
44687.png,automobile
44688.png,dog
44689.png,bird
44690.png,deer
44691.png,ship
44692.png,ship
44693.png,truck
44694.png,cat
44695.png,horse
44696.png,frog
44697.png,frog
44698.png,deer
44699.png,truck
44700.png,truck
44701.png,dog
44702.png,ship
44703.png,horse
44704.png,deer
44705.png,cat
44706.png,deer
44707.png,dog
44708.png,cat
44709.png,frog
44710.png,airplane
44711.png,truck
44712.png,ship
44713.png,frog
44714.png,truck
44715.png,truck
44716.png,airplane
44717.png,truck
44718.png,deer
44719.png,horse
44720.png,airplane
44721.png,ship
44722.png,airplane
44723.png,truck
44724.png,truck
44725.png,ship
44726.png,automobile
44727.png,automobile
44728.png,ship
44729.png,ship
44730.png,deer
44731.png,bird
44732.png,airplane
44733.png,bird
44734.png,frog
44735.png,dog
44736.png,frog
44737.png,bird
44738.png,deer
44739.png,dog
44740.png,bird
44741.png,dog
44742.png,airplane
44743.png,airplane
44744.png,airplane
44745.png,truck
44746.png,cat
44747.png,airplane
44748.png,deer
44749.png,dog
44750.png,airplane
44751.png,deer
44752.png,automobile
44753.png,deer
44754.png,horse
44755.png,automobile
44756.png,truck
44757.png,dog
44758.png,automobile
44759.png,bird
44760.png,ship
44761.png,deer
44762.png,deer
44763.png,horse
44764.png,ship
44765.png,airplane
44766.png,bird
44767.png,bird
44768.png,automobile
44769.png,cat
44770.png,horse
44771.png,airplane
44772.png,airplane
44773.png,frog
44774.png,airplane
44775.png,bird
44776.png,truck
44777.png,bird
44778.png,automobile
44779.png,airplane
44780.png,frog
44781.png,deer
44782.png,dog
44783.png,ship
44784.png,bird
44785.png,horse
44786.png,airplane
44787.png,truck
44788.png,ship
44789.png,dog
44790.png,horse
44791.png,deer
44792.png,dog
44793.png,dog
44794.png,truck
44795.png,airplane
44796.png,frog
44797.png,horse
44798.png,bird
44799.png,horse
44800.png,airplane
44801.png,cat
44802.png,horse
44803.png,cat
44804.png,deer
44805.png,deer
44806.png,airplane
44807.png,airplane
44808.png,ship
44809.png,cat
44810.png,truck
44811.png,truck
44812.png,ship
44813.png,truck
44814.png,dog
44815.png,frog
44816.png,horse
44817.png,deer
44818.png,frog
44819.png,automobile
44820.png,cat
44821.png,airplane
44822.png,dog
44823.png,ship
44824.png,dog
44825.png,automobile
44826.png,frog
44827.png,horse
44828.png,automobile
44829.png,automobile
44830.png,truck
44831.png,airplane
44832.png,bird
44833.png,dog
44834.png,ship
44835.png,deer
44836.png,automobile
44837.png,truck
44838.png,bird
44839.png,dog
44840.png,horse
44841.png,deer
44842.png,automobile
44843.png,bird
44844.png,horse
44845.png,deer
44846.png,horse
44847.png,deer
44848.png,dog
44849.png,dog
44850.png,airplane
44851.png,deer
44852.png,deer
44853.png,cat
44854.png,dog
44855.png,automobile
44856.png,cat
44857.png,cat
44858.png,deer
44859.png,horse
44860.png,cat
44861.png,truck
44862.png,bird
44863.png,frog
44864.png,deer
44865.png,airplane
44866.png,cat
44867.png,airplane
44868.png,bird
44869.png,cat
44870.png,automobile
44871.png,automobile
44872.png,truck
44873.png,frog
44874.png,truck
44875.png,horse
44876.png,airplane
44877.png,automobile
44878.png,ship
44879.png,horse
44880.png,bird
44881.png,ship
44882.png,truck
44883.png,ship
44884.png,frog
44885.png,airplane
44886.png,bird
44887.png,automobile
44888.png,airplane
44889.png,ship
44890.png,automobile
44891.png,ship
44892.png,deer
44893.png,horse
44894.png,cat
44895.png,deer
44896.png,truck
44897.png,cat
44898.png,cat
44899.png,cat
44900.png,dog
44901.png,deer
44902.png,truck
44903.png,truck
44904.png,dog
44905.png,dog
44906.png,bird
44907.png,airplane
44908.png,ship
44909.png,truck
44910.png,bird
44911.png,bird
44912.png,horse
44913.png,truck
44914.png,cat
44915.png,dog
44916.png,frog
44917.png,deer
44918.png,frog
44919.png,bird
44920.png,truck
44921.png,truck
44922.png,horse
44923.png,horse
44924.png,horse
44925.png,airplane
44926.png,airplane
44927.png,cat
44928.png,ship
44929.png,truck
44930.png,dog
44931.png,airplane
44932.png,dog
44933.png,airplane
44934.png,dog
44935.png,dog
44936.png,horse
44937.png,automobile
44938.png,ship
44939.png,bird
44940.png,deer
44941.png,airplane
44942.png,deer
44943.png,deer
44944.png,cat
44945.png,cat
44946.png,truck
44947.png,airplane
44948.png,truck
44949.png,bird
44950.png,truck
44951.png,cat
44952.png,ship
44953.png,truck
44954.png,cat
44955.png,automobile
44956.png,dog
44957.png,airplane
44958.png,cat
44959.png,horse
44960.png,frog
44961.png,automobile
44962.png,airplane
44963.png,deer
44964.png,deer
44965.png,truck
44966.png,automobile
44967.png,automobile
44968.png,airplane
44969.png,airplane
44970.png,truck
44971.png,airplane
44972.png,automobile
44973.png,frog
44974.png,cat
44975.png,deer
44976.png,airplane
44977.png,cat
44978.png,deer
44979.png,deer
44980.png,dog
44981.png,cat
44982.png,ship
44983.png,horse
44984.png,truck
44985.png,ship
44986.png,frog
44987.png,horse
44988.png,cat
44989.png,dog
44990.png,frog
44991.png,dog
44992.png,automobile
44993.png,automobile
44994.png,automobile
44995.png,deer
44996.png,bird
44997.png,truck
44998.png,automobile
44999.png,dog
45000.png,frog
45001.png,horse
45002.png,automobile
45003.png,deer
45004.png,automobile
45005.png,airplane
45006.png,bird
45007.png,bird
45008.png,dog
45009.png,truck
45010.png,frog
45011.png,airplane
45012.png,automobile
45013.png,cat
45014.png,automobile
45015.png,automobile
45016.png,bird
45017.png,automobile
45018.png,ship
45019.png,dog
45020.png,frog
45021.png,truck
45022.png,bird
45023.png,deer
45024.png,bird
45025.png,ship
45026.png,ship
45027.png,cat
45028.png,horse
45029.png,automobile
45030.png,horse
45031.png,automobile
45032.png,horse
45033.png,dog
45034.png,truck
45035.png,horse
45036.png,airplane
45037.png,horse
45038.png,ship
45039.png,cat
45040.png,frog
45041.png,automobile
45042.png,bird
45043.png,bird
45044.png,dog
45045.png,truck
45046.png,ship
45047.png,deer
45048.png,ship
45049.png,truck
45050.png,deer
45051.png,bird
45052.png,dog
45053.png,truck
45054.png,cat
45055.png,horse
45056.png,truck
45057.png,truck
45058.png,cat
45059.png,horse
45060.png,truck
45061.png,bird
45062.png,horse
45063.png,ship
45064.png,truck
45065.png,airplane
45066.png,horse
45067.png,cat
45068.png,airplane
45069.png,automobile
45070.png,horse
45071.png,automobile
45072.png,deer
45073.png,frog
45074.png,ship
45075.png,bird
45076.png,cat
45077.png,deer
45078.png,automobile
45079.png,frog
45080.png,bird
45081.png,frog
45082.png,airplane
45083.png,cat
45084.png,dog
45085.png,automobile
45086.png,airplane
45087.png,truck
45088.png,horse
45089.png,airplane
45090.png,airplane
45091.png,truck
45092.png,cat
45093.png,deer
45094.png,truck
45095.png,ship
45096.png,ship
45097.png,airplane
45098.png,automobile
45099.png,frog
45100.png,automobile
45101.png,deer
45102.png,truck
45103.png,airplane
45104.png,horse
45105.png,ship
45106.png,automobile
45107.png,airplane
45108.png,truck
45109.png,dog
45110.png,bird
45111.png,deer
45112.png,deer
45113.png,horse
45114.png,airplane
45115.png,deer
45116.png,ship
45117.png,truck
45118.png,cat
45119.png,automobile
45120.png,bird
45121.png,bird
45122.png,deer
45123.png,deer
45124.png,airplane
45125.png,deer
45126.png,dog
45127.png,automobile
45128.png,horse
45129.png,cat
45130.png,dog
45131.png,horse
45132.png,bird
45133.png,deer
45134.png,deer
45135.png,dog
45136.png,frog
45137.png,deer
45138.png,cat
45139.png,ship
45140.png,deer
45141.png,frog
45142.png,frog
45143.png,dog
45144.png,airplane
45145.png,deer
45146.png,truck
45147.png,truck
45148.png,horse
45149.png,ship
45150.png,frog
45151.png,horse
45152.png,cat
45153.png,cat
45154.png,dog
45155.png,truck
45156.png,frog
45157.png,airplane
45158.png,automobile
45159.png,cat
45160.png,ship
45161.png,truck
45162.png,ship
45163.png,ship
45164.png,airplane
45165.png,frog
45166.png,frog
45167.png,airplane
45168.png,truck
45169.png,ship
45170.png,frog
45171.png,deer
45172.png,horse
45173.png,horse
45174.png,truck
45175.png,truck
45176.png,cat
45177.png,airplane
45178.png,truck
45179.png,dog
45180.png,dog
45181.png,frog
45182.png,dog
45183.png,airplane
45184.png,truck
45185.png,dog
45186.png,ship
45187.png,airplane
45188.png,automobile
45189.png,airplane
45190.png,deer
45191.png,airplane
45192.png,cat
45193.png,cat
45194.png,bird
45195.png,automobile
45196.png,automobile
45197.png,deer
45198.png,truck
45199.png,truck
45200.png,deer
45201.png,bird
45202.png,automobile
45203.png,automobile
45204.png,bird
45205.png,horse
45206.png,deer
45207.png,dog
45208.png,dog
45209.png,frog
45210.png,cat
45211.png,automobile
45212.png,cat
45213.png,automobile
45214.png,bird
45215.png,automobile
45216.png,dog
45217.png,cat
45218.png,cat
45219.png,bird
45220.png,dog
45221.png,frog
45222.png,deer
45223.png,dog
45224.png,bird
45225.png,horse
45226.png,frog
45227.png,deer
45228.png,frog
45229.png,automobile
45230.png,bird
45231.png,horse
45232.png,truck
45233.png,airplane
45234.png,airplane
45235.png,deer
45236.png,truck
45237.png,cat
45238.png,dog
45239.png,bird
45240.png,deer
45241.png,ship
45242.png,truck
45243.png,airplane
45244.png,ship
45245.png,bird
45246.png,dog
45247.png,automobile
45248.png,frog
45249.png,frog
45250.png,cat
45251.png,cat
45252.png,cat
45253.png,bird
45254.png,frog
45255.png,frog
45256.png,deer
45257.png,horse
45258.png,dog
45259.png,automobile
45260.png,airplane
45261.png,dog
45262.png,truck
45263.png,airplane
45264.png,deer
45265.png,airplane
45266.png,airplane
45267.png,frog
45268.png,frog
45269.png,automobile
45270.png,dog
45271.png,airplane
45272.png,dog
45273.png,bird
45274.png,dog
45275.png,deer
45276.png,cat
45277.png,horse
45278.png,bird
45279.png,dog
45280.png,deer
45281.png,frog
45282.png,horse
45283.png,cat
45284.png,automobile
45285.png,truck
45286.png,horse
45287.png,deer
45288.png,truck
45289.png,airplane
45290.png,automobile
45291.png,dog
45292.png,automobile
45293.png,horse
45294.png,deer
45295.png,horse
45296.png,frog
45297.png,automobile
45298.png,airplane
45299.png,frog
45300.png,deer
45301.png,frog
45302.png,airplane
45303.png,truck
45304.png,bird
45305.png,airplane
45306.png,frog
45307.png,bird
45308.png,truck
45309.png,automobile
45310.png,ship
45311.png,cat
45312.png,deer
45313.png,dog
45314.png,airplane
45315.png,airplane
45316.png,deer
45317.png,automobile
45318.png,automobile
45319.png,ship
45320.png,cat
45321.png,bird
45322.png,dog
45323.png,automobile
45324.png,deer
45325.png,automobile
45326.png,ship
45327.png,dog
45328.png,ship
45329.png,bird
45330.png,automobile
45331.png,cat
45332.png,dog
45333.png,automobile
45334.png,deer
45335.png,bird
45336.png,bird
45337.png,horse
45338.png,horse
45339.png,ship
45340.png,airplane
45341.png,deer
45342.png,bird
45343.png,bird
45344.png,horse
45345.png,airplane
45346.png,dog
45347.png,bird
45348.png,airplane
45349.png,airplane
45350.png,airplane
45351.png,frog
45352.png,cat
45353.png,horse
45354.png,horse
45355.png,ship
45356.png,frog
45357.png,truck
45358.png,airplane
45359.png,airplane
45360.png,bird
45361.png,bird
45362.png,frog
45363.png,cat
45364.png,deer
45365.png,airplane
45366.png,horse
45367.png,frog
45368.png,bird
45369.png,dog
45370.png,frog
45371.png,automobile
45372.png,ship
45373.png,ship
45374.png,airplane
45375.png,dog
45376.png,ship
45377.png,horse
45378.png,automobile
45379.png,truck
45380.png,cat
45381.png,cat
45382.png,deer
45383.png,cat
45384.png,frog
45385.png,airplane
45386.png,frog
45387.png,ship
45388.png,airplane
45389.png,truck
45390.png,cat
45391.png,airplane
45392.png,airplane
45393.png,frog
45394.png,airplane
45395.png,horse
45396.png,cat
45397.png,deer
45398.png,deer
45399.png,ship
45400.png,automobile
45401.png,deer
45402.png,truck
45403.png,cat
45404.png,automobile
45405.png,bird
45406.png,truck
45407.png,automobile
45408.png,horse
45409.png,deer
45410.png,horse
45411.png,deer
45412.png,bird
45413.png,airplane
45414.png,airplane
45415.png,bird
45416.png,cat
45417.png,horse
45418.png,dog
45419.png,truck
45420.png,airplane
45421.png,frog
45422.png,dog
45423.png,dog
45424.png,airplane
45425.png,bird
45426.png,automobile
45427.png,truck
45428.png,automobile
45429.png,bird
45430.png,frog
45431.png,frog
45432.png,truck
45433.png,horse
45434.png,cat
45435.png,automobile
45436.png,truck
45437.png,dog
45438.png,bird
45439.png,airplane
45440.png,cat
45441.png,dog
45442.png,deer
45443.png,ship
45444.png,frog
45445.png,automobile
45446.png,airplane
45447.png,ship
45448.png,ship
45449.png,dog
45450.png,horse
45451.png,dog
45452.png,bird
45453.png,frog
45454.png,frog
45455.png,cat
45456.png,automobile
45457.png,cat
45458.png,airplane
45459.png,cat
45460.png,horse
45461.png,bird
45462.png,ship
45463.png,ship
45464.png,truck
45465.png,truck
45466.png,truck
45467.png,automobile
45468.png,cat
45469.png,horse
45470.png,dog
45471.png,automobile
45472.png,cat
45473.png,truck
45474.png,dog
45475.png,frog
45476.png,automobile
45477.png,horse
45478.png,dog
45479.png,ship
45480.png,cat
45481.png,horse
45482.png,dog
45483.png,dog
45484.png,automobile
45485.png,airplane
45486.png,automobile
45487.png,ship
45488.png,automobile
45489.png,automobile
45490.png,bird
45491.png,horse
45492.png,deer
45493.png,dog
45494.png,horse
45495.png,bird
45496.png,truck
45497.png,deer
45498.png,truck
45499.png,truck
45500.png,dog
45501.png,automobile
45502.png,dog
45503.png,cat
45504.png,dog
45505.png,dog
45506.png,horse
45507.png,horse
45508.png,airplane
45509.png,cat
45510.png,airplane
45511.png,deer
45512.png,dog
45513.png,deer
45514.png,airplane
45515.png,cat
45516.png,deer
45517.png,airplane
45518.png,deer
45519.png,frog
45520.png,dog
45521.png,truck
45522.png,bird
45523.png,bird
45524.png,horse
45525.png,frog
45526.png,airplane
45527.png,frog
45528.png,horse
45529.png,truck
45530.png,bird
45531.png,horse
45532.png,dog
45533.png,bird
45534.png,bird
45535.png,frog
45536.png,automobile
45537.png,ship
45538.png,ship
45539.png,truck
45540.png,truck
45541.png,horse
45542.png,deer
45543.png,cat
45544.png,frog
45545.png,dog
45546.png,dog
45547.png,airplane
45548.png,truck
45549.png,automobile
45550.png,horse
45551.png,bird
45552.png,ship
45553.png,cat
45554.png,dog
45555.png,dog
45556.png,deer
45557.png,airplane
45558.png,dog
45559.png,bird
45560.png,airplane
45561.png,truck
45562.png,horse
45563.png,truck
45564.png,horse
45565.png,airplane
45566.png,automobile
45567.png,deer
45568.png,automobile
45569.png,cat
45570.png,automobile
45571.png,bird
45572.png,deer
45573.png,horse
45574.png,truck
45575.png,automobile
45576.png,frog
45577.png,horse
45578.png,truck
45579.png,ship
45580.png,dog
45581.png,automobile
45582.png,dog
45583.png,frog
45584.png,dog
45585.png,automobile
45586.png,frog
45587.png,deer
45588.png,dog
45589.png,bird
45590.png,horse
45591.png,cat
45592.png,deer
45593.png,frog
45594.png,truck
45595.png,airplane
45596.png,deer
45597.png,horse
45598.png,frog
45599.png,deer
45600.png,automobile
45601.png,automobile
45602.png,airplane
45603.png,automobile
45604.png,deer
45605.png,airplane
45606.png,deer
45607.png,bird
45608.png,frog
45609.png,ship
45610.png,deer
45611.png,horse
45612.png,deer
45613.png,truck
45614.png,automobile
45615.png,truck
45616.png,airplane
45617.png,deer
45618.png,ship
45619.png,deer
45620.png,ship
45621.png,ship
45622.png,airplane
45623.png,frog
45624.png,deer
45625.png,deer
45626.png,cat
45627.png,ship
45628.png,dog
45629.png,automobile
45630.png,dog
45631.png,horse
45632.png,cat
45633.png,cat
45634.png,dog
45635.png,cat
45636.png,ship
45637.png,dog
45638.png,frog
45639.png,frog
45640.png,bird
45641.png,truck
45642.png,cat
45643.png,automobile
45644.png,horse
45645.png,deer
45646.png,deer
45647.png,cat
45648.png,bird
45649.png,ship
45650.png,ship
45651.png,ship
45652.png,ship
45653.png,airplane
45654.png,dog
45655.png,bird
45656.png,automobile
45657.png,airplane
45658.png,horse
45659.png,truck
45660.png,ship
45661.png,bird
45662.png,cat
45663.png,bird
45664.png,frog
45665.png,dog
45666.png,deer
45667.png,airplane
45668.png,cat
45669.png,deer
45670.png,horse
45671.png,cat
45672.png,truck
45673.png,automobile
45674.png,truck
45675.png,dog
45676.png,automobile
45677.png,frog
45678.png,automobile
45679.png,dog
45680.png,airplane
45681.png,ship
45682.png,bird
45683.png,horse
45684.png,deer
45685.png,truck
45686.png,automobile
45687.png,frog
45688.png,automobile
45689.png,deer
45690.png,deer
45691.png,deer
45692.png,cat
45693.png,bird
45694.png,frog
45695.png,deer
45696.png,ship
45697.png,truck
45698.png,ship
45699.png,dog
45700.png,horse
45701.png,cat
45702.png,deer
45703.png,deer
45704.png,bird
45705.png,automobile
45706.png,dog
45707.png,ship
45708.png,truck
45709.png,horse
45710.png,bird
45711.png,bird
45712.png,cat
45713.png,deer
45714.png,bird
45715.png,automobile
45716.png,automobile
45717.png,airplane
45718.png,ship
45719.png,ship
45720.png,frog
45721.png,frog
45722.png,deer
45723.png,horse
45724.png,deer
45725.png,horse
45726.png,horse
45727.png,ship
45728.png,ship
45729.png,dog
45730.png,deer
45731.png,frog
45732.png,dog
45733.png,cat
45734.png,ship
45735.png,truck
45736.png,truck
45737.png,automobile
45738.png,airplane
45739.png,bird
45740.png,frog
45741.png,truck
45742.png,frog
45743.png,dog
45744.png,ship
45745.png,bird
45746.png,horse
45747.png,dog
45748.png,horse
45749.png,bird
45750.png,deer
45751.png,frog
45752.png,frog
45753.png,cat
45754.png,frog
45755.png,cat
45756.png,truck
45757.png,deer
45758.png,cat
45759.png,horse
45760.png,frog
45761.png,ship
45762.png,bird
45763.png,dog
45764.png,airplane
45765.png,deer
45766.png,frog
45767.png,truck
45768.png,deer
45769.png,automobile
45770.png,automobile
45771.png,frog
45772.png,ship
45773.png,dog
45774.png,deer
45775.png,frog
45776.png,deer
45777.png,ship
45778.png,ship
45779.png,cat
45780.png,ship
45781.png,automobile
45782.png,truck
45783.png,deer
45784.png,cat
45785.png,ship
45786.png,bird
45787.png,deer
45788.png,automobile
45789.png,ship
45790.png,cat
45791.png,horse
45792.png,truck
45793.png,truck
45794.png,frog
45795.png,frog
45796.png,bird
45797.png,frog
45798.png,truck
45799.png,truck
45800.png,frog
45801.png,airplane
45802.png,deer
45803.png,truck
45804.png,bird
45805.png,deer
45806.png,bird
45807.png,frog
45808.png,ship
45809.png,horse
45810.png,ship
45811.png,automobile
45812.png,deer
45813.png,deer
45814.png,truck
45815.png,dog
45816.png,ship
45817.png,cat
45818.png,horse
45819.png,bird
45820.png,dog
45821.png,deer
45822.png,automobile
45823.png,bird
45824.png,frog
45825.png,horse
45826.png,truck
45827.png,frog
45828.png,airplane
45829.png,dog
45830.png,truck
45831.png,ship
45832.png,dog
45833.png,truck
45834.png,horse
45835.png,automobile
45836.png,frog
45837.png,frog
45838.png,bird
45839.png,bird
45840.png,ship
45841.png,truck
45842.png,truck
45843.png,truck
45844.png,horse
45845.png,truck
45846.png,airplane
45847.png,horse
45848.png,bird
45849.png,truck
45850.png,bird
45851.png,cat
45852.png,horse
45853.png,bird
45854.png,ship
45855.png,cat
45856.png,bird
45857.png,automobile
45858.png,cat
45859.png,horse
45860.png,automobile
45861.png,truck
45862.png,horse
45863.png,frog
45864.png,frog
45865.png,bird
45866.png,truck
45867.png,automobile
45868.png,deer
45869.png,ship
45870.png,deer
45871.png,dog
45872.png,truck
45873.png,ship
45874.png,deer
45875.png,horse
45876.png,bird
45877.png,truck
45878.png,automobile
45879.png,frog
45880.png,ship
45881.png,truck
45882.png,deer
45883.png,dog
45884.png,horse
45885.png,dog
45886.png,cat
45887.png,airplane
45888.png,dog
45889.png,horse
45890.png,frog
45891.png,ship
45892.png,dog
45893.png,ship
45894.png,bird
45895.png,deer
45896.png,frog
45897.png,cat
45898.png,cat
45899.png,ship
45900.png,automobile
45901.png,frog
45902.png,cat
45903.png,deer
45904.png,dog
45905.png,airplane
45906.png,truck
45907.png,truck
45908.png,ship
45909.png,cat
45910.png,cat
45911.png,automobile
45912.png,deer
45913.png,ship
45914.png,deer
45915.png,cat
45916.png,dog
45917.png,horse
45918.png,ship
45919.png,frog
45920.png,airplane
45921.png,truck
45922.png,cat
45923.png,truck
45924.png,automobile
45925.png,ship
45926.png,frog
45927.png,bird
45928.png,airplane
45929.png,cat
45930.png,horse
45931.png,deer
45932.png,cat
45933.png,horse
45934.png,cat
45935.png,horse
45936.png,deer
45937.png,airplane
45938.png,ship
45939.png,deer
45940.png,horse
45941.png,bird
45942.png,dog
45943.png,dog
45944.png,truck
45945.png,frog
45946.png,horse
45947.png,automobile
45948.png,cat
45949.png,cat
45950.png,cat
45951.png,horse
45952.png,bird
45953.png,dog
45954.png,bird
45955.png,ship
45956.png,horse
45957.png,airplane
45958.png,deer
45959.png,frog
45960.png,truck
45961.png,dog
45962.png,truck
45963.png,deer
45964.png,dog
45965.png,frog
45966.png,deer
45967.png,ship
45968.png,bird
45969.png,automobile
45970.png,bird
45971.png,frog
45972.png,frog
45973.png,automobile
45974.png,dog
45975.png,ship
45976.png,truck
45977.png,frog
45978.png,automobile
45979.png,frog
45980.png,automobile
45981.png,bird
45982.png,deer
45983.png,airplane
45984.png,dog
45985.png,truck
45986.png,ship
45987.png,dog
45988.png,deer
45989.png,automobile
45990.png,dog
45991.png,bird
45992.png,dog
45993.png,dog
45994.png,truck
45995.png,ship
45996.png,horse
45997.png,truck
45998.png,bird
45999.png,bird
46000.png,horse
46001.png,bird
46002.png,ship
46003.png,cat
46004.png,automobile
46005.png,truck
46006.png,bird
46007.png,dog
46008.png,frog
46009.png,ship
46010.png,frog
46011.png,dog
46012.png,deer
46013.png,ship
46014.png,cat
46015.png,bird
46016.png,ship
46017.png,bird
46018.png,dog
46019.png,horse
46020.png,airplane
46021.png,ship
46022.png,deer
46023.png,dog
46024.png,cat
46025.png,truck
46026.png,horse
46027.png,automobile
46028.png,horse
46029.png,ship
46030.png,ship
46031.png,dog
46032.png,ship
46033.png,horse
46034.png,ship
46035.png,horse
46036.png,dog
46037.png,deer
46038.png,cat
46039.png,ship
46040.png,truck
46041.png,horse
46042.png,airplane
46043.png,frog
46044.png,frog
46045.png,ship
46046.png,horse
46047.png,airplane
46048.png,deer
46049.png,ship
46050.png,deer
46051.png,frog
46052.png,automobile
46053.png,frog
46054.png,bird
46055.png,airplane
46056.png,horse
46057.png,cat
46058.png,dog
46059.png,cat
46060.png,truck
46061.png,automobile
46062.png,deer
46063.png,cat
46064.png,dog
46065.png,horse
46066.png,dog
46067.png,frog
46068.png,horse
46069.png,ship
46070.png,dog
46071.png,cat
46072.png,dog
46073.png,truck
46074.png,frog
46075.png,dog
46076.png,frog
46077.png,deer
46078.png,deer
46079.png,automobile
46080.png,truck
46081.png,cat
46082.png,cat
46083.png,bird
46084.png,dog
46085.png,dog
46086.png,cat
46087.png,airplane
46088.png,dog
46089.png,bird
46090.png,bird
46091.png,truck
46092.png,ship
46093.png,frog
46094.png,deer
46095.png,cat
46096.png,dog
46097.png,dog
46098.png,horse
46099.png,horse
46100.png,automobile
46101.png,ship
46102.png,ship
46103.png,ship
46104.png,horse
46105.png,truck
46106.png,frog
46107.png,bird
46108.png,automobile
46109.png,airplane
46110.png,cat
46111.png,cat
46112.png,ship
46113.png,dog
46114.png,airplane
46115.png,bird
46116.png,bird
46117.png,airplane
46118.png,horse
46119.png,bird
46120.png,deer
46121.png,ship
46122.png,cat
46123.png,frog
46124.png,frog
46125.png,frog
46126.png,bird
46127.png,frog
46128.png,automobile
46129.png,ship
46130.png,horse
46131.png,dog
46132.png,truck
46133.png,deer
46134.png,deer
46135.png,frog
46136.png,automobile
46137.png,cat
46138.png,airplane
46139.png,ship
46140.png,ship
46141.png,automobile
46142.png,cat
46143.png,ship
46144.png,dog
46145.png,frog
46146.png,deer
46147.png,dog
46148.png,automobile
46149.png,airplane
46150.png,cat
46151.png,deer
46152.png,ship
46153.png,ship
46154.png,deer
46155.png,horse
46156.png,cat
46157.png,frog
46158.png,cat
46159.png,horse
46160.png,airplane
46161.png,cat
46162.png,horse
46163.png,automobile
46164.png,truck
46165.png,deer
46166.png,dog
46167.png,truck
46168.png,horse
46169.png,horse
46170.png,dog
46171.png,frog
46172.png,truck
46173.png,horse
46174.png,automobile
46175.png,deer
46176.png,ship
46177.png,ship
46178.png,automobile
46179.png,truck
46180.png,bird
46181.png,frog
46182.png,truck
46183.png,cat
46184.png,bird
46185.png,horse
46186.png,deer
46187.png,truck
46188.png,dog
46189.png,frog
46190.png,truck
46191.png,truck
46192.png,frog
46193.png,airplane
46194.png,frog
46195.png,automobile
46196.png,truck
46197.png,cat
46198.png,ship
46199.png,cat
46200.png,ship
46201.png,airplane
46202.png,dog
46203.png,bird
46204.png,dog
46205.png,cat
46206.png,cat
46207.png,automobile
46208.png,automobile
46209.png,frog
46210.png,dog
46211.png,ship
46212.png,horse
46213.png,ship
46214.png,automobile
46215.png,bird
46216.png,cat
46217.png,bird
46218.png,dog
46219.png,deer
46220.png,automobile
46221.png,deer
46222.png,truck
46223.png,dog
46224.png,ship
46225.png,airplane
46226.png,truck
46227.png,cat
46228.png,truck
46229.png,horse
46230.png,cat
46231.png,cat
46232.png,cat
46233.png,cat
46234.png,automobile
46235.png,deer
46236.png,bird
46237.png,truck
46238.png,automobile
46239.png,automobile
46240.png,dog
46241.png,automobile
46242.png,deer
46243.png,bird
46244.png,truck
46245.png,bird
46246.png,deer
46247.png,dog
46248.png,dog
46249.png,ship
46250.png,ship
46251.png,deer
46252.png,deer
46253.png,frog
46254.png,deer
46255.png,bird
46256.png,deer
46257.png,frog
46258.png,frog
46259.png,bird
46260.png,automobile
46261.png,ship
46262.png,bird
46263.png,cat
46264.png,frog
46265.png,dog
46266.png,cat
46267.png,horse
46268.png,dog
46269.png,automobile
46270.png,truck
46271.png,horse
46272.png,frog
46273.png,ship
46274.png,frog
46275.png,dog
46276.png,dog
46277.png,deer
46278.png,airplane
46279.png,truck
46280.png,automobile
46281.png,truck
46282.png,automobile
46283.png,horse
46284.png,horse
46285.png,bird
46286.png,deer
46287.png,cat
46288.png,airplane
46289.png,dog
46290.png,dog
46291.png,cat
46292.png,bird
46293.png,ship
46294.png,bird
46295.png,airplane
46296.png,cat
46297.png,truck
46298.png,airplane
46299.png,truck
46300.png,bird
46301.png,horse
46302.png,horse
46303.png,truck
46304.png,airplane
46305.png,automobile
46306.png,truck
46307.png,frog
46308.png,frog
46309.png,cat
46310.png,ship
46311.png,dog
46312.png,frog
46313.png,frog
46314.png,ship
46315.png,ship
46316.png,bird
46317.png,dog
46318.png,frog
46319.png,dog
46320.png,deer
46321.png,frog
46322.png,deer
46323.png,frog
46324.png,automobile
46325.png,airplane
46326.png,cat
46327.png,bird
46328.png,truck
46329.png,automobile
46330.png,dog
46331.png,automobile
46332.png,deer
46333.png,automobile
46334.png,deer
46335.png,frog
46336.png,truck
46337.png,frog
46338.png,cat
46339.png,airplane
46340.png,deer
46341.png,frog
46342.png,cat
46343.png,frog
46344.png,airplane
46345.png,airplane
46346.png,truck
46347.png,truck
46348.png,cat
46349.png,horse
46350.png,cat
46351.png,dog
46352.png,truck
46353.png,cat
46354.png,horse
46355.png,cat
46356.png,truck
46357.png,truck
46358.png,automobile
46359.png,automobile
46360.png,automobile
46361.png,dog
46362.png,dog
46363.png,airplane
46364.png,ship
46365.png,horse
46366.png,bird
46367.png,airplane
46368.png,airplane
46369.png,horse
46370.png,airplane
46371.png,horse
46372.png,cat
46373.png,deer
46374.png,bird
46375.png,cat
46376.png,truck
46377.png,automobile
46378.png,frog
46379.png,dog
46380.png,frog
46381.png,airplane
46382.png,dog
46383.png,deer
46384.png,horse
46385.png,deer
46386.png,frog
46387.png,ship
46388.png,ship
46389.png,frog
46390.png,bird
46391.png,truck
46392.png,horse
46393.png,ship
46394.png,dog
46395.png,airplane
46396.png,ship
46397.png,automobile
46398.png,horse
46399.png,deer
46400.png,cat
46401.png,horse
46402.png,truck
46403.png,cat
46404.png,frog
46405.png,frog
46406.png,bird
46407.png,automobile
46408.png,frog
46409.png,automobile
46410.png,airplane
46411.png,bird
46412.png,cat
46413.png,horse
46414.png,ship
46415.png,cat
46416.png,deer
46417.png,deer
46418.png,cat
46419.png,frog
46420.png,airplane
46421.png,airplane
46422.png,automobile
46423.png,dog
46424.png,cat
46425.png,cat
46426.png,cat
46427.png,truck
46428.png,automobile
46429.png,dog
46430.png,frog
46431.png,airplane
46432.png,ship
46433.png,cat
46434.png,cat
46435.png,airplane
46436.png,ship
46437.png,dog
46438.png,cat
46439.png,truck
46440.png,airplane
46441.png,dog
46442.png,dog
46443.png,ship
46444.png,cat
46445.png,ship
46446.png,ship
46447.png,deer
46448.png,frog
46449.png,automobile
46450.png,ship
46451.png,bird
46452.png,bird
46453.png,deer
46454.png,ship
46455.png,horse
46456.png,horse
46457.png,horse
46458.png,bird
46459.png,airplane
46460.png,cat
46461.png,deer
46462.png,automobile
46463.png,ship
46464.png,automobile
46465.png,ship
46466.png,horse
46467.png,cat
46468.png,bird
46469.png,cat
46470.png,frog
46471.png,deer
46472.png,dog
46473.png,cat
46474.png,frog
46475.png,airplane
46476.png,bird
46477.png,deer
46478.png,ship
46479.png,bird
46480.png,ship
46481.png,airplane
46482.png,bird
46483.png,dog
46484.png,dog
46485.png,horse
46486.png,truck
46487.png,airplane
46488.png,dog
46489.png,ship
46490.png,dog
46491.png,deer
46492.png,bird
46493.png,frog
46494.png,cat
46495.png,dog
46496.png,frog
46497.png,cat
46498.png,deer
46499.png,ship
46500.png,ship
46501.png,cat
46502.png,bird
46503.png,deer
46504.png,cat
46505.png,ship
46506.png,ship
46507.png,deer
46508.png,automobile
46509.png,horse
46510.png,bird
46511.png,dog
46512.png,deer
46513.png,cat
46514.png,airplane
46515.png,automobile
46516.png,cat
46517.png,bird
46518.png,horse
46519.png,horse
46520.png,automobile
46521.png,automobile
46522.png,deer
46523.png,bird
46524.png,airplane
46525.png,horse
46526.png,dog
46527.png,deer
46528.png,bird
46529.png,deer
46530.png,cat
46531.png,bird
46532.png,deer
46533.png,dog
46534.png,frog
46535.png,dog
46536.png,frog
46537.png,dog
46538.png,truck
46539.png,ship
46540.png,frog
46541.png,ship
46542.png,bird
46543.png,cat
46544.png,ship
46545.png,automobile
46546.png,frog
46547.png,dog
46548.png,automobile
46549.png,airplane
46550.png,horse
46551.png,frog
46552.png,ship
46553.png,ship
46554.png,airplane
46555.png,airplane
46556.png,cat
46557.png,horse
46558.png,horse
46559.png,frog
46560.png,truck
46561.png,bird
46562.png,cat
46563.png,bird
46564.png,bird
46565.png,bird
46566.png,dog
46567.png,deer
46568.png,truck
46569.png,cat
46570.png,ship
46571.png,deer
46572.png,cat
46573.png,horse
46574.png,deer
46575.png,truck
46576.png,bird
46577.png,airplane
46578.png,frog
46579.png,deer
46580.png,truck
46581.png,ship
46582.png,horse
46583.png,ship
46584.png,horse
46585.png,bird
46586.png,airplane
46587.png,airplane
46588.png,frog
46589.png,automobile
46590.png,bird
46591.png,cat
46592.png,deer
46593.png,automobile
46594.png,airplane
46595.png,cat
46596.png,cat
46597.png,cat
46598.png,dog
46599.png,automobile
46600.png,truck
46601.png,frog
46602.png,horse
46603.png,frog
46604.png,airplane
46605.png,cat
46606.png,cat
46607.png,dog
46608.png,bird
46609.png,dog
46610.png,frog
46611.png,automobile
46612.png,truck
46613.png,frog
46614.png,airplane
46615.png,airplane
46616.png,ship
46617.png,deer
46618.png,ship
46619.png,deer
46620.png,airplane
46621.png,horse
46622.png,dog
46623.png,frog
46624.png,truck
46625.png,ship
46626.png,airplane
46627.png,ship
46628.png,cat
46629.png,dog
46630.png,truck
46631.png,bird
46632.png,airplane
46633.png,airplane
46634.png,bird
46635.png,automobile
46636.png,dog
46637.png,ship
46638.png,airplane
46639.png,dog
46640.png,truck
46641.png,horse
46642.png,horse
46643.png,bird
46644.png,automobile
46645.png,deer
46646.png,truck
46647.png,truck
46648.png,truck
46649.png,deer
46650.png,automobile
46651.png,deer
46652.png,truck
46653.png,bird
46654.png,cat
46655.png,truck
46656.png,airplane
46657.png,truck
46658.png,cat
46659.png,automobile
46660.png,cat
46661.png,deer
46662.png,bird
46663.png,truck
46664.png,deer
46665.png,truck
46666.png,bird
46667.png,horse
46668.png,dog
46669.png,ship
46670.png,dog
46671.png,ship
46672.png,horse
46673.png,horse
46674.png,bird
46675.png,automobile
46676.png,ship
46677.png,dog
46678.png,frog
46679.png,airplane
46680.png,automobile
46681.png,airplane
46682.png,bird
46683.png,cat
46684.png,bird
46685.png,dog
46686.png,truck
46687.png,bird
46688.png,truck
46689.png,cat
46690.png,airplane
46691.png,dog
46692.png,horse
46693.png,airplane
46694.png,automobile
46695.png,horse
46696.png,deer
46697.png,truck
46698.png,cat
46699.png,truck
46700.png,ship
46701.png,dog
46702.png,airplane
46703.png,bird
46704.png,deer
46705.png,ship
46706.png,truck
46707.png,airplane
46708.png,ship
46709.png,dog
46710.png,horse
46711.png,ship
46712.png,horse
46713.png,cat
46714.png,truck
46715.png,ship
46716.png,dog
46717.png,dog
46718.png,automobile
46719.png,automobile
46720.png,horse
46721.png,dog
46722.png,frog
46723.png,deer
46724.png,truck
46725.png,bird
46726.png,airplane
46727.png,horse
46728.png,cat
46729.png,bird
46730.png,cat
46731.png,automobile
46732.png,automobile
46733.png,automobile
46734.png,bird
46735.png,dog
46736.png,ship
46737.png,ship
46738.png,ship
46739.png,airplane
46740.png,ship
46741.png,airplane
46742.png,automobile
46743.png,cat
46744.png,frog
46745.png,truck
46746.png,cat
46747.png,deer
46748.png,horse
46749.png,automobile
46750.png,airplane
46751.png,airplane
46752.png,ship
46753.png,truck
46754.png,deer
46755.png,horse
46756.png,truck
46757.png,airplane
46758.png,cat
46759.png,ship
46760.png,bird
46761.png,frog
46762.png,ship
46763.png,dog
46764.png,airplane
46765.png,ship
46766.png,frog
46767.png,bird
46768.png,dog
46769.png,ship
46770.png,deer
46771.png,airplane
46772.png,bird
46773.png,frog
46774.png,deer
46775.png,truck
46776.png,truck
46777.png,deer
46778.png,truck
46779.png,deer
46780.png,deer
46781.png,dog
46782.png,truck
46783.png,airplane
46784.png,horse
46785.png,bird
46786.png,dog
46787.png,automobile
46788.png,ship
46789.png,truck
46790.png,deer
46791.png,deer
46792.png,frog
46793.png,horse
46794.png,dog
46795.png,automobile
46796.png,bird
46797.png,automobile
46798.png,horse
46799.png,bird
46800.png,cat
46801.png,bird
46802.png,cat
46803.png,airplane
46804.png,deer
46805.png,frog
46806.png,cat
46807.png,horse
46808.png,airplane
46809.png,truck
46810.png,dog
46811.png,bird
46812.png,dog
46813.png,cat
46814.png,bird
46815.png,deer
46816.png,cat
46817.png,horse
46818.png,cat
46819.png,horse
46820.png,bird
46821.png,dog
46822.png,ship
46823.png,airplane
46824.png,deer
46825.png,deer
46826.png,cat
46827.png,bird
46828.png,automobile
46829.png,automobile
46830.png,ship
46831.png,truck
46832.png,airplane
46833.png,bird
46834.png,truck
46835.png,horse
46836.png,frog
46837.png,dog
46838.png,bird
46839.png,cat
46840.png,airplane
46841.png,automobile
46842.png,cat
46843.png,dog
46844.png,airplane
46845.png,truck
46846.png,deer
46847.png,frog
46848.png,dog
46849.png,truck
46850.png,horse
46851.png,frog
46852.png,deer
46853.png,truck
46854.png,dog
46855.png,ship
46856.png,cat
46857.png,frog
46858.png,horse
46859.png,automobile
46860.png,automobile
46861.png,horse
46862.png,truck
46863.png,cat
46864.png,ship
46865.png,airplane
46866.png,automobile
46867.png,automobile
46868.png,dog
46869.png,frog
46870.png,horse
46871.png,bird
46872.png,automobile
46873.png,airplane
46874.png,airplane
46875.png,bird
46876.png,horse
46877.png,airplane
46878.png,bird
46879.png,truck
46880.png,bird
46881.png,cat
46882.png,airplane
46883.png,cat
46884.png,deer
46885.png,deer
46886.png,frog
46887.png,cat
46888.png,bird
46889.png,ship
46890.png,automobile
46891.png,dog
46892.png,deer
46893.png,ship
46894.png,automobile
46895.png,cat
46896.png,bird
46897.png,horse
46898.png,airplane
46899.png,airplane
46900.png,dog
46901.png,automobile
46902.png,dog
46903.png,airplane
46904.png,dog
46905.png,automobile
46906.png,frog
46907.png,automobile
46908.png,bird
46909.png,automobile
46910.png,bird
46911.png,airplane
46912.png,dog
46913.png,frog
46914.png,frog
46915.png,automobile
46916.png,frog
46917.png,dog
46918.png,ship
46919.png,dog
46920.png,cat
46921.png,automobile
46922.png,frog
46923.png,airplane
46924.png,cat
46925.png,dog
46926.png,dog
46927.png,ship
46928.png,dog
46929.png,automobile
46930.png,dog
46931.png,dog
46932.png,bird
46933.png,cat
46934.png,bird
46935.png,airplane
46936.png,airplane
46937.png,airplane
46938.png,ship
46939.png,ship
46940.png,cat
46941.png,deer
46942.png,horse
46943.png,horse
46944.png,bird
46945.png,ship
46946.png,airplane
46947.png,horse
46948.png,deer
46949.png,frog
46950.png,airplane
46951.png,cat
46952.png,frog
46953.png,frog
46954.png,automobile
46955.png,horse
46956.png,truck
46957.png,automobile
46958.png,bird
46959.png,cat
46960.png,truck
46961.png,frog
46962.png,dog
46963.png,cat
46964.png,ship
46965.png,airplane
46966.png,truck
46967.png,automobile
46968.png,bird
46969.png,deer
46970.png,airplane
46971.png,frog
46972.png,frog
46973.png,bird
46974.png,dog
46975.png,frog
46976.png,ship
46977.png,cat
46978.png,cat
46979.png,truck
46980.png,frog
46981.png,dog
46982.png,airplane
46983.png,horse
46984.png,bird
46985.png,dog
46986.png,ship
46987.png,truck
46988.png,airplane
46989.png,horse
46990.png,cat
46991.png,airplane
46992.png,frog
46993.png,airplane
46994.png,automobile
46995.png,deer
46996.png,frog
46997.png,horse
46998.png,dog
46999.png,deer
47000.png,truck
47001.png,ship
47002.png,automobile
47003.png,truck
47004.png,horse
47005.png,deer
47006.png,truck
47007.png,frog
47008.png,truck
47009.png,cat
47010.png,bird
47011.png,bird
47012.png,dog
47013.png,dog
47014.png,truck
47015.png,cat
47016.png,deer
47017.png,bird
47018.png,airplane
47019.png,dog
47020.png,ship
47021.png,truck
47022.png,ship
47023.png,airplane
47024.png,ship
47025.png,dog
47026.png,truck
47027.png,automobile
47028.png,horse
47029.png,truck
47030.png,dog
47031.png,automobile
47032.png,truck
47033.png,ship
47034.png,automobile
47035.png,bird
47036.png,automobile
47037.png,truck
47038.png,dog
47039.png,dog
47040.png,horse
47041.png,automobile
47042.png,horse
47043.png,airplane
47044.png,dog
47045.png,cat
47046.png,deer
47047.png,horse
47048.png,frog
47049.png,airplane
47050.png,cat
47051.png,airplane
47052.png,horse
47053.png,ship
47054.png,deer
47055.png,dog
47056.png,horse
47057.png,horse
47058.png,dog
47059.png,horse
47060.png,dog
47061.png,automobile
47062.png,airplane
47063.png,cat
47064.png,ship
47065.png,deer
47066.png,dog
47067.png,truck
47068.png,cat
47069.png,airplane
47070.png,truck
47071.png,dog
47072.png,frog
47073.png,deer
47074.png,truck
47075.png,bird
47076.png,cat
47077.png,truck
47078.png,ship
47079.png,truck
47080.png,deer
47081.png,dog
47082.png,truck
47083.png,horse
47084.png,truck
47085.png,truck
47086.png,truck
47087.png,truck
47088.png,horse
47089.png,automobile
47090.png,airplane
47091.png,dog
47092.png,ship
47093.png,horse
47094.png,airplane
47095.png,ship
47096.png,dog
47097.png,frog
47098.png,ship
47099.png,cat
47100.png,horse
47101.png,cat
47102.png,truck
47103.png,airplane
47104.png,dog
47105.png,airplane
47106.png,airplane
47107.png,airplane
47108.png,dog
47109.png,automobile
47110.png,automobile
47111.png,horse
47112.png,dog
47113.png,ship
47114.png,automobile
47115.png,ship
47116.png,frog
47117.png,frog
47118.png,horse
47119.png,ship
47120.png,ship
47121.png,deer
47122.png,truck
47123.png,bird
47124.png,bird
47125.png,truck
47126.png,horse
47127.png,deer
47128.png,bird
47129.png,truck
47130.png,horse
47131.png,ship
47132.png,cat
47133.png,cat
47134.png,bird
47135.png,dog
47136.png,frog
47137.png,automobile
47138.png,horse
47139.png,cat
47140.png,deer
47141.png,airplane
47142.png,deer
47143.png,bird
47144.png,airplane
47145.png,deer
47146.png,frog
47147.png,cat
47148.png,deer
47149.png,truck
47150.png,deer
47151.png,frog
47152.png,automobile
47153.png,bird
47154.png,horse
47155.png,truck
47156.png,deer
47157.png,truck
47158.png,dog
47159.png,dog
47160.png,truck
47161.png,dog
47162.png,frog
47163.png,automobile
47164.png,airplane
47165.png,ship
47166.png,frog
47167.png,deer
47168.png,dog
47169.png,automobile
47170.png,horse
47171.png,horse
47172.png,bird
47173.png,bird
47174.png,dog
47175.png,truck
47176.png,truck
47177.png,airplane
47178.png,truck
47179.png,automobile
47180.png,ship
47181.png,bird
47182.png,ship
47183.png,automobile
47184.png,dog
47185.png,horse
47186.png,horse
47187.png,ship
47188.png,truck
47189.png,deer
47190.png,horse
47191.png,automobile
47192.png,frog
47193.png,dog
47194.png,ship
47195.png,bird
47196.png,bird
47197.png,cat
47198.png,horse
47199.png,cat
47200.png,bird
47201.png,bird
47202.png,airplane
47203.png,ship
47204.png,dog
47205.png,cat
47206.png,deer
47207.png,ship
47208.png,airplane
47209.png,automobile
47210.png,dog
47211.png,cat
47212.png,dog
47213.png,ship
47214.png,automobile
47215.png,ship
47216.png,airplane
47217.png,deer
47218.png,cat
47219.png,dog
47220.png,cat
47221.png,airplane
47222.png,dog
47223.png,frog
47224.png,dog
47225.png,bird
47226.png,dog
47227.png,automobile
47228.png,airplane
47229.png,deer
47230.png,dog
47231.png,dog
47232.png,deer
47233.png,deer
47234.png,horse
47235.png,cat
47236.png,dog
47237.png,ship
47238.png,automobile
47239.png,truck
47240.png,deer
47241.png,frog
47242.png,horse
47243.png,airplane
47244.png,airplane
47245.png,deer
47246.png,ship
47247.png,horse
47248.png,truck
47249.png,bird
47250.png,horse
47251.png,cat
47252.png,ship
47253.png,bird
47254.png,airplane
47255.png,automobile
47256.png,bird
47257.png,automobile
47258.png,deer
47259.png,dog
47260.png,ship
47261.png,bird
47262.png,dog
47263.png,truck
47264.png,horse
47265.png,automobile
47266.png,ship
47267.png,automobile
47268.png,airplane
47269.png,dog
47270.png,truck
47271.png,horse
47272.png,airplane
47273.png,horse
47274.png,bird
47275.png,airplane
47276.png,horse
47277.png,frog
47278.png,automobile
47279.png,truck
47280.png,automobile
47281.png,automobile
47282.png,bird
47283.png,bird
47284.png,frog
47285.png,cat
47286.png,horse
47287.png,horse
47288.png,deer
47289.png,automobile
47290.png,dog
47291.png,automobile
47292.png,ship
47293.png,cat
47294.png,deer
47295.png,bird
47296.png,deer
47297.png,truck
47298.png,frog
47299.png,airplane
47300.png,truck
47301.png,deer
47302.png,horse
47303.png,frog
47304.png,truck
47305.png,bird
47306.png,deer
47307.png,cat
47308.png,truck
47309.png,horse
47310.png,bird
47311.png,automobile
47312.png,deer
47313.png,deer
47314.png,cat
47315.png,automobile
47316.png,truck
47317.png,bird
47318.png,airplane
47319.png,deer
47320.png,horse
47321.png,airplane
47322.png,horse
47323.png,cat
47324.png,horse
47325.png,airplane
47326.png,horse
47327.png,airplane
47328.png,cat
47329.png,airplane
47330.png,airplane
47331.png,cat
47332.png,frog
47333.png,airplane
47334.png,dog
47335.png,dog
47336.png,bird
47337.png,airplane
47338.png,airplane
47339.png,truck
47340.png,airplane
47341.png,truck
47342.png,ship
47343.png,ship
47344.png,truck
47345.png,deer
47346.png,deer
47347.png,horse
47348.png,frog
47349.png,deer
47350.png,automobile
47351.png,ship
47352.png,dog
47353.png,frog
47354.png,bird
47355.png,frog
47356.png,airplane
47357.png,horse
47358.png,dog
47359.png,dog
47360.png,dog
47361.png,bird
47362.png,frog
47363.png,automobile
47364.png,truck
47365.png,automobile
47366.png,automobile
47367.png,horse
47368.png,truck
47369.png,bird
47370.png,frog
47371.png,automobile
47372.png,bird
47373.png,horse
47374.png,ship
47375.png,deer
47376.png,airplane
47377.png,ship
47378.png,automobile
47379.png,ship
47380.png,airplane
47381.png,ship
47382.png,airplane
47383.png,horse
47384.png,horse
47385.png,deer
47386.png,deer
47387.png,dog
47388.png,horse
47389.png,dog
47390.png,ship
47391.png,automobile
47392.png,ship
47393.png,bird
47394.png,ship
47395.png,cat
47396.png,ship
47397.png,frog
47398.png,bird
47399.png,airplane
47400.png,deer
47401.png,ship
47402.png,airplane
47403.png,airplane
47404.png,deer
47405.png,airplane
47406.png,truck
47407.png,horse
47408.png,frog
47409.png,deer
47410.png,ship
47411.png,cat
47412.png,bird
47413.png,truck
47414.png,cat
47415.png,ship
47416.png,deer
47417.png,dog
47418.png,horse
47419.png,airplane
47420.png,truck
47421.png,truck
47422.png,airplane
47423.png,horse
47424.png,automobile
47425.png,dog
47426.png,deer
47427.png,truck
47428.png,truck
47429.png,airplane
47430.png,truck
47431.png,ship
47432.png,airplane
47433.png,bird
47434.png,airplane
47435.png,frog
47436.png,truck
47437.png,deer
47438.png,truck
47439.png,horse
47440.png,cat
47441.png,dog
47442.png,deer
47443.png,deer
47444.png,frog
47445.png,airplane
47446.png,ship
47447.png,airplane
47448.png,dog
47449.png,truck
47450.png,bird
47451.png,bird
47452.png,frog
47453.png,bird
47454.png,automobile
47455.png,frog
47456.png,horse
47457.png,airplane
47458.png,automobile
47459.png,airplane
47460.png,horse
47461.png,horse
47462.png,truck
47463.png,cat
47464.png,dog
47465.png,frog
47466.png,frog
47467.png,horse
47468.png,cat
47469.png,airplane
47470.png,truck
47471.png,automobile
47472.png,frog
47473.png,frog
47474.png,airplane
47475.png,frog
47476.png,cat
47477.png,ship
47478.png,dog
47479.png,cat
47480.png,frog
47481.png,dog
47482.png,bird
47483.png,deer
47484.png,airplane
47485.png,frog
47486.png,dog
47487.png,airplane
47488.png,deer
47489.png,deer
47490.png,dog
47491.png,cat
47492.png,bird
47493.png,bird
47494.png,dog
47495.png,cat
47496.png,automobile
47497.png,dog
47498.png,frog
47499.png,bird
47500.png,frog
47501.png,bird
47502.png,truck
47503.png,cat
47504.png,deer
47505.png,truck
47506.png,dog
47507.png,ship
47508.png,dog
47509.png,bird
47510.png,dog
47511.png,deer
47512.png,truck
47513.png,truck
47514.png,frog
47515.png,horse
47516.png,truck
47517.png,horse
47518.png,deer
47519.png,cat
47520.png,automobile
47521.png,airplane
47522.png,truck
47523.png,horse
47524.png,cat
47525.png,dog
47526.png,airplane
47527.png,cat
47528.png,ship
47529.png,dog
47530.png,automobile
47531.png,deer
47532.png,ship
47533.png,automobile
47534.png,bird
47535.png,deer
47536.png,automobile
47537.png,frog
47538.png,truck
47539.png,deer
47540.png,cat
47541.png,automobile
47542.png,cat
47543.png,automobile
47544.png,ship
47545.png,dog
47546.png,frog
47547.png,frog
47548.png,cat
47549.png,bird
47550.png,automobile
47551.png,airplane
47552.png,horse
47553.png,frog
47554.png,cat
47555.png,cat
47556.png,dog
47557.png,horse
47558.png,airplane
47559.png,horse
47560.png,horse
47561.png,airplane
47562.png,ship
47563.png,ship
47564.png,bird
47565.png,automobile
47566.png,bird
47567.png,automobile
47568.png,frog
47569.png,automobile
47570.png,truck
47571.png,deer
47572.png,deer
47573.png,horse
47574.png,deer
47575.png,truck
47576.png,horse
47577.png,deer
47578.png,truck
47579.png,frog
47580.png,airplane
47581.png,frog
47582.png,airplane
47583.png,automobile
47584.png,truck
47585.png,bird
47586.png,airplane
47587.png,cat
47588.png,bird
47589.png,automobile
47590.png,bird
47591.png,horse
47592.png,deer
47593.png,truck
47594.png,bird
47595.png,bird
47596.png,frog
47597.png,ship
47598.png,ship
47599.png,horse
47600.png,airplane
47601.png,frog
47602.png,bird
47603.png,dog
47604.png,cat
47605.png,horse
47606.png,deer
47607.png,automobile
47608.png,horse
47609.png,ship
47610.png,ship
47611.png,ship
47612.png,deer
47613.png,ship
47614.png,deer
47615.png,truck
47616.png,ship
47617.png,automobile
47618.png,airplane
47619.png,automobile
47620.png,truck
47621.png,dog
47622.png,dog
47623.png,deer
47624.png,deer
47625.png,frog
47626.png,dog
47627.png,deer
47628.png,frog
47629.png,ship
47630.png,dog
47631.png,deer
47632.png,bird
47633.png,bird
47634.png,automobile
47635.png,frog
47636.png,ship
47637.png,truck
47638.png,truck
47639.png,horse
47640.png,automobile
47641.png,frog
47642.png,truck
47643.png,automobile
47644.png,cat
47645.png,deer
47646.png,airplane
47647.png,ship
47648.png,dog
47649.png,truck
47650.png,frog
47651.png,frog
47652.png,airplane
47653.png,ship
47654.png,frog
47655.png,cat
47656.png,ship
47657.png,truck
47658.png,horse
47659.png,ship
47660.png,dog
47661.png,truck
47662.png,dog
47663.png,dog
47664.png,truck
47665.png,deer
47666.png,horse
47667.png,cat
47668.png,cat
47669.png,bird
47670.png,ship
47671.png,automobile
47672.png,frog
47673.png,dog
47674.png,horse
47675.png,bird
47676.png,bird
47677.png,airplane
47678.png,airplane
47679.png,airplane
47680.png,ship
47681.png,automobile
47682.png,cat
47683.png,horse
47684.png,cat
47685.png,cat
47686.png,airplane
47687.png,automobile
47688.png,truck
47689.png,dog
47690.png,airplane
47691.png,truck
47692.png,airplane
47693.png,truck
47694.png,airplane
47695.png,ship
47696.png,bird
47697.png,horse
47698.png,truck
47699.png,bird
47700.png,truck
47701.png,truck
47702.png,automobile
47703.png,cat
47704.png,automobile
47705.png,automobile
47706.png,cat
47707.png,automobile
47708.png,frog
47709.png,ship
47710.png,truck
47711.png,bird
47712.png,airplane
47713.png,frog
47714.png,ship
47715.png,dog
47716.png,truck
47717.png,deer
47718.png,cat
47719.png,bird
47720.png,bird
47721.png,dog
47722.png,cat
47723.png,cat
47724.png,ship
47725.png,horse
47726.png,dog
47727.png,airplane
47728.png,bird
47729.png,frog
47730.png,dog
47731.png,bird
47732.png,horse
47733.png,dog
47734.png,ship
47735.png,frog
47736.png,deer
47737.png,cat
47738.png,cat
47739.png,deer
47740.png,dog
47741.png,airplane
47742.png,cat
47743.png,bird
47744.png,truck
47745.png,ship
47746.png,automobile
47747.png,ship
47748.png,horse
47749.png,horse
47750.png,automobile
47751.png,bird
47752.png,ship
47753.png,frog
47754.png,dog
47755.png,airplane
47756.png,truck
47757.png,frog
47758.png,dog
47759.png,ship
47760.png,truck
47761.png,frog
47762.png,automobile
47763.png,ship
47764.png,airplane
47765.png,frog
47766.png,truck
47767.png,airplane
47768.png,truck
47769.png,dog
47770.png,dog
47771.png,ship
47772.png,airplane
47773.png,automobile
47774.png,dog
47775.png,automobile
47776.png,cat
47777.png,ship
47778.png,horse
47779.png,dog
47780.png,automobile
47781.png,ship
47782.png,dog
47783.png,ship
47784.png,dog
47785.png,ship
47786.png,truck
47787.png,dog
47788.png,truck
47789.png,cat
47790.png,truck
47791.png,frog
47792.png,ship
47793.png,frog
47794.png,ship
47795.png,horse
47796.png,deer
47797.png,deer
47798.png,cat
47799.png,deer
47800.png,airplane
47801.png,bird
47802.png,cat
47803.png,airplane
47804.png,bird
47805.png,cat
47806.png,airplane
47807.png,ship
47808.png,ship
47809.png,bird
47810.png,frog
47811.png,dog
47812.png,frog
47813.png,cat
47814.png,deer
47815.png,ship
47816.png,dog
47817.png,bird
47818.png,horse
47819.png,ship
47820.png,cat
47821.png,dog
47822.png,frog
47823.png,ship
47824.png,cat
47825.png,automobile
47826.png,ship
47827.png,bird
47828.png,ship
47829.png,horse
47830.png,ship
47831.png,cat
47832.png,truck
47833.png,ship
47834.png,frog
47835.png,airplane
47836.png,horse
47837.png,automobile
47838.png,deer
47839.png,cat
47840.png,automobile
47841.png,cat
47842.png,truck
47843.png,ship
47844.png,ship
47845.png,horse
47846.png,automobile
47847.png,bird
47848.png,dog
47849.png,cat
47850.png,airplane
47851.png,bird
47852.png,cat
47853.png,airplane
47854.png,bird
47855.png,ship
47856.png,deer
47857.png,horse
47858.png,deer
47859.png,frog
47860.png,deer
47861.png,ship
47862.png,deer
47863.png,airplane
47864.png,automobile
47865.png,horse
47866.png,airplane
47867.png,cat
47868.png,deer
47869.png,deer
47870.png,deer
47871.png,frog
47872.png,ship
47873.png,bird
47874.png,frog
47875.png,frog
47876.png,truck
47877.png,truck
47878.png,ship
47879.png,frog
47880.png,ship
47881.png,horse
47882.png,ship
47883.png,airplane
47884.png,deer
47885.png,dog
47886.png,bird
47887.png,ship
47888.png,horse
47889.png,frog
47890.png,ship
47891.png,horse
47892.png,deer
47893.png,cat
47894.png,dog
47895.png,ship
47896.png,truck
47897.png,truck
47898.png,cat
47899.png,horse
47900.png,dog
47901.png,automobile
47902.png,cat
47903.png,cat
47904.png,bird
47905.png,bird
47906.png,dog
47907.png,airplane
47908.png,deer
47909.png,deer
47910.png,deer
47911.png,bird
47912.png,dog
47913.png,airplane
47914.png,dog
47915.png,frog
47916.png,cat
47917.png,airplane
47918.png,deer
47919.png,cat
47920.png,dog
47921.png,dog
47922.png,deer
47923.png,deer
47924.png,horse
47925.png,horse
47926.png,airplane
47927.png,automobile
47928.png,truck
47929.png,deer
47930.png,dog
47931.png,automobile
47932.png,airplane
47933.png,bird
47934.png,cat
47935.png,frog
47936.png,bird
47937.png,bird
47938.png,frog
47939.png,dog
47940.png,automobile
47941.png,bird
47942.png,horse
47943.png,cat
47944.png,airplane
47945.png,truck
47946.png,ship
47947.png,airplane
47948.png,ship
47949.png,bird
47950.png,dog
47951.png,cat
47952.png,deer
47953.png,dog
47954.png,frog
47955.png,dog
47956.png,automobile
47957.png,bird
47958.png,bird
47959.png,bird
47960.png,truck
47961.png,ship
47962.png,frog
47963.png,frog
47964.png,cat
47965.png,dog
47966.png,frog
47967.png,airplane
47968.png,truck
47969.png,automobile
47970.png,airplane
47971.png,cat
47972.png,ship
47973.png,deer
47974.png,cat
47975.png,ship
47976.png,deer
47977.png,frog
47978.png,dog
47979.png,ship
47980.png,frog
47981.png,automobile
47982.png,airplane
47983.png,cat
47984.png,horse
47985.png,frog
47986.png,truck
47987.png,ship
47988.png,automobile
47989.png,dog
47990.png,automobile
47991.png,ship
47992.png,airplane
47993.png,ship
47994.png,ship
47995.png,airplane
47996.png,cat
47997.png,horse
47998.png,cat
47999.png,cat
48000.png,ship
48001.png,automobile
48002.png,airplane
48003.png,bird
48004.png,automobile
48005.png,dog
48006.png,cat
48007.png,dog
48008.png,cat
48009.png,deer
48010.png,airplane
48011.png,dog
48012.png,dog
48013.png,bird
48014.png,airplane
48015.png,bird
48016.png,bird
48017.png,deer
48018.png,truck
48019.png,deer
48020.png,cat
48021.png,horse
48022.png,automobile
48023.png,frog
48024.png,deer
48025.png,airplane
48026.png,bird
48027.png,airplane
48028.png,frog
48029.png,cat
48030.png,horse
48031.png,automobile
48032.png,truck
48033.png,airplane
48034.png,truck
48035.png,truck
48036.png,horse
48037.png,automobile
48038.png,cat
48039.png,deer
48040.png,cat
48041.png,cat
48042.png,horse
48043.png,ship
48044.png,frog
48045.png,ship
48046.png,cat
48047.png,deer
48048.png,frog
48049.png,dog
48050.png,frog
48051.png,dog
48052.png,truck
48053.png,cat
48054.png,automobile
48055.png,airplane
48056.png,horse
48057.png,dog
48058.png,frog
48059.png,cat
48060.png,airplane
48061.png,horse
48062.png,truck
48063.png,cat
48064.png,cat
48065.png,bird
48066.png,frog
48067.png,horse
48068.png,frog
48069.png,deer
48070.png,airplane
48071.png,frog
48072.png,airplane
48073.png,frog
48074.png,bird
48075.png,bird
48076.png,automobile
48077.png,ship
48078.png,dog
48079.png,automobile
48080.png,frog
48081.png,deer
48082.png,ship
48083.png,bird
48084.png,dog
48085.png,truck
48086.png,cat
48087.png,automobile
48088.png,deer
48089.png,cat
48090.png,bird
48091.png,bird
48092.png,deer
48093.png,bird
48094.png,bird
48095.png,airplane
48096.png,bird
48097.png,airplane
48098.png,cat
48099.png,truck
48100.png,horse
48101.png,airplane
48102.png,bird
48103.png,bird
48104.png,frog
48105.png,horse
48106.png,airplane
48107.png,truck
48108.png,ship
48109.png,airplane
48110.png,airplane
48111.png,dog
48112.png,horse
48113.png,cat
48114.png,automobile
48115.png,dog
48116.png,automobile
48117.png,truck
48118.png,bird
48119.png,cat
48120.png,airplane
48121.png,ship
48122.png,truck
48123.png,automobile
48124.png,truck
48125.png,ship
48126.png,ship
48127.png,truck
48128.png,ship
48129.png,automobile
48130.png,truck
48131.png,airplane
48132.png,cat
48133.png,cat
48134.png,ship
48135.png,cat
48136.png,dog
48137.png,airplane
48138.png,bird
48139.png,automobile
48140.png,dog
48141.png,truck
48142.png,automobile
48143.png,frog
48144.png,deer
48145.png,cat
48146.png,airplane
48147.png,bird
48148.png,airplane
48149.png,airplane
48150.png,horse
48151.png,truck
48152.png,truck
48153.png,truck
48154.png,horse
48155.png,frog
48156.png,dog
48157.png,ship
48158.png,cat
48159.png,ship
48160.png,deer
48161.png,frog
48162.png,dog
48163.png,cat
48164.png,deer
48165.png,ship
48166.png,truck
48167.png,horse
48168.png,frog
48169.png,ship
48170.png,bird
48171.png,cat
48172.png,truck
48173.png,deer
48174.png,automobile
48175.png,airplane
48176.png,ship
48177.png,frog
48178.png,horse
48179.png,truck
48180.png,deer
48181.png,horse
48182.png,dog
48183.png,automobile
48184.png,cat
48185.png,frog
48186.png,automobile
48187.png,cat
48188.png,airplane
48189.png,frog
48190.png,dog
48191.png,frog
48192.png,deer
48193.png,truck
48194.png,dog
48195.png,bird
48196.png,deer
48197.png,truck
48198.png,airplane
48199.png,horse
48200.png,dog
48201.png,cat
48202.png,frog
48203.png,deer
48204.png,frog
48205.png,horse
48206.png,bird
48207.png,frog
48208.png,dog
48209.png,dog
48210.png,airplane
48211.png,truck
48212.png,deer
48213.png,airplane
48214.png,ship
48215.png,frog
48216.png,automobile
48217.png,deer
48218.png,airplane
48219.png,frog
48220.png,horse
48221.png,dog
48222.png,deer
48223.png,bird
48224.png,deer
48225.png,automobile
48226.png,ship
48227.png,truck
48228.png,ship
48229.png,deer
48230.png,frog
48231.png,frog
48232.png,truck
48233.png,bird
48234.png,cat
48235.png,automobile
48236.png,deer
48237.png,horse
48238.png,horse
48239.png,truck
48240.png,airplane
48241.png,dog
48242.png,frog
48243.png,bird
48244.png,cat
48245.png,bird
48246.png,dog
48247.png,airplane
48248.png,ship
48249.png,cat
48250.png,ship
48251.png,bird
48252.png,bird
48253.png,airplane
48254.png,ship
48255.png,airplane
48256.png,horse
48257.png,horse
48258.png,airplane
48259.png,horse
48260.png,bird
48261.png,truck
48262.png,ship
48263.png,cat
48264.png,automobile
48265.png,automobile
48266.png,horse
48267.png,airplane
48268.png,frog
48269.png,truck
48270.png,automobile
48271.png,bird
48272.png,ship
48273.png,horse
48274.png,ship
48275.png,dog
48276.png,automobile
48277.png,truck
48278.png,frog
48279.png,truck
48280.png,automobile
48281.png,airplane
48282.png,ship
48283.png,bird
48284.png,horse
48285.png,truck
48286.png,cat
48287.png,ship
48288.png,bird
48289.png,bird
48290.png,airplane
48291.png,bird
48292.png,airplane
48293.png,truck
48294.png,automobile
48295.png,automobile
48296.png,airplane
48297.png,cat
48298.png,ship
48299.png,frog
48300.png,ship
48301.png,bird
48302.png,dog
48303.png,dog
48304.png,dog
48305.png,horse
48306.png,deer
48307.png,cat
48308.png,horse
48309.png,truck
48310.png,deer
48311.png,automobile
48312.png,ship
48313.png,automobile
48314.png,truck
48315.png,bird
48316.png,cat
48317.png,ship
48318.png,airplane
48319.png,airplane
48320.png,dog
48321.png,ship
48322.png,bird
48323.png,automobile
48324.png,bird
48325.png,airplane
48326.png,frog
48327.png,cat
48328.png,airplane
48329.png,dog
48330.png,truck
48331.png,dog
48332.png,cat
48333.png,truck
48334.png,ship
48335.png,deer
48336.png,ship
48337.png,ship
48338.png,frog
48339.png,deer
48340.png,truck
48341.png,truck
48342.png,dog
48343.png,ship
48344.png,horse
48345.png,bird
48346.png,truck
48347.png,cat
48348.png,airplane
48349.png,bird
48350.png,horse
48351.png,airplane
48352.png,deer
48353.png,frog
48354.png,truck
48355.png,bird
48356.png,airplane
48357.png,dog
48358.png,horse
48359.png,automobile
48360.png,airplane
48361.png,deer
48362.png,frog
48363.png,dog
48364.png,airplane
48365.png,bird
48366.png,bird
48367.png,bird
48368.png,deer
48369.png,cat
48370.png,frog
48371.png,bird
48372.png,truck
48373.png,ship
48374.png,frog
48375.png,ship
48376.png,automobile
48377.png,cat
48378.png,cat
48379.png,airplane
48380.png,ship
48381.png,ship
48382.png,dog
48383.png,horse
48384.png,dog
48385.png,bird
48386.png,truck
48387.png,horse
48388.png,truck
48389.png,bird
48390.png,airplane
48391.png,cat
48392.png,bird
48393.png,bird
48394.png,ship
48395.png,deer
48396.png,dog
48397.png,frog
48398.png,dog
48399.png,dog
48400.png,deer
48401.png,frog
48402.png,frog
48403.png,cat
48404.png,dog
48405.png,bird
48406.png,truck
48407.png,frog
48408.png,deer
48409.png,truck
48410.png,cat
48411.png,cat
48412.png,dog
48413.png,dog
48414.png,deer
48415.png,bird
48416.png,airplane
48417.png,airplane
48418.png,bird
48419.png,dog
48420.png,airplane
48421.png,horse
48422.png,dog
48423.png,dog
48424.png,horse
48425.png,airplane
48426.png,deer
48427.png,cat
48428.png,bird
48429.png,airplane
48430.png,deer
48431.png,airplane
48432.png,truck
48433.png,ship
48434.png,deer
48435.png,truck
48436.png,truck
48437.png,horse
48438.png,dog
48439.png,horse
48440.png,truck
48441.png,ship
48442.png,automobile
48443.png,truck
48444.png,cat
48445.png,dog
48446.png,ship
48447.png,frog
48448.png,deer
48449.png,frog
48450.png,truck
48451.png,truck
48452.png,truck
48453.png,cat
48454.png,horse
48455.png,dog
48456.png,truck
48457.png,horse
48458.png,ship
48459.png,airplane
48460.png,ship
48461.png,frog
48462.png,truck
48463.png,ship
48464.png,frog
48465.png,horse
48466.png,automobile
48467.png,horse
48468.png,horse
48469.png,truck
48470.png,ship
48471.png,airplane
48472.png,truck
48473.png,bird
48474.png,frog
48475.png,dog
48476.png,ship
48477.png,airplane
48478.png,dog
48479.png,deer
48480.png,cat
48481.png,bird
48482.png,ship
48483.png,bird
48484.png,frog
48485.png,deer
48486.png,airplane
48487.png,horse
48488.png,horse
48489.png,deer
48490.png,airplane
48491.png,horse
48492.png,ship
48493.png,airplane
48494.png,bird
48495.png,cat
48496.png,dog
48497.png,automobile
48498.png,frog
48499.png,bird
48500.png,bird
48501.png,ship
48502.png,bird
48503.png,deer
48504.png,truck
48505.png,bird
48506.png,deer
48507.png,cat
48508.png,cat
48509.png,airplane
48510.png,truck
48511.png,dog
48512.png,frog
48513.png,frog
48514.png,deer
48515.png,airplane
48516.png,automobile
48517.png,airplane
48518.png,cat
48519.png,bird
48520.png,frog
48521.png,airplane
48522.png,deer
48523.png,bird
48524.png,horse
48525.png,cat
48526.png,frog
48527.png,frog
48528.png,horse
48529.png,automobile
48530.png,deer
48531.png,bird
48532.png,bird
48533.png,frog
48534.png,deer
48535.png,ship
48536.png,dog
48537.png,cat
48538.png,dog
48539.png,deer
48540.png,automobile
48541.png,cat
48542.png,ship
48543.png,frog
48544.png,cat
48545.png,truck
48546.png,bird
48547.png,airplane
48548.png,bird
48549.png,horse
48550.png,bird
48551.png,ship
48552.png,horse
48553.png,ship
48554.png,bird
48555.png,airplane
48556.png,dog
48557.png,airplane
48558.png,airplane
48559.png,ship
48560.png,truck
48561.png,airplane
48562.png,cat
48563.png,ship
48564.png,deer
48565.png,automobile
48566.png,frog
48567.png,dog
48568.png,horse
48569.png,truck
48570.png,ship
48571.png,automobile
48572.png,dog
48573.png,cat
48574.png,dog
48575.png,automobile
48576.png,frog
48577.png,horse
48578.png,truck
48579.png,horse
48580.png,horse
48581.png,airplane
48582.png,horse
48583.png,frog
48584.png,ship
48585.png,automobile
48586.png,cat
48587.png,horse
48588.png,airplane
48589.png,deer
48590.png,bird
48591.png,truck
48592.png,deer
48593.png,cat
48594.png,frog
48595.png,bird
48596.png,automobile
48597.png,horse
48598.png,ship
48599.png,bird
48600.png,cat
48601.png,frog
48602.png,cat
48603.png,ship
48604.png,automobile
48605.png,ship
48606.png,deer
48607.png,truck
48608.png,frog
48609.png,bird
48610.png,cat
48611.png,automobile
48612.png,ship
48613.png,automobile
48614.png,deer
48615.png,cat
48616.png,truck
48617.png,deer
48618.png,automobile
48619.png,airplane
48620.png,frog
48621.png,horse
48622.png,deer
48623.png,truck
48624.png,truck
48625.png,dog
48626.png,dog
48627.png,truck
48628.png,frog
48629.png,bird
48630.png,cat
48631.png,dog
48632.png,automobile
48633.png,dog
48634.png,truck
48635.png,deer
48636.png,airplane
48637.png,automobile
48638.png,deer
48639.png,cat
48640.png,automobile
48641.png,automobile
48642.png,ship
48643.png,horse
48644.png,airplane
48645.png,automobile
48646.png,dog
48647.png,truck
48648.png,ship
48649.png,truck
48650.png,horse
48651.png,frog
48652.png,bird
48653.png,truck
48654.png,airplane
48655.png,truck
48656.png,automobile
48657.png,automobile
48658.png,cat
48659.png,frog
48660.png,frog
48661.png,dog
48662.png,horse
48663.png,truck
48664.png,airplane
48665.png,frog
48666.png,frog
48667.png,dog
48668.png,automobile
48669.png,ship
48670.png,automobile
48671.png,ship
48672.png,airplane
48673.png,truck
48674.png,dog
48675.png,dog
48676.png,automobile
48677.png,bird
48678.png,airplane
48679.png,ship
48680.png,horse
48681.png,truck
48682.png,automobile
48683.png,truck
48684.png,dog
48685.png,horse
48686.png,dog
48687.png,cat
48688.png,airplane
48689.png,horse
48690.png,deer
48691.png,ship
48692.png,airplane
48693.png,bird
48694.png,dog
48695.png,bird
48696.png,horse
48697.png,truck
48698.png,horse
48699.png,ship
48700.png,deer
48701.png,ship
48702.png,dog
48703.png,bird
48704.png,bird
48705.png,dog
48706.png,truck
48707.png,automobile
48708.png,deer
48709.png,dog
48710.png,automobile
48711.png,frog
48712.png,dog
48713.png,bird
48714.png,truck
48715.png,horse
48716.png,dog
48717.png,deer
48718.png,horse
48719.png,truck
48720.png,cat
48721.png,horse
48722.png,bird
48723.png,cat
48724.png,frog
48725.png,dog
48726.png,ship
48727.png,ship
48728.png,horse
48729.png,automobile
48730.png,airplane
48731.png,dog
48732.png,deer
48733.png,horse
48734.png,bird
48735.png,truck
48736.png,bird
48737.png,dog
48738.png,ship
48739.png,deer
48740.png,bird
48741.png,automobile
48742.png,horse
48743.png,cat
48744.png,truck
48745.png,ship
48746.png,bird
48747.png,automobile
48748.png,frog
48749.png,airplane
48750.png,automobile
48751.png,dog
48752.png,truck
48753.png,ship
48754.png,frog
48755.png,dog
48756.png,ship
48757.png,ship
48758.png,ship
48759.png,cat
48760.png,horse
48761.png,deer
48762.png,cat
48763.png,cat
48764.png,cat
48765.png,bird
48766.png,frog
48767.png,truck
48768.png,horse
48769.png,cat
48770.png,truck
48771.png,frog
48772.png,frog
48773.png,cat
48774.png,horse
48775.png,ship
48776.png,dog
48777.png,cat
48778.png,airplane
48779.png,airplane
48780.png,bird
48781.png,deer
48782.png,deer
48783.png,airplane
48784.png,bird
48785.png,bird
48786.png,dog
48787.png,dog
48788.png,deer
48789.png,airplane
48790.png,frog
48791.png,bird
48792.png,automobile
48793.png,airplane
48794.png,ship
48795.png,ship
48796.png,frog
48797.png,deer
48798.png,dog
48799.png,cat
48800.png,automobile
48801.png,bird
48802.png,deer
48803.png,frog
48804.png,horse
48805.png,frog
48806.png,ship
48807.png,automobile
48808.png,deer
48809.png,cat
48810.png,truck
48811.png,truck
48812.png,horse
48813.png,deer
48814.png,horse
48815.png,cat
48816.png,horse
48817.png,truck
48818.png,dog
48819.png,automobile
48820.png,frog
48821.png,automobile
48822.png,ship
48823.png,dog
48824.png,horse
48825.png,deer
48826.png,deer
48827.png,horse
48828.png,truck
48829.png,dog
48830.png,horse
48831.png,cat
48832.png,bird
48833.png,dog
48834.png,bird
48835.png,cat
48836.png,bird
48837.png,ship
48838.png,horse
48839.png,ship
48840.png,truck
48841.png,automobile
48842.png,frog
48843.png,airplane
48844.png,dog
48845.png,airplane
48846.png,automobile
48847.png,cat
48848.png,airplane
48849.png,horse
48850.png,cat
48851.png,airplane
48852.png,airplane
48853.png,airplane
48854.png,horse
48855.png,frog
48856.png,frog
48857.png,airplane
48858.png,horse
48859.png,horse
48860.png,airplane
48861.png,deer
48862.png,airplane
48863.png,deer
48864.png,truck
48865.png,ship
48866.png,horse
48867.png,frog
48868.png,cat
48869.png,truck
48870.png,airplane
48871.png,bird
48872.png,ship
48873.png,ship
48874.png,bird
48875.png,ship
48876.png,deer
48877.png,deer
48878.png,ship
48879.png,deer
48880.png,deer
48881.png,cat
48882.png,deer
48883.png,dog
48884.png,dog
48885.png,deer
48886.png,bird
48887.png,frog
48888.png,truck
48889.png,frog
48890.png,deer
48891.png,dog
48892.png,airplane
48893.png,deer
48894.png,bird
48895.png,bird
48896.png,frog
48897.png,deer
48898.png,frog
48899.png,automobile
48900.png,automobile
48901.png,dog
48902.png,automobile
48903.png,deer
48904.png,horse
48905.png,frog
48906.png,ship
48907.png,bird
48908.png,cat
48909.png,airplane
48910.png,cat
48911.png,dog
48912.png,ship
48913.png,cat
48914.png,frog
48915.png,cat
48916.png,automobile
48917.png,truck
48918.png,automobile
48919.png,horse
48920.png,truck
48921.png,ship
48922.png,truck
48923.png,bird
48924.png,horse
48925.png,airplane
48926.png,frog
48927.png,airplane
48928.png,horse
48929.png,cat
48930.png,frog
48931.png,airplane
48932.png,cat
48933.png,frog
48934.png,cat
48935.png,dog
48936.png,dog
48937.png,ship
48938.png,deer
48939.png,horse
48940.png,airplane
48941.png,frog
48942.png,frog
48943.png,frog
48944.png,ship
48945.png,bird
48946.png,deer
48947.png,cat
48948.png,frog
48949.png,horse
48950.png,truck
48951.png,deer
48952.png,bird
48953.png,cat
48954.png,ship
48955.png,automobile
48956.png,deer
48957.png,frog
48958.png,cat
48959.png,airplane
48960.png,ship
48961.png,horse
48962.png,deer
48963.png,automobile
48964.png,truck
48965.png,ship
48966.png,ship
48967.png,cat
48968.png,dog
48969.png,airplane
48970.png,deer
48971.png,automobile
48972.png,airplane
48973.png,automobile
48974.png,bird
48975.png,frog
48976.png,automobile
48977.png,cat
48978.png,frog
48979.png,airplane
48980.png,airplane
48981.png,dog
48982.png,frog
48983.png,truck
48984.png,frog
48985.png,ship
48986.png,deer
48987.png,airplane
48988.png,truck
48989.png,bird
48990.png,bird
48991.png,ship
48992.png,dog
48993.png,dog
48994.png,cat
48995.png,bird
48996.png,automobile
48997.png,truck
48998.png,deer
48999.png,truck
49000.png,cat
49001.png,ship
49002.png,truck
49003.png,deer
49004.png,truck
49005.png,airplane
49006.png,dog
49007.png,airplane
49008.png,ship
49009.png,bird
49010.png,cat
49011.png,horse
49012.png,ship
49013.png,truck
49014.png,deer
49015.png,dog
49016.png,cat
49017.png,bird
49018.png,dog
49019.png,airplane
49020.png,horse
49021.png,bird
49022.png,automobile
49023.png,automobile
49024.png,deer
49025.png,deer
49026.png,ship
49027.png,truck
49028.png,deer
49029.png,frog
49030.png,truck
49031.png,deer
49032.png,truck
49033.png,cat
49034.png,dog
49035.png,frog
49036.png,truck
49037.png,truck
49038.png,horse
49039.png,horse
49040.png,frog
49041.png,automobile
49042.png,frog
49043.png,ship
49044.png,ship
49045.png,cat
49046.png,automobile
49047.png,frog
49048.png,horse
49049.png,horse
49050.png,bird
49051.png,airplane
49052.png,horse
49053.png,dog
49054.png,bird
49055.png,cat
49056.png,deer
49057.png,frog
49058.png,truck
49059.png,horse
49060.png,frog
49061.png,automobile
49062.png,frog
49063.png,frog
49064.png,horse
49065.png,truck
49066.png,truck
49067.png,automobile
49068.png,airplane
49069.png,bird
49070.png,bird
49071.png,dog
49072.png,horse
49073.png,truck
49074.png,truck
49075.png,truck
49076.png,automobile
49077.png,frog
49078.png,deer
49079.png,cat
49080.png,cat
49081.png,automobile
49082.png,cat
49083.png,frog
49084.png,cat
49085.png,automobile
49086.png,automobile
49087.png,truck
49088.png,truck
49089.png,frog
49090.png,cat
49091.png,ship
49092.png,airplane
49093.png,airplane
49094.png,bird
49095.png,frog
49096.png,frog
49097.png,automobile
49098.png,deer
49099.png,deer
49100.png,bird
49101.png,airplane
49102.png,bird
49103.png,ship
49104.png,horse
49105.png,bird
49106.png,dog
49107.png,bird
49108.png,airplane
49109.png,ship
49110.png,horse
49111.png,frog
49112.png,dog
49113.png,truck
49114.png,dog
49115.png,deer
49116.png,ship
49117.png,horse
49118.png,cat
49119.png,dog
49120.png,frog
49121.png,dog
49122.png,automobile
49123.png,automobile
49124.png,truck
49125.png,truck
49126.png,truck
49127.png,horse
49128.png,ship
49129.png,airplane
49130.png,frog
49131.png,airplane
49132.png,cat
49133.png,horse
49134.png,horse
49135.png,ship
49136.png,frog
49137.png,automobile
49138.png,automobile
49139.png,deer
49140.png,horse
49141.png,cat
49142.png,horse
49143.png,cat
49144.png,cat
49145.png,ship
49146.png,frog
49147.png,cat
49148.png,truck
49149.png,automobile
49150.png,airplane
49151.png,automobile
49152.png,automobile
49153.png,ship
49154.png,bird
49155.png,deer
49156.png,dog
49157.png,bird
49158.png,cat
49159.png,truck
49160.png,bird
49161.png,ship
49162.png,ship
49163.png,horse
49164.png,automobile
49165.png,airplane
49166.png,ship
49167.png,ship
49168.png,truck
49169.png,airplane
49170.png,airplane
49171.png,cat
49172.png,frog
49173.png,dog
49174.png,automobile
49175.png,airplane
49176.png,horse
49177.png,airplane
49178.png,ship
49179.png,cat
49180.png,bird
49181.png,ship
49182.png,truck
49183.png,ship
49184.png,horse
49185.png,ship
49186.png,dog
49187.png,automobile
49188.png,deer
49189.png,dog
49190.png,airplane
49191.png,cat
49192.png,ship
49193.png,frog
49194.png,truck
49195.png,truck
49196.png,ship
49197.png,automobile
49198.png,cat
49199.png,horse
49200.png,deer
49201.png,frog
49202.png,ship
49203.png,horse
49204.png,horse
49205.png,deer
49206.png,airplane
49207.png,truck
49208.png,deer
49209.png,truck
49210.png,frog
49211.png,frog
49212.png,truck
49213.png,frog
49214.png,deer
49215.png,frog
49216.png,dog
49217.png,ship
49218.png,truck
49219.png,cat
49220.png,airplane
49221.png,ship
49222.png,automobile
49223.png,cat
49224.png,cat
49225.png,bird
49226.png,automobile
49227.png,horse
49228.png,cat
49229.png,truck
49230.png,horse
49231.png,automobile
49232.png,horse
49233.png,automobile
49234.png,cat
49235.png,automobile
49236.png,ship
49237.png,airplane
49238.png,deer
49239.png,truck
49240.png,automobile
49241.png,cat
49242.png,horse
49243.png,dog
49244.png,deer
49245.png,truck
49246.png,airplane
49247.png,horse
49248.png,ship
49249.png,bird
49250.png,truck
49251.png,ship
49252.png,deer
49253.png,deer
49254.png,ship
49255.png,dog
49256.png,airplane
49257.png,bird
49258.png,ship
49259.png,ship
49260.png,dog
49261.png,truck
49262.png,frog
49263.png,horse
49264.png,airplane
49265.png,horse
49266.png,frog
49267.png,truck
49268.png,dog
49269.png,bird
49270.png,automobile
49271.png,horse
49272.png,dog
49273.png,horse
49274.png,cat
49275.png,bird
49276.png,bird
49277.png,airplane
49278.png,horse
49279.png,truck
49280.png,frog
49281.png,cat
49282.png,horse
49283.png,bird
49284.png,automobile
49285.png,truck
49286.png,frog
49287.png,automobile
49288.png,truck
49289.png,dog
49290.png,frog
49291.png,bird
49292.png,ship
49293.png,deer
49294.png,horse
49295.png,dog
49296.png,truck
49297.png,frog
49298.png,bird
49299.png,cat
49300.png,cat
49301.png,truck
49302.png,dog
49303.png,frog
49304.png,airplane
49305.png,dog
49306.png,frog
49307.png,cat
49308.png,frog
49309.png,airplane
49310.png,horse
49311.png,horse
49312.png,frog
49313.png,frog
49314.png,automobile
49315.png,automobile
49316.png,dog
49317.png,dog
49318.png,deer
49319.png,deer
49320.png,cat
49321.png,frog
49322.png,ship
49323.png,cat
49324.png,horse
49325.png,dog
49326.png,cat
49327.png,automobile
49328.png,dog
49329.png,bird
49330.png,bird
49331.png,ship
49332.png,bird
49333.png,horse
49334.png,dog
49335.png,dog
49336.png,horse
49337.png,cat
49338.png,automobile
49339.png,truck
49340.png,airplane
49341.png,airplane
49342.png,horse
49343.png,bird
49344.png,frog
49345.png,airplane
49346.png,automobile
49347.png,airplane
49348.png,ship
49349.png,automobile
49350.png,airplane
49351.png,horse
49352.png,frog
49353.png,deer
49354.png,frog
49355.png,automobile
49356.png,deer
49357.png,automobile
49358.png,bird
49359.png,ship
49360.png,airplane
49361.png,truck
49362.png,frog
49363.png,automobile
49364.png,horse
49365.png,frog
49366.png,deer
49367.png,cat
49368.png,cat
49369.png,cat
49370.png,truck
49371.png,truck
49372.png,airplane
49373.png,ship
49374.png,airplane
49375.png,ship
49376.png,airplane
49377.png,automobile
49378.png,horse
49379.png,ship
49380.png,ship
49381.png,dog
49382.png,automobile
49383.png,frog
49384.png,automobile
49385.png,cat
49386.png,truck
49387.png,cat
49388.png,airplane
49389.png,ship
49390.png,ship
49391.png,deer
49392.png,horse
49393.png,automobile
49394.png,ship
49395.png,frog
49396.png,bird
49397.png,horse
49398.png,bird
49399.png,truck
49400.png,dog
49401.png,ship
49402.png,automobile
49403.png,deer
49404.png,truck
49405.png,frog
49406.png,truck
49407.png,frog
49408.png,horse
49409.png,cat
49410.png,automobile
49411.png,airplane
49412.png,automobile
49413.png,frog
49414.png,horse
49415.png,deer
49416.png,ship
49417.png,automobile
49418.png,truck
49419.png,frog
49420.png,bird
49421.png,airplane
49422.png,deer
49423.png,dog
49424.png,airplane
49425.png,cat
49426.png,truck
49427.png,automobile
49428.png,truck
49429.png,dog
49430.png,ship
49431.png,cat
49432.png,dog
49433.png,bird
49434.png,frog
49435.png,ship
49436.png,automobile
49437.png,automobile
49438.png,dog
49439.png,automobile
49440.png,airplane
49441.png,frog
49442.png,airplane
49443.png,truck
49444.png,cat
49445.png,cat
49446.png,ship
49447.png,ship
49448.png,automobile
49449.png,cat
49450.png,bird
49451.png,bird
49452.png,horse
49453.png,dog
49454.png,truck
49455.png,horse
49456.png,dog
49457.png,horse
49458.png,bird
49459.png,bird
49460.png,frog
49461.png,truck
49462.png,truck
49463.png,frog
49464.png,cat
49465.png,frog
49466.png,ship
49467.png,cat
49468.png,dog
49469.png,cat
49470.png,automobile
49471.png,horse
49472.png,bird
49473.png,dog
49474.png,ship
49475.png,dog
49476.png,deer
49477.png,horse
49478.png,truck
49479.png,cat
49480.png,ship
49481.png,deer
49482.png,cat
49483.png,dog
49484.png,automobile
49485.png,dog
49486.png,horse
49487.png,automobile
49488.png,automobile
49489.png,deer
49490.png,automobile
49491.png,airplane
49492.png,automobile
49493.png,cat
49494.png,dog
49495.png,automobile
49496.png,dog
49497.png,frog
49498.png,airplane
49499.png,airplane
49500.png,cat
49501.png,cat
49502.png,ship
49503.png,truck
49504.png,automobile
49505.png,deer
49506.png,automobile
49507.png,deer
49508.png,airplane
49509.png,dog
49510.png,automobile
49511.png,airplane
49512.png,airplane
49513.png,frog
49514.png,airplane
49515.png,dog
49516.png,deer
49517.png,frog
49518.png,airplane
49519.png,deer
49520.png,dog
49521.png,truck
49522.png,ship
49523.png,dog
49524.png,dog
49525.png,horse
49526.png,airplane
49527.png,automobile
49528.png,bird
49529.png,airplane
49530.png,horse
49531.png,airplane
49532.png,dog
49533.png,ship
49534.png,frog
49535.png,truck
49536.png,airplane
49537.png,bird
49538.png,frog
49539.png,bird
49540.png,automobile
49541.png,truck
49542.png,dog
49543.png,ship
49544.png,ship
49545.png,cat
49546.png,cat
49547.png,truck
49548.png,dog
49549.png,dog
49550.png,bird
49551.png,frog
49552.png,ship
49553.png,dog
49554.png,ship
49555.png,automobile
49556.png,airplane
49557.png,airplane
49558.png,airplane
49559.png,bird
49560.png,airplane
49561.png,bird
49562.png,automobile
49563.png,automobile
49564.png,cat
49565.png,deer
49566.png,dog
49567.png,automobile
49568.png,ship
49569.png,ship
49570.png,automobile
49571.png,ship
49572.png,ship
49573.png,automobile
49574.png,bird
49575.png,cat
49576.png,deer
49577.png,cat
49578.png,dog
49579.png,horse
49580.png,dog
49581.png,truck
49582.png,frog
49583.png,cat
49584.png,truck
49585.png,frog
49586.png,automobile
49587.png,deer
49588.png,automobile
49589.png,automobile
49590.png,automobile
49591.png,automobile
49592.png,ship
49593.png,horse
49594.png,automobile
49595.png,automobile
49596.png,deer
49597.png,truck
49598.png,deer
49599.png,deer
49600.png,cat
49601.png,cat
49602.png,truck
49603.png,cat
49604.png,frog
49605.png,automobile
49606.png,deer
49607.png,horse
49608.png,frog
49609.png,deer
49610.png,cat
49611.png,horse
49612.png,truck
49613.png,dog
49614.png,automobile
49615.png,cat
49616.png,airplane
49617.png,automobile
49618.png,bird
49619.png,cat
49620.png,cat
49621.png,horse
49622.png,frog
49623.png,deer
49624.png,frog
49625.png,frog
49626.png,ship
49627.png,cat
49628.png,horse
49629.png,airplane
49630.png,automobile
49631.png,horse
49632.png,ship
49633.png,cat
49634.png,airplane
49635.png,truck
49636.png,airplane
49637.png,frog
49638.png,truck
49639.png,dog
49640.png,frog
49641.png,horse
49642.png,airplane
49643.png,truck
49644.png,automobile
49645.png,dog
49646.png,deer
49647.png,cat
49648.png,dog
49649.png,horse
49650.png,dog
49651.png,horse
49652.png,airplane
49653.png,automobile
49654.png,frog
49655.png,ship
49656.png,frog
49657.png,airplane
49658.png,ship
49659.png,automobile
49660.png,horse
49661.png,airplane
49662.png,dog
49663.png,truck
49664.png,automobile
49665.png,truck
49666.png,dog
49667.png,bird
49668.png,frog
49669.png,cat
49670.png,deer
49671.png,truck
49672.png,airplane
49673.png,airplane
49674.png,horse
49675.png,automobile
49676.png,dog
49677.png,automobile
49678.png,ship
49679.png,bird
49680.png,ship
49681.png,dog
49682.png,ship
49683.png,dog
49684.png,bird
49685.png,bird
49686.png,deer
49687.png,bird
49688.png,deer
49689.png,truck
49690.png,horse
49691.png,deer
49692.png,cat
49693.png,cat
49694.png,bird
49695.png,truck
49696.png,horse
49697.png,ship
49698.png,ship
49699.png,frog
49700.png,deer
49701.png,bird
49702.png,cat
49703.png,automobile
49704.png,dog
49705.png,frog
49706.png,automobile
49707.png,horse
49708.png,dog
49709.png,frog
49710.png,dog
49711.png,bird
49712.png,airplane
49713.png,ship
49714.png,cat
49715.png,dog
49716.png,dog
49717.png,automobile
49718.png,airplane
49719.png,deer
49720.png,deer
49721.png,dog
49722.png,bird
49723.png,dog
49724.png,airplane
49725.png,bird
49726.png,bird
49727.png,cat
49728.png,deer
49729.png,horse
49730.png,dog
49731.png,bird
49732.png,horse
49733.png,truck
49734.png,automobile
49735.png,airplane
49736.png,airplane
49737.png,bird
49738.png,horse
49739.png,horse
49740.png,airplane
49741.png,deer
49742.png,cat
49743.png,cat
49744.png,deer
49745.png,ship
49746.png,horse
49747.png,ship
49748.png,frog
49749.png,automobile
49750.png,deer
49751.png,truck
49752.png,deer
49753.png,ship
49754.png,dog
49755.png,frog
49756.png,bird
49757.png,bird
49758.png,ship
49759.png,deer
49760.png,automobile
49761.png,horse
49762.png,airplane
49763.png,cat
49764.png,horse
49765.png,ship
49766.png,horse
49767.png,truck
49768.png,ship
49769.png,automobile
49770.png,automobile
49771.png,cat
49772.png,frog
49773.png,horse
49774.png,cat
49775.png,horse
49776.png,cat
49777.png,frog
49778.png,automobile
49779.png,ship
49780.png,truck
49781.png,truck
49782.png,bird
49783.png,ship
49784.png,truck
49785.png,bird
49786.png,truck
49787.png,cat
49788.png,automobile
49789.png,ship
49790.png,ship
49791.png,cat
49792.png,cat
49793.png,cat
49794.png,truck
49795.png,horse
49796.png,automobile
49797.png,horse
49798.png,dog
49799.png,frog
49800.png,airplane
49801.png,bird
49802.png,horse
49803.png,bird
49804.png,dog
49805.png,frog
49806.png,deer
49807.png,deer
49808.png,cat
49809.png,frog
49810.png,horse
49811.png,dog
49812.png,horse
49813.png,deer
49814.png,frog
49815.png,horse
49816.png,horse
49817.png,truck
49818.png,bird
49819.png,frog
49820.png,cat
49821.png,automobile
49822.png,ship
49823.png,cat
49824.png,truck
49825.png,deer
49826.png,cat
49827.png,dog
49828.png,ship
49829.png,ship
49830.png,frog
49831.png,ship
49832.png,truck
49833.png,cat
49834.png,truck
49835.png,frog
49836.png,cat
49837.png,frog
49838.png,airplane
49839.png,ship
49840.png,cat
49841.png,cat
49842.png,horse
49843.png,truck
49844.png,horse
49845.png,truck
49846.png,dog
49847.png,horse
49848.png,automobile
49849.png,dog
49850.png,automobile
49851.png,horse
49852.png,ship
49853.png,ship
49854.png,frog
49855.png,frog
49856.png,cat
49857.png,airplane
49858.png,ship
49859.png,bird
49860.png,dog
49861.png,truck
49862.png,ship
49863.png,frog
49864.png,airplane
49865.png,truck
49866.png,ship
49867.png,dog
49868.png,dog
49869.png,airplane
49870.png,airplane
49871.png,bird
49872.png,automobile
49873.png,cat
49874.png,automobile
49875.png,frog
49876.png,automobile
49877.png,ship
49878.png,bird
49879.png,truck
49880.png,truck
49881.png,truck
49882.png,bird
49883.png,dog
49884.png,dog
49885.png,dog
49886.png,horse
49887.png,automobile
49888.png,ship
49889.png,bird
49890.png,truck
49891.png,dog
49892.png,airplane
49893.png,frog
49894.png,horse
49895.png,automobile
49896.png,deer
49897.png,cat
49898.png,ship
49899.png,deer
49900.png,ship
49901.png,cat
49902.png,cat
49903.png,deer
49904.png,horse
49905.png,truck
49906.png,ship
49907.png,cat
49908.png,horse
49909.png,truck
49910.png,frog
49911.png,ship
49912.png,truck
49913.png,horse
49914.png,automobile
49915.png,bird
49916.png,ship
49917.png,ship
49918.png,truck
49919.png,cat
49920.png,automobile
49921.png,dog
49922.png,airplane
49923.png,cat
49924.png,frog
49925.png,ship
49926.png,horse
49927.png,truck
49928.png,dog
49929.png,frog
49930.png,frog
49931.png,airplane
49932.png,truck
49933.png,automobile
49934.png,automobile
49935.png,cat
49936.png,horse
49937.png,ship
49938.png,automobile
49939.png,dog
49940.png,horse
49941.png,cat
49942.png,airplane
49943.png,horse
49944.png,horse
49945.png,cat
49946.png,truck
49947.png,deer
49948.png,deer
49949.png,frog
49950.png,frog
49951.png,deer
49952.png,deer
49953.png,frog
49954.png,ship
49955.png,deer
49956.png,ship
49957.png,bird
49958.png,dog
49959.png,cat
49960.png,automobile
49961.png,ship
49962.png,horse
49963.png,frog
49964.png,truck
49965.png,dog
49966.png,horse
49967.png,frog
49968.png,ship
49969.png,ship
49970.png,bird
49971.png,cat
49972.png,truck
49973.png,bird
49974.png,automobile
49975.png,deer
49976.png,cat
49977.png,ship
49978.png,automobile
49979.png,horse
49980.png,cat
49981.png,dog
49982.png,deer
49983.png,cat
49984.png,cat
49985.png,deer
49986.png,ship
49987.png,horse
49988.png,bird
49989.png,dog
49990.png,automobile
49991.png,deer
49992.png,bird
49993.png,airplane
49994.png,automobile
49995.png,airplane
49996.png,bird
49997.png,frog
49998.png,truck
49999.png,automobile
50000.png,automobile